replication_doi,paper_folder,source,stratum,in_catalog,converted,discipline_group,expected_result,expected_type,external_row_ids,note,discipline,subdiscipline,discipline_source
10.1037/edu0000095,10.1037--edu0000095,flora,flora:success,False,False,lang_edu,success,,flora_285,,education,,production_db
10.3390/su12083069,10.3390--su12083069,flora,flora:success,True,True,other,success,,flora_99,,environmental science,"management, monitoring, policy and law",production_db
10.1080/13561820.2016.1233096,10.1080--13561820.2016.1233096,flora,flora:success,True,True,lang_edu,success,,flora_51,,education,higher education,production_db
10.1002/npr2.70078,10.1002--npr2.70078,flora,flora:success,True,True,biomed,success,,flora_17,,medical fields,psychiatry,production_db
10.17705/1atrr.00014,10.17705--1atrr.00014,flora,flora:success,False,False,socsci,success,,flora_447,,business & management,management,production_db
10.1007/s11145-018-9858-1,10.1007--s11145-018-9858-1,flora,flora:success,False,False,lang_edu,success,,flora_239,,linguistics,psycholinguistics,production_db
10.1371/journal.pone.0053234,10.1371--journal.pone.0053234,flora,flora:success,False,False,biomed,success,,flora_438,,biology,genetics,production_db
10.1080/10510974.2018.1466718,10.1080--10510974.2018.1466718,flora,flora:success,False,False,lang_edu,success,,flora_111;flora_112;flora_113,,education,,production_db
10.3102/0013189x20922993,10.3102--0013189x20922993,flora,flora:success,False,False,lang_edu,success,,flora_203,,education,higher education,production_db
10.1111/j.1743-6109.2010.01970.x,10.1111--j.1743-6109.2010.01970.x,flora,flora:success,True,True,biomed,success,,flora_373,,medical fields,psychiatry,production_db
10.17605/osf.io/ehjdm,10.17605--osf.io--ehjdm,flora,flora:success,True,True,psych,success,,flora_6,,psychology,judgment and decision making,production_db
10.1521/pedi_2013_27_117,10.1521--pedi_2013_27_117,flora,flora:success,False,False,psych,success,,flora_443,,psychology,personality psychology,production_db
10.1080/02619768.2014.882308,10.1080--02619768.2014.882308,flora,flora:success,False,False,psych,success,,flora_310,,psychology,social psychology,production_db
10.1525/mp.2012.30.2.161,10.1525--mp.2012.30.2.161,flora,flora:success,False,False,psych,success,,flora_93,,psychology,personality psychology,production_db
10.1080/09658211.2023.2198327,10.1080--09658211.2023.2198327,flora,flora:success,True,True,psych,success,,flora_315,,psychology,cognitive psychology,production_db
10.1017/s1930297500002941,10.1017--s1930297500002941,flora,flora:success,False,False,psych,success,,flora_145,,psychology,judgment and decision making,production_db
10.1177/0022219419897268,10.1177--0022219419897268,flora,flora:success,False,False,psych,success,,flora_402,,psychology,cognitive psychology,production_db
10.1007/s40732-020-00396-0,10.1007--s40732-020-00396-0,flora,flora:success,True,True,psych,success,,flora_482,,psychology,clinical psychology,production_db
10.1037/edu0000146,10.1037--edu0000146,flora,flora:success,False,False,psych,success,,flora_40,,psychology,educational psychology,production_db
10.1007/s00426-019-01203-4,10.1007--s00426-019-01203-4,flora,flora:success,True,True,psych,success,,flora_105,,psychology,consumer psychology / marketing,production_db
10.17605/osf.io/82bwv,10.17605--osf.io--82bwv,flora,flora:failure,True,True,biomed,failure,,flora_5,,neuroscience,cognitive neuroscience,production_db
10.1017/s0142716423000127,10.1017--s0142716423000127,flora,flora:failure,False,False,lang_edu,failure,,flora_275,,linguistics,second language acquisition,production_db
10.1080/00330124.2012.681509,10.1080--00330124.2012.681509,flora,flora:failure,False,False,other,failure,,flora_46,,environmental science,"management, monitoring, policy and law",production_db
10.1007/s10664-025-10739-6,10.1007--s10664-025-10739-6,flora,flora:failure,True,True,other,failure,,flora_229,,human-computer interaction,,production_db
10.1002/smj.2905,10.1002--smj.2905,flora,flora:failure,False,False,socsci,failure,,flora_223,,business & management,management,production_db
10.1002/smj.2579,10.1002--smj.2579,flora,flora:failure,True,True,socsci,failure,,flora_18,,business & management,management,production_db
10.1016/j.cortex.2022.12.003,10.1016--j.cortex.2022.12.003,flora,flora:failure,False,False,biomed,failure,,flora_454,,neuroscience,cognitive neuroscience,production_db
10.1017/s0261444815000087,10.1017--s0261444815000087,flora,flora:failure,False,False,lang_edu,failure,,flora_138,,linguistics,second language acquisition,production_db
10.21203/rs.3.rs-8351701/v1,10.21203--rs.3.rs-8351701--v1,flora,flora:failure,False,False,biomed,failure,,flora_94,,neuroscience,cognitive neuroscience,production_db
10.1101/2021.11.30.470372,10.1101--2021.11.30.470372,flora,flora:failure,False,False,biomed,failure,,flora_107,,biology,cancer biology,production_db
10.1098/rsos.231240,10.1098--rsos.231240,flora,flora:failure,True,True,psych,failure,,flora_3,,psychology,cognitive psychology,production_db
10.1177/2515245920903079,10.1177--2515245920903079,flora,flora:failure,True,True,psych,failure,,flora_88,,psychology,cognitive psychology,production_db
10.1037/xge0000644,10.1037--xge0000644,flora,flora:failure,False,False,psych,failure,,flora_298,,psychology,judgment and decision making,production_db
10.1080/02699931.2018.1429389,10.1080--02699931.2018.1429389,flora,flora:failure,True,True,psych,failure,,flora_162,,psychology,social psychology,production_db
10.1111/psyp.13546,10.1111--psyp.13546,flora,flora:failure,True,True,psych,failure,,flora_74,,psychology,psychophysiology,production_db
10.1080/02699931.2015.1136270,10.1080--02699931.2015.1136270,flora,flora:failure,False,False,psych,failure,,flora_161,,psychology,clinical psychology,production_db
10.1073/pnas.2103313118,10.1073--pnas.2103313118,flora,flora:failure,True,True,psych,failure,,flora_12,,psychology,consumer psychology / marketing,production_db
10.3389/fpsyg.2018.02476,10.3389--fpsyg.2018.02476,flora,flora:failure,False,False,psych,failure,,flora_459,,psychology,cognitive psychology,production_db
10.1177/0956797619837942,10.1177--0956797619837942,flora,flora:failure,False,False,psych,failure,,flora_405,,psychology,cognitive psychology,production_db
10.1037/edu0000965,10.1037--edu0000965,flora,flora:failure,True,True,psych,failure,,flora_291,,psychology,developmental psychology,production_db
10.1007/s10882-014-9400-6,10.1007--s10882-014-9400-6,flora,flora:inconclusive,True,True,lang_edu,inconclusive,,flora_236,,education,special education,production_db
10.1097/acm.0000000000002311,10.1097--acm.0000000000002311,flora,flora:inconclusive,False,False,lang_edu,inconclusive,,flora_342,,education,medical education,production_db
10.1002/pits.22364,10.1002--pits.22364,flora,flora:inconclusive,False,False,lang_edu,inconclusive,,flora_222,,education,special education,production_db
10.1158/1055-9965.epi-11-0870-t,10.1158--1055-9965.epi-11-0870-t,flora,flora:inconclusive,False,False,biomed,inconclusive,,flora_395,,medical fields,oncology,production_db
10.1016/j.jml.2022.104352,10.1016--j.jml.2022.104352,flora,flora:inconclusive,False,False,lang_edu,inconclusive,,flora_128,,linguistics,phonetics and phonology,production_db
10.1111/desc.13080,10.1111--desc.13080,flora,flora:inconclusive,False,False,lang_edu,inconclusive,,flora_368,,education,mathematics education,production_db
10.1016/0163-6383(90)90029-8,10.1016--0163-6383(90)90029-8,flora,flora:inconclusive,False,False,biomed,inconclusive,,flora_513,,medical fields,pediatrics,production_db
10.1016/j.ynirp.2022.100147,10.1016--j.ynirp.2022.100147,flora,flora:inconclusive,False,False,biomed,inconclusive,,flora_486,,neuroscience,cognitive neuroscience,production_db
10.1108/neje-04-2020-0005,10.1108--neje-04-2020-0005,flora,flora:inconclusive,False,False,lang_edu,inconclusive,,flora_353,,education,higher education,production_db
10.1017/xps.2017.22,10.1017--xps.2017.22,flora,flora:inconclusive,False,False,socsci,inconclusive,,flora_279,,political science,,production_db
10.1371/journal.pone.0209704,10.1371--journal.pone.0209704,flora,flora:inconclusive,False,False,psych,inconclusive,,flora_440,,psychology,social psychology,production_db
10.1002/cpp.686,10.1002--cpp.686,flora,flora:inconclusive,False,False,psych,inconclusive,,flora_215,,psychology,clinical psychology,production_db
10.1007/s11251-018-9451-7,10.1007--s11251-018-9451-7,flora,flora:inconclusive,False,False,psych,inconclusive,,flora_245,,psychology,educational psychology,production_db
10.1007/s10648-019-09468-2,10.1007--s10648-019-09468-2,flora,flora:inconclusive,False,False,psych,inconclusive,,flora_121,,psychology,cognitive psychology,production_db
10.1002/ejsp.2175,10.1002--ejsp.2175,flora,flora:inconclusive,True,True,psych,inconclusive,,flora_473,,psychology,cognitive psychology,production_db
10.1037/xge0000788,10.1037--xge0000788,flora,flora:inconclusive,True,True,psych,inconclusive,,flora_154,,psychology,social psychology,production_db
10.1525/collabra.216,10.1525--collabra.216,flora,flora:inconclusive,False,False,psych,inconclusive,,flora_92,,psychology,organizational psychology,production_db
10.5964/jnc.7047,10.5964--jnc.7047,flora,flora:inconclusive,False,False,psych,inconclusive,,flora_208,,psychology,developmental psychology,production_db
10.1525/collabra.168,10.1525--collabra.168,flora,flora:inconclusive,False,False,psych,inconclusive,,flora_192,,psychology,cognitive psychology,production_db
10.1177/1948550618775410,10.1177--1948550618775410,flora,flora:inconclusive,True,True,psych,inconclusive,,flora_83,,psychology,cognitive psychology,production_db
10.1016/j.dcn.2017.12.003,10.1016--j.dcn.2017.12.003,fred_v242,fred:success,True,True,psych,success,,fred_304,,psychology,developmental psychology,production_db
10.17605/osf.io/knjhu,10.17605--osf.io--knjhu,fred_v242,fred:success,True,True,psych,success,,fred_280,,psychology,judgment and decision making,production_db
10.17605/osf.io/ahcpw,10.17605--osf.io--ahcpw,fred_v242,fred:success,True,True,psych,success,,fred_296,,psychology,judgment and decision making,production_db
10.17605/osf.io/wmqtb,10.17605--osf.io--wmqtb,fred_v242,fred:success,True,True,psych,success,,fred_2;fred_3;fred_4;fred_5;fred_7;fred_9,,psychology,cognitive psychology,production_db
10.17605/osf.io/4hjck,10.17605--osf.io--4hjck,fred_v242,fred:success,True,True,psych,success,,fred_205,,psychology,judgment and decision making,production_db
10.1097/psy.0b013e3181fdd074,10.1097--psy.0b013e3181fdd074,fred_v242,fred:success,True,True,biomed,success,,fred_221,,medical fields,psychiatry,production_db
10.17605/osf.io/w34fb,10.17605--osf.io--w34fb,fred_v242,fred:success,True,True,psych,success,,fred_295,,psychology,social psychology,production_db
10.1037/a0024923,10.1037--a0024923,fred_v242,fred:success,True,True,psych,success,,fred_218,,psychology,social psychology,production_db
10.31234/osf.io/esu9z,10.31234--osf.io--esu9z,fred_v242,fred:success,True,True,psych,success,,fred_32,,psychology,social psychology,production_db
10.31234/osf.io/3bhja,10.31234--osf.io--3bhja,fred_v242,fred:failure,True,True,psych,failure,,fred_207;fred_208;fred_281;fred_282;fred_283,,psychology,social psychology,production_db
10.1177/2515245920958687,10.1177--2515245920958687,fred_v242,fred:failure,True,True,psych,failure,,fred_245;fred_246,,psychology,social psychology,production_db
10.17605/osf.io/j9mfn,10.17605--osf.io--j9mfn,fred_v242,fred:failure,True,True,psych,failure,,fred_300;fred_301;fred_302;fred_303,,psychology,social psychology,production_db
10.48550/arxiv.1605.00178,10.48550--arxiv.1605.00178,fred_v242,fred:failure,True,True,lang_edu,failure,,fred_225;fred_226;fred_227;fred_228;fred_229;fred_230,,linguistics,psycholinguistics,production_db
10.17605/osf.io/j3ue4,10.17605--osf.io--j3ue4,fred_v242,fred:failure,True,True,psych,failure,,fred_6;fred_8;fred_10;fred_12;fred_15,,psychology,social psychology,production_db
10.1177/1948550618808863,10.1177--1948550618808863,fred_v242,fred:failure,True,True,psych,failure,,fred_212;fred_213,,psychology,social psychology,production_db
10.1002/rrq.62,10.1002--rrq.62,fred_v242,fred:inconclusive,True,True,lang_edu,inconclusive,,fred_298,,education,,production_db
10.1037/0022-3514.83.2.406,10.1037--0022-3514.83.2.406,fred_v242,fred:inconclusive,True,True,psych,inconclusive,,fred_99;fred_100,,psychology,social psychology,production_db
10.1016/j.cogdev.2017.10.004,10.1016--j.cogdev.2017.10.004,fred_v242,fred:inconclusive,True,True,psych,inconclusive,,fred_222,,psychology,cognitive psychology,production_db
10.1002/pits.22027,10.1002--pits.22027,fred_v242,fred:inconclusive,True,True,lang_edu,inconclusive,,fred_233;fred_234;fred_235;fred_236;fred_237;fred_238,,education,,production_db
10.1080/09658211.2011.590505,10.1080--09658211.2011.590505,fred_v242,fred:inconclusive,True,True,psych,inconclusive,,fred_263;fred_264;fred_265,,psychology,cognitive psychology,production_db
10.1111/bjso.12217,10.1111--bjso.12217,fred_v242,fred:inconclusive,True,True,psych,inconclusive,,fred_219;fred_220,,psychology,social psychology,production_db
10.18718/81781.23,10.18718--81781.23,fred_v242,fred:inconclusive,True,True,socsci,inconclusive,,fred_107;fred_108;fred_109;fred_110;fred_111;fred_112,,economics,macroeconomics,production_db
10.18718/81781.29,10.18718--81781.29,fred_v242,fred:inconclusive,True,True,socsci,inconclusive,,fred_162;fred_176;fred_177;fred_178;fred_179;fred_180,,economics,labor economics,production_db
10.1002/ejsp.2748,10.1002--ejsp.2748,main_gt_human,main_gt_human,False,False,other,success,,mainf_ba5c51248e,prior_exposure=yes (Dan has seen pipeline output for these papers),psychology,cognitive psychology,production_db
10.1016/j.actpsy.2020.103138,10.1016--j.actpsy.2020.103138,main_gt_human,main_gt_human,True,True,psych,success,,mainf_66fa4788f8,prior_exposure=yes (Dan has seen pipeline output for these papers),psychology,developmental psychology,production_db
10.1016/j.actpsy.2022.103717,10.1016--j.actpsy.2022.103717,main_gt_human,main_gt_human,True,True,psych,failure,,mainf_a2b6f468cd,prior_exposure=yes (Dan has seen pipeline output for these papers),psychology,consumer psychology / marketing,production_db
10.1016/j.intell.2020.101471,10.1016--j.intell.2020.101471,main_gt_human,main_gt_human,True,True,psych,failure,,mainf_3688a0dc7a,prior_exposure=yes (Dan has seen pipeline output for these papers),psychology,social psychology,production_db
10.1016/j.jesp.2023.104549,10.1016--j.jesp.2023.104549,main_gt_human,main_gt_human,True,True,other,failure,,mainf_72fbf7d05c;mainf_f61e10fa5c,prior_exposure=yes (Dan has seen pipeline output for these papers),psychology,cognitive psychology,production_db
10.1098/rsos.210641,10.1098--rsos.210641,main_gt_human,main_gt_human,True,True,psych,success,,mainf_f69e708375;mainf_d05d14818f;mainf_52894d82df,prior_exposure=yes (Dan has seen pipeline output for these papers),psychology,social psychology,production_db
10.1177/01461672211052120,10.1177--01461672211052120,main_gt_human,main_gt_human,False,False,biomed,failure,,mainf_cf2790f362,prior_exposure=yes (Dan has seen pipeline output for these papers),psychology,experimental philosophy,production_db
10.1177/0956797617747090,10.1177--0956797617747090,main_gt_human,main_gt_human,False,False,psych,success,,mainf_5711a463c7,prior_exposure=yes (Dan has seen pipeline output for these papers),psychology,social psychology,production_db
10.1525/collabra.185,10.1525--collabra.185,main_gt_human,main_gt_human,True,True,psych,success,,mainf_01059a4ba3;mainf_ed873efa07;mainf_2a8e6fa66b,prior_exposure=yes (Dan has seen pipeline output for these papers),psychology,social psychology,production_db
10.1525/collabra.277,10.1525--collabra.277,main_gt_human,main_gt_human,True,True,psych,failure,,mainf_20277dcfde,prior_exposure=yes (Dan has seen pipeline output for these papers),psychology,social psychology,production_db
10.31234/osf.io/drfht,10.31234--osf.io--drfht,main_gt_human,main_gt_human,True,True,biomed,inconclusive,,mainf_8c2a51dec6,prior_exposure=yes (Dan has seen pipeline output for these papers),neuroscience,cognitive neuroscience,production_db
10.3389/fpsyg.2014.00786,10.3389--fpsyg.2014.00786,main_gt_human,main_gt_human,True,True,other,success,,mainf_5df2ffe3fd,prior_exposure=yes (Dan has seen pipeline output for these papers),psychology,social psychology,production_db
10.1027/1864-9335/a000186,10.1027--1864-9335--a000186,main_gt_human,main_gt_human,True,True,biomed,inconclusive,,mainf_fc2d5dc9fe;mainf_e1dc8d815b,prior_exposure=yes (Dan has seen pipeline output for these papers),psychology,cognitive psychology,production_db
10.1016/j.jesp.2020.104052,10.1016--j.jesp.2020.104052,main_gt_human,main_gt_human,True,True,other,failure,,mainf_e0e12977e6,prior_exposure=yes (Dan has seen pipeline output for these papers),psychology,social psychology,production_db
10.1371/journal.pone.0029081,10.1371--journal.pone.0029081,main_gt_human,main_gt_human,True,True,psych,failure,,mainf_4a16210cbe,prior_exposure=yes (Dan has seen pipeline output for these papers),psychology,social psychology,production_db
10.1177/2515245918777487,10.1177--2515245918777487,main_gt_human,main_gt_human,True,True,psych,failure,,mainf_3dc6d2cee6,prior_exposure=yes (Dan has seen pipeline output for these papers),psychology,social psychology,production_db
10.1177/1745691618755704,10.1177--1745691618755704,main_gt_human,main_gt_human,True,True,psych,failure,,mainf_2d568f212f,prior_exposure=yes (Dan has seen pipeline output for these papers),psychology,social psychology,production_db
10.1177/2515245918781032,10.1177--2515245918781032,main_gt_human,main_gt_human,True,True,psych,failure,,mainf_9a8b122d8c,prior_exposure=yes (Dan has seen pipeline output for these papers),psychology,social psychology,production_db
10.1371/journal.pone.0042510,10.1371--journal.pone.0042510,main_gt_human,main_gt_human,True,True,psych,failure,,mainf_ded11be2a9,prior_exposure=yes (Dan has seen pipeline output for these papers),psychology,social psychology,production_db
10.1177/1745691616664694,10.1177--1745691616664694,main_gt_human,main_gt_human,True,True,psych,failure,,mainf_5573c20497,prior_exposure=yes (Dan has seen pipeline output for these papers),psychology,social psychology,production_db
10.1257/mac.6.3.1,10.1257--mac.6.3.1,main_gt_human,main_gt_human,False,False,socsci,failure,,mainf_86241f5ed5,prior_exposure=yes (Dan has seen pipeline output for these papers),economics,development economics,production_db
10.1111/j.1540-6261.2012.01744.x,10.1111--j.1540-6261.2012.01744.x,main_gt_human,main_gt_human,False,False,socsci,failure,,mainf_0715da0871,prior_exposure=yes (Dan has seen pipeline output for these papers),economics,finance & financial economics,production_db
10.23846/rps0002,10.23846--rps0002,main_gt_human,main_gt_human,True,True,socsci,failure,,mainf_62b2a670fc,prior_exposure=yes (Dan has seen pipeline output for these papers),economics,development economics,production_db
10.1177/1091142114537893,10.1177--1091142114537893,main_gt_human,main_gt_human,False,False,socsci,failure,,mainf_a7f158b2c0,prior_exposure=yes (Dan has seen pipeline output for these papers),economics,political economy,production_db
10.1007/s00181-005-0242-z,10.1007--s00181-005-0242-z,main_gt_human,main_gt_human,True,True,socsci,failure,,mainf_4b29ee1c0d,prior_exposure=yes (Dan has seen pipeline output for these papers),economics,energy & environmental economics,production_db
10.1007/s00181-018-1457-0,10.1007--s00181-018-1457-0,main_gt_human,main_gt_human,True,True,socsci,failure,,mainf_820e3ec4ea,prior_exposure=yes (Dan has seen pipeline output for these papers),economics,labor economics,production_db
10.7554/elife.51019,10.7554--elife.51019,biomed_initiative,biomed:RP:CB,True,True,biomed,failure,direct,,,biology,cancer biology,production_db
10.7554/elife.04363,10.7554--elife.04363,biomed_initiative,biomed:RP:CB,True,True,biomed,failure,direct,,,biology,cancer biology,production_db
10.7554/elife.11566,10.7554--elife.11566,biomed_initiative,biomed:RP:CB,True,True,biomed,success,direct,,,biology,cancer biology,production_db
10.7554/elife.11999,10.7554--elife.11999,biomed_initiative,biomed:RP:CB,True,True,biomed,inconclusive,direct,,,biology,cancer biology,production_db
10.7554/elife.09976,10.7554--elife.09976,biomed_initiative,biomed:RP:CB,True,True,biomed,inconclusive,direct,,,biology,cancer biology,production_db
10.7554/elife.45426,10.7554--elife.45426,biomed_initiative,biomed:RP:CB,True,True,biomed,failure,direct,,,biology,cancer biology,production_db
10.7554/elife.11414,10.7554--elife.11414,biomed_initiative,biomed:RP:CB,True,True,biomed,inconclusive,direct,,,biology,cancer biology,production_db
10.7554/elife.17584,10.7554--elife.17584,biomed_initiative,biomed:RP:CB,True,True,biomed,failure,direct,,,biology,cancer biology,production_db
10.7554/elife.26030,10.7554--elife.26030,biomed_initiative,biomed:RP:CB,True,True,biomed,inconclusive,direct,,,biology,cancer biology,production_db
10.7554/elife.21253,10.7554--elife.21253,biomed_initiative,biomed:RP:CB,True,True,biomed,failure,direct,,,biology,cancer biology,production_db
10.7554/elife.45120,10.7554--elife.45120,biomed_initiative,biomed:RP:CB,True,True,biomed,success,direct,,,biology,cancer biology,production_db
10.7554/elife.17044,10.7554--elife.17044,biomed_initiative,biomed:RP:CB,True,True,biomed,success,direct,,,biology,cancer biology,production_db
10.7554/elife.56651,10.7554--elife.56651,biomed_initiative,biomed:RP:CB,True,True,biomed,success,direct,,,biology,cancer biology,production_db
10.7554/elife.43511,10.7554--elife.43511,biomed_initiative,biomed:RP:CB,True,True,biomed,inconclusive,direct,,,biology,cancer biology,production_db
10.7554/elife.25306,10.7554--elife.25306,biomed_initiative,biomed:RP:CB,True,True,biomed,inconclusive,direct,,,biology,cancer biology,production_db
10.7554/elife.29747,10.7554--elife.29747,biomed_initiative,biomed:RP:CB,True,True,biomed,inconclusive,direct,,,biology,cancer biology,production_db
10.7554/elife.18173,10.7554--elife.18173,biomed_initiative,biomed:RP:CB,True,True,biomed,failure,direct,,,biology,cancer biology,production_db
10.7554/elife.34364,10.7554--elife.34364,biomed_initiative,biomed:RP:CB,True,True,biomed,inconclusive,direct,,,biology,cancer biology,production_db
10.7554/elife.39944,10.7554--elife.39944,biomed_initiative,biomed:RP:CB,True,True,biomed,failure,direct,,,biology,cancer biology,production_db
10.7554/elife.21634,10.7554--elife.21634,biomed_initiative,biomed:RP:CB,True,True,biomed,failure,direct,,,biology,cancer biology,production_db
10.7554/elife.10860,10.7554--elife.10860,biomed_initiative,biomed:RP:CB,True,True,biomed,failure,direct,,,biology,cancer biology,production_db
10.7554/elife.30274,10.7554--elife.30274,biomed_initiative,biomed:RP:CB,True,True,biomed,failure,direct,,,biology,cancer biology,production_db
10.7554/elife.25801,10.7554--elife.25801,biomed_initiative,biomed:RP:CB,True,True,biomed,failure,direct,,,biology,cancer biology,production_db
10.1101/2025.04.02.645026,10.1101--2025.04.02.645026,biomed_initiative,biomed:BRI,True,True,biomed,failure,direct,,,biology,cell biology,production_db
10.1007/s40279-025-02201-w,10.1007--s40279-025-02201-w,biomed_initiative,biomed:RSESR,True,True,biomed,failure,direct,,,sports and exercise science,sports and exercise science,production_db
10.1186/1471-2350-13-27,10.1186--1471-2350-13-27,medical_slice,medical:cardiovascular medicine,True,True,biomed,failure,direct,,,medical fields,cardiovascular medicine,production_db
10.1046/j.1365-2133.1996.d01-1096.x,10.1046--j.1365-2133.1996.d01-1096.x,medical_slice,medical:dermatology,True,True,biomed,failure,conceptual,,,medical fields,dermatology,production_db
10.1158/1055-9965.epi-08-1223,10.1158--1055-9965.epi-08-1223,medical_slice,medical:epidemiology,True,True,biomed,success,close extension,,,medical fields,epidemiology,production_db
10.1186/s12913-023-09505-5,10.1186--s12913-023-09505-5,medical_slice,medical:geriatric care,True,True,biomed,inconclusive,close extension,,,medical fields,geriatric care,production_db
10.1371/journal.pone.0284404,10.1371--journal.pone.0284404,medical_slice,medical:immunology,True,True,biomed,failure,direct,,,medical fields,immunology,production_db
10.1016/0022-3999(93)90123-w,10.1016--0022-3999(93)90123-w,prod_slice,prod:inconclusive_or_reversal,True,True,biomed,inconclusive,close experiment,,,medical fields,psychosomatic medicine,production_db
10.1080/17470218.2016.1253756,10.1080--17470218.2016.1253756,prod_slice,prod:inconclusive_or_reversal,True,True,psych,inconclusive,close extension,,,psychology,cognitive psychology,production_db
10.3389/fninf.2018.00046,10.3389--fninf.2018.00046,prod_slice,prod:inconclusive_or_reversal,True,True,biomed,inconclusive,close experiment,,,neuroscience,cognitive neuroscience,production_db
10.1002/ijc.23682,10.1002--ijc.23682,prod_slice,prod:inconclusive_or_reversal,True,True,biomed,inconclusive,direct,,,biology,genetics,production_db
10.1016/0006-8993(90)90328-9,10.1016--0006-8993(90)90328-9,prod_slice,prod:inconclusive_or_reversal,True,True,biomed,inconclusive,direct,,,neuroscience,behavioral neuroscience,production_db
10.1177/0022022100031003001,10.1177--0022022100031003001,prod_slice,prod:inconclusive_or_reversal,True,True,psych,inconclusive,close extension,,,psychology,social psychology,production_db
10.1016/j.neurobiolaging.2009.09.004,10.1016--j.neurobiolaging.2009.09.004,prod_slice,prod:inconclusive_or_reversal,True,True,biomed,failure,close experiment,,,medical fields,epidemiology,production_db
10.1111/famp.12710,10.1111--famp.12710,prod_slice,prod:inconclusive_or_reversal,True,True,psych,success,close extension,,,psychology,clinical psychology,production_db
10.1007/s10508-025-03297-x,10.1007--s10508-025-03297-x,prod_slice,prod:inconclusive_or_reversal,True,True,psych,inconclusive,close experiment,,,psychology,social psychology,production_db
10.1177/1534508420953894,10.1177--1534508420953894,prod_slice,prod:inconclusive_or_reversal,True,True,psych,inconclusive,direct,,,psychology,educational psychology,production_db
10.1007/s40616-014-0012-0,10.1007--s40616-014-0012-0,prod_slice,prod:inconclusive_or_reversal,True,True,psych,inconclusive,direct,,,psychology,developmental psychology,production_db
10.1023/a:1024223916710,10.1023--a~1024223916710,prod_slice,prod:inconclusive_or_reversal,True,True,socsci,inconclusive,close extension,,,economics,macroeconomics,production_db
10.1002/art.39932,10.1002--art.39932,prod_slice,prod:inconclusive_or_reversal,True,True,biomed,failure,close extension,,,medical fields,medical genetics,production_db
10.1371/journal.pone.0110118,10.1371--journal.pone.0110118,prod_slice,prod:inconclusive_or_reversal,True,True,psych,inconclusive,close experiment,,,psychology,cognitive psychology,production_db
10.1371/journal.pone.0210327,10.1371--journal.pone.0210327,prod_slice,prod:inconclusive_or_reversal,True,True,biomed,inconclusive,direct_or_close,,,medical fields,pharmacology and toxicology,production_db
10.5018/economics-ejournal.ja.2018-3,10.5018--economics-ejournal.ja.2018-3,prod_slice,prod:inconclusive_or_reversal,True,True,socsci,reversal,direct_or_close,,,economics,development economics,production_db
10.1177/073953298600700307,10.1177--073953298600700307,prod_slice,prod:inconclusive_or_reversal,True,True,socsci,inconclusive,direct,,,sociology,,production_db
10.1080/02699931.2020.1719982,10.1080--02699931.2020.1719982,prod_slice,prod:inconclusive_or_reversal,True,True,psych,inconclusive,conceptual,,,psychology,cognitive psychology,production_db
10.3389/fnhum.2020.00265,10.3389--fnhum.2020.00265,prod_slice,prod:inconclusive_or_reversal,True,True,biomed,inconclusive,close experiment,,,neuroscience,cognitive neuroscience,production_db
10.1016/j.jsat.2013.07.013,10.1016--j.jsat.2013.07.013,prod_slice,prod:inconclusive_or_reversal,True,True,biomed,inconclusive,close experiment,,,medical fields,pharmacology and toxicology,production_db
10.1017/s0003055405051658,10.1017--s0003055405051658,replication_wiki,repwiki:econ,True,True,socsci,reversal,direct_or_close,,,political science,political economy,production_db
10.3386/w21801,10.3386--w21801,replication_wiki,repwiki:econ,True,True,socsci,success,direct_or_close,,,economics,labor economics,production_db
10.1002/jae.2886,10.1002--jae.2886,replication_wiki,repwiki:econ,True,True,socsci,success,direct_or_close,,,economics,econometric methods,production_db
10.1111/sjoe.12341,10.1111--sjoe.12341,replication_wiki,repwiki:econ,True,True,socsci,failure,direct_or_close,,,economics,development economics,production_db
10.1257/aer.104.3.1072,10.1257--aer.104.3.1072,replication_wiki,repwiki:econ,True,True,socsci,failure,direct_or_close,,,economics,macroeconomics,production_db
10.1371/journal.pone.0051382,10.1371--journal.pone.0051382,curate_science,curate,True,True,psych,success,direct_or_close,,,psychology,cognitive psychology,production_db
10.1177/0956797613486983,10.1177--0956797613486983,curate_science,curate,True,True,psych,failure,direct_or_close,,,psychology,social psychology,production_db
10.1177/1745691615605826,10.1177--1745691615605826,curate_science,curate,True,True,psych,failure,direct,,,psychology,criminology,production_db
10.1016/j.jesp.2015.09.003,10.1016--j.jesp.2015.09.003,curate_science,curate,True,True,psych,inconclusive,direct_or_close,,,psychology,cognitive psychology,production_db
10.1007/s10648-015-9332-4,10.1007--s10648-015-9332-4,curate_science,curate,True,True,psych,failure,direct_or_close,,,psychology,social psychology,production_db
10.3758/s13421-017-0708-1,10.3758--s13421-017-0708-1,reversal_stratum,reversal:labelled,True,True,psych,reversal,conceptual,,,psychology,cognitive psychology,production_db
10.1371/journal.pone.0108269,10.1371--journal.pone.0108269,reversal_stratum,reversal:labelled,True,True,psych,reversal,conceptual,,,psychology,cognitive psychology,production_db
10.3758/s13423-020-01834-4,10.3758--s13423-020-01834-4,reversal_stratum,reversal:labelled,True,True,socsci,success,direct,,,economics,behavioral and experimental economics,production_db
10.1098/rsos.181868,10.1098--rsos.181868,reversal_stratum,reversal:labelled,True,True,psych,reversal,direct_or_close,,,psychology,psychophysics,production_db
10.1016/j.strueco.2018.01.002,10.1016--j.strueco.2018.01.002,reversal_stratum,reversal:labelled,True,True,socsci,reversal,direct_or_close,,,economics,macroeconomics,production_db
10.3758/s13421-023-01471-x,10.3758--s13421-023-01471-x,reversal_stratum,reversal:labelled,True,True,psych,failure,close experiment,,,psychology,cognitive psychology,production_db
10.1007/s11205-005-5074-x,10.1007--s11205-005-5074-x,reversal_stratum,reversal:labelled,True,True,socsci,reversal,direct_or_close,,,economics,behavioral and experimental economics,production_db
10.1016/j.neuroimage.2008.04.023,10.1016--j.neuroimage.2008.04.023,reversal_stratum,reversal:labelled,True,True,biomed,success,close experiment,,,neuroscience,cognitive neuroscience,production_db
10.1001/archneurol.2011.155,10.1001--archneurol.2011.155,reversal_stratum,reversal:labelled,True,True,biomed,failure,direct,,,medical fields,neurology,production_db
10.1016/j.psyneuen.2016.08.017,10.1016--j.psyneuen.2016.08.017,reversal_stratum,reversal:opposite_wording_unlabelled,True,True,biomed,success,close extension,,,neuroscience,behavioral neuroscience,production_db
10.3758/s13421-024-01583-y,10.3758--s13421-024-01583-y,reversal_stratum,reversal:opposite_wording_unlabelled,True,True,psych,failure,close experiment,,,psychology,cognitive psychology,production_db
10.2466/pr0.2000.87.2.493,10.2466--pr0.2000.87.2.493,reversal_stratum,reversal:opposite_wording_unlabelled,True,True,psych,inconclusive,close experiment,,,psychology,social psychology,production_db
10.1016/j.leaqua.2022.101633,10.1016--j.leaqua.2022.101633,reversal_stratum,reversal:opposite_wording_unlabelled,True,True,psych,failure,conceptual,,,psychology,social psychology,production_db
10.1007/s12662-024-00979-x,10.1007--s12662-024-00979-x,reversal_stratum,reversal:opposite_wording_unlabelled,True,True,psych,inconclusive,close extension,,,psychology,sports psychology,production_db
10.1037/0096-3445.123.2.161,10.1037--0096-3445.123.2.161,negative_random,negative:random,True,True,biomed,,,,human must confirm non-replication [openalex: Neuroscience / Cognitive Neuroscience],neuroscience,,openalex
10.1037/a0020413,10.1037--a0020413,negative_random,negative:random,True,True,biomed,,,,human must confirm non-replication [openalex: Neuroscience / Cognitive Neuroscience],neuroscience,,openalex
10.1073/pnas.1616921114,10.1073--pnas.1616921114,negative_random,negative:random,True,True,socsci,,,,human must confirm non-replication [openalex: Social Sciences / Safety Research],sociology,,openalex?
10.1016/j.chb.2012.07.031,10.1016--j.chb.2012.07.031,negative_random,negative:random,True,True,psych,,,,human must confirm non-replication [openalex: Psychology / Developmental and Educational Psychology],psychology,,openalex
10.1037/0022-3514.75.6.1411,10.1037--0022-3514.75.6.1411,negative_random,negative:random,True,True,psych,,,,human must confirm non-replication [openalex: Decision Sciences / General Decision Sciences],psychology,,openalex?
10.1037/0021-9010.63.2.228,10.1037--0021-9010.63.2.228,negative_random,negative:random,True,True,psych,,,,human must confirm non-replication [openalex: Psychology / Social Psychology],psychology,,openalex
10.1177/0956797611419168,10.1177--0956797611419168,negative_random,negative:random,True,True,biomed,,,,human must confirm non-replication [openalex: Neuroscience / Cognitive Neuroscience],neuroscience,,openalex
10.1177/0956797614554955,10.1177--0956797614554955,negative_random,negative:random,True,True,psych,,,,human must confirm non-replication [openalex: Psychology / Experimental and Cognitive Psychology],psychology,,openalex
10.1192/bjp.138.4.321,10.1192--bjp.138.4.321,negative_random,negative:random,True,True,psych,,,,human must confirm non-replication [openalex: Psychology / Clinical Psychology],psychology,,openalex
10.1177/0956797618788882,10.1177--0956797618788882,negative_random,negative:random,True,True,psych,,,,human must confirm non-replication [openalex: Psychology / Experimental and Cognitive Psychology],psychology,,openalex
10.1080/13523260.2020.1868836,10.1080--13523260.2020.1868836,negative_random,negative:random,True,True,socsci,,,,human must confirm non-replication [openalex: Social Sciences / Political Science and International Relations],political science,,openalex
10.1037/pspa0000032,10.1037--pspa0000032,negative_random,negative:random,True,True,socsci,,,,human must confirm non-replication [openalex: Social Sciences / Sociology and Political Science],sociology,,openalex?
10.1016/j.cognition.2019.104157,10.1016--j.cognition.2019.104157,negative_random,negative:random,True,True,,,,,human must confirm non-replication [openalex: Arts and Humanities / History and Philosophy of Science],,,openalex?
10.1111/j.1467-9280.2008.02076.x,10.1111--j.1467-9280.2008.02076.x,negative_random,negative:random,True,True,socsci,,,,human must confirm non-replication [openalex: Social Sciences / Sociology and Political Science],sociology,,openalex?
10.1080/13803390701550110,10.1080--13803390701550110,negative_random,negative:random,True,True,biomed,,,,human must confirm non-replication [openalex: Neuroscience / Cognitive Neuroscience],neuroscience,,openalex
10.1016/0010-0277(83)90004-5,10.1016--0010-0277(83)90004-5,negative_random,negative:random,True,True,psych,,,,human must confirm non-replication [openalex: Psychology / Developmental and Educational Psychology],psychology,,openalex
10.1037/h0091247,10.1037--h0091247,negative_random,negative:random,True,True,biomed,,,,human must confirm non-replication [openalex: Neuroscience / Cognitive Neuroscience],neuroscience,,openalex
10.1038/s41598-018-24735-y,10.1038--s41598-018-24735-y,negative_adversarial,negative:adversarial,True,True,biomed,,,,"human must confirm non-replication [openalex: Biochemistry, Genetics and Molecular Biology / Genetics]",biology,,openalex
10.1038/mp.2011.142,10.1038--mp.2011.142,negative_adversarial,negative:adversarial,True,True,biomed,,,,human must confirm non-replication [openalex: Neuroscience / Cognitive Neuroscience],neuroscience,,openalex
10.1037/xge0000157,10.1037--xge0000157,negative_adversarial,negative:adversarial,True,True,psych,,,,human must confirm non-replication [openalex: Decision Sciences / General Decision Sciences],psychology,,openalex?
10.1001/jamapsychiatry.2015.0554,10.1001--jamapsychiatry.2015.0554,negative_adversarial,negative:adversarial,True,True,biomed,,,,"human must confirm non-replication [openalex: Biochemistry, Genetics and Molecular Biology / Genetics]",biology,,openalex
10.1038/ng.3434,10.1038--ng.3434,negative_adversarial,negative:adversarial,True,True,biomed,,,,human must confirm non-replication [openalex: Medicine / Rheumatology],medical fields,,openalex
10.1038/s41598-018-35209-6,10.1038--s41598-018-35209-6,negative_adversarial,negative:adversarial,True,True,biomed,,,,human must confirm non-replication,neuroscience,cognitive neuroscience,production_db
