replication_doi,paper_folder,source,stratum,in_catalog,converted,discipline_group,expected_result,expected_type,external_row_ids,note
10.1093/scan/nsy030,10.1093--scan--nsy030,flora,flora:success,False,False,biomed,success,,flora_341,
10.1111/lang.70019,10.1111--lang.70019,flora,flora:success,False,False,lang_edu,success,,flora_64,
10.1002/smj.3580,10.1002--smj.3580,flora,flora:success,False,False,socsci,success,,flora_225,
10.3102/0013189x20922993,10.3102--0013189x20922993,flora,flora:success,False,False,lang_edu,success,,flora_203,
10.1016/j.jsp.2017.07.006,10.1016--j.jsp.2017.07.006,flora,flora:success,True,True,lang_edu,success,,flora_259,
10.18564/jasss.4219,10.18564--jasss.4219,flora,flora:success,False,False,socsci,success,,flora_197,
10.1111/lang.12236,10.1111--lang.12236,flora,flora:success,False,False,lang_edu,success,,flora_385,
10.1002/smj.3453,10.1002--smj.3453,flora,flora:success,False,False,socsci,success,,flora_481,
10.1080/10508619.2019.1568142,10.1080--10508619.2019.1568142,flora,flora:success,True,True,psych,success,,flora_321,
10.1111/jpr.70014,10.1111--jpr.70014,flora,flora:success,False,False,psych,success,,flora_61,
10.1037/edu0000326,10.1037--edu0000326,flora,flora:success,False,False,psych,success,,flora_151,
10.1111/cdev.13559,10.1111--cdev.13559,flora,flora:success,False,False,psych,success,,flora_169,
10.1037/pspp0000104,10.1037--pspp0000104,flora,flora:success,True,True,psych,success,,flora_44,
10.1037/fam0000034,10.1037--fam0000034,flora,flora:success,False,False,psych,success,,flora_110,
10.1177/0022219419897268,10.1177--0022219419897268,flora,flora:success,False,False,psych,success,,flora_402,
10.1101/2020.07.10.197269,10.1101--2020.07.10.197269,flora,flora:failure,False,False,biomed,failure,,flora_502,
10.1080/00330124.2012.681509,10.1080--00330124.2012.681509,flora,flora:failure,False,False,other,failure,,flora_46,
10.1111/padm.12743,10.1111--padm.12743,flora,flora:failure,False,False,socsci,failure,,flora_65;flora_104,
10.1017/s0142716423000127,10.1017--s0142716423000127,flora,flora:failure,False,False,lang_edu,failure,,flora_275,
10.1101/2021.11.30.470372,10.1101--2021.11.30.470372,flora,flora:failure,False,False,biomed,failure,,flora_107,
10.1177/25152459241267902,10.1177--25152459241267902,flora,flora:failure,False,False,socsci,failure,,flora_205,
10.1561/104.00000071,10.1561--104.00000071,flora,flora:failure,False,False,socsci,failure,,flora_194,
10.1177/2053168014559094,10.1177--2053168014559094,flora,flora:failure,False,False,socsci,failure,,flora_84,
10.1027/1864-9335/a000187,10.1027--1864-9335--a000187,flora,flora:failure,False,False,psych,failure,,flora_34,
10.1098/rsos.191114,10.1098--rsos.191114,flora,flora:failure,False,False,psych,failure,,flora_347,
10.1017/epi.2015.17,10.1017--epi.2015.17,flora,flora:failure,True,True,psych,failure,,flora_24,
10.1016/s0163-6383(83)80012-5,10.1016--s0163-6383(83)80012-5,flora,flora:failure,False,False,psych,failure,,flora_512,
10.1016/j.infbeh.2019.101340,10.1016--j.infbeh.2019.101340,flora,flora:failure,True,True,psych,failure,,flora_256,
10.1027/1864-9335/a000300,10.1027--1864-9335--a000300,flora,flora:failure,False,False,psych,failure,,flora_525,
10.1080/00221546.2019.1650582,10.1080--00221546.2019.1650582,flora,flora:failure,False,False,psych,failure,,flora_304,
10.1109/reser.2011.12,10.1109--reser.2011.12,flora,flora:inconclusive,False,False,other,inconclusive,,flora_359,
10.1111/j.1474-9726.2010.00627.x,10.1111--j.1474-9726.2010.00627.x,flora,flora:inconclusive,False,False,biomed,inconclusive,,flora_59,
10.1111/j.1365-2265.2011.04175.x,10.1111--j.1365-2265.2011.04175.x,flora,flora:inconclusive,False,False,biomed,inconclusive,,flora_370,
10.1111/padm.70001,10.1111--padm.70001,flora,flora:inconclusive,False,False,socsci,inconclusive,,flora_71,
10.1371/journal.pone.0261477,10.1371--journal.pone.0261477,flora,flora:inconclusive,False,False,biomed,inconclusive,,flora_441,
10.1177/20531680231205157,10.1177--20531680231205157,flora,flora:inconclusive,False,False,socsci,inconclusive,,flora_423,
10.18718/81781.52,10.18718--81781.52,flora,flora:inconclusive,False,False,socsci,inconclusive,,flora_508,
10.3389/fnins.2012.00115,10.3389--fnins.2012.00115,flora,flora:inconclusive,True,True,biomed,inconclusive,,flora_457,
10.1027/1864-9335/a000183,10.1027--1864-9335--a000183,flora,flora:inconclusive,False,False,psych,inconclusive,,flora_528,
10.1037/cdp0000775,10.1037--cdp0000775,flora,flora:inconclusive,False,False,psych,inconclusive,,flora_39,
10.1037/xlm0000490,10.1037--xlm0000490,flora,flora:inconclusive,False,False,psych,inconclusive,,flora_155,
10.1027/1864-9335/a000537,10.1027--1864-9335--a000537,flora,flora:inconclusive,False,False,psych,inconclusive,,flora_518,
10.1027/1864-9335/a000296,10.1027--1864-9335--a000296,flora,flora:inconclusive,False,False,psych,inconclusive,,flora_524,
10.3390/jcm10010052,10.3390--jcm10010052,flora,flora:inconclusive,True,True,psych,inconclusive,,flora_460,
10.17105/spr-15-0048.1,10.17105--spr-15-0048.1,flora,flora:inconclusive,False,False,psych,inconclusive,,flora_446,
10.1016/j.paid.2015.08.031,10.1016--j.paid.2015.08.031,fred_v242,fred:success,True,True,psych,success,,fred_311;fred_312;fred_313;fred_314;fred_315;fred_316,
10.1111/psyp.12825,10.1111--psyp.12825,fred_v242,fred:success,True,True,psych,success,,fred_223,
10.17605/osf.io/w34fb,10.17605--osf.io--w34fb,fred_v242,fred:success,True,True,psych,success,,fred_295,
10.1007/s13164-018-0400-9,10.1007--s13164-018-0400-9,fred_v242,fred:success,True,True,socsci,success,,fred_49,
10.17605/osf.io/4hjck,10.17605--osf.io--4hjck,fred_v242,fred:success,True,True,psych,success,,fred_205,
10.1037/a0024923,10.1037--a0024923,fred_v242,fred:success,True,True,psych,success,,fred_218,
10.1177/0956797619831612,10.1177--0956797619831612,fred_v242,fred:success,True,True,psych,success,,fred_188;fred_192;fred_193;fred_194;fred_195;fred_196,
10.17605/osf.io/g2zv6,10.17605--osf.io--g2zv6,fred_v242,fred:success,True,True,psych,success,,fred_310,
10.1111/jpr.12158,10.1111--jpr.12158,fred_v242,fred:success,True,True,psych,success,,fred_216;fred_217,
10.1177/1948550618808863,10.1177--1948550618808863,fred_v242,fred:failure,True,True,psych,failure,,fred_212;fred_213,
10.17605/osf.io/j3ue4,10.17605--osf.io--j3ue4,fred_v242,fred:failure,True,True,psych,failure,,fred_6;fred_8;fred_10;fred_12;fred_15,
10.1177/2515245920958687,10.1177--2515245920958687,fred_v242,fred:failure,True,True,psych,failure,,fred_245;fred_246,
10.1037/a0036079,10.1037--a0036079,fred_v242,fred:failure,True,True,psych,failure,,fred_266;fred_267;fred_268;fred_269;fred_270;fred_271,
10.48550/arxiv.1605.00178,10.48550--arxiv.1605.00178,fred_v242,fred:failure,True,True,lang_edu,failure,,fred_225;fred_226;fred_227;fred_228;fred_229;fred_230,
10.1098/rsos.231240,10.1098--rsos.231240,fred_v242,fred:failure,True,True,psych,failure,,fred_37;fred_38;fred_39;fred_40;fred_41;fred_42,
10.18718/81781.27,10.18718--81781.27,fred_v242,fred:failure,True,True,socsci,failure,,fred_161;fred_172;fred_173;fred_174;fred_175,
10.17605/osf.io/rge23,10.17605--osf.io--rge23,fred_v242,fred:failure,True,True,psych,failure,,fred_199;fred_200;fred_201;fred_202,
10.1037/0022-3514.83.2.406,10.1037--0022-3514.83.2.406,fred_v242,fred:inconclusive,True,True,psych,inconclusive,,fred_99;fred_100,
10.1002/pits.22027,10.1002--pits.22027,fred_v242,fred:inconclusive,True,True,lang_edu,inconclusive,,fred_233;fred_234;fred_235;fred_236;fred_237;fred_238,
10.1002/rrq.62,10.1002--rrq.62,fred_v242,fred:inconclusive,True,True,lang_edu,inconclusive,,fred_298,
10.1037/xge0000067,10.1037--xge0000067,fred_v242,fred:inconclusive,True,True,psych,inconclusive,,fred_214;fred_215,
10.1111/bjso.12217,10.1111--bjso.12217,fred_v242,fred:inconclusive,True,True,psych,inconclusive,,fred_219;fred_220,
10.18718/81781.23,10.18718--81781.23,fred_v242,fred:inconclusive,True,True,socsci,inconclusive,,fred_107;fred_108;fred_109;fred_110;fred_111;fred_112,
10.1016/j.cogdev.2017.10.004,10.1016--j.cogdev.2017.10.004,fred_v242,fred:inconclusive,True,True,psych,inconclusive,,fred_222,
10.1080/09658211.2011.590505,10.1080--09658211.2011.590505,fred_v242,fred:inconclusive,True,True,psych,inconclusive,,fred_263;fred_264;fred_265,
10.1002/ejsp.2748,10.1002--ejsp.2748,main_gt_human,main_gt_human,False,False,other,success,,mainf_ba5c51248e,prior_exposure=yes (Dan has seen pipeline output for these papers)
10.1007/s00426-019-01203-4,10.1007--s00426-019-01203-4,main_gt_human,main_gt_human,True,True,psych,success,,mainf_72d9b0d269,prior_exposure=yes (Dan has seen pipeline output for these papers)
10.1016/j.actpsy.2020.103138,10.1016--j.actpsy.2020.103138,main_gt_human,main_gt_human,True,True,psych,success,,mainf_66fa4788f8,prior_exposure=yes (Dan has seen pipeline output for these papers)
10.1016/j.actpsy.2022.103717,10.1016--j.actpsy.2022.103717,main_gt_human,main_gt_human,True,True,psych,failure,,mainf_a2b6f468cd,prior_exposure=yes (Dan has seen pipeline output for these papers)
10.1016/j.intell.2020.101471,10.1016--j.intell.2020.101471,main_gt_human,main_gt_human,True,True,psych,failure,,mainf_3688a0dc7a,prior_exposure=yes (Dan has seen pipeline output for these papers)
10.1016/j.jesp.2023.104549,10.1016--j.jesp.2023.104549,main_gt_human,main_gt_human,True,True,other,failure,,mainf_72fbf7d05c;mainf_f61e10fa5c,prior_exposure=yes (Dan has seen pipeline output for these papers)
10.1098/rsos.210641,10.1098--rsos.210641,main_gt_human,main_gt_human,True,True,psych,success,,mainf_f69e708375;mainf_d05d14818f;mainf_52894d82df,prior_exposure=yes (Dan has seen pipeline output for these papers)
10.1177/01461672211052120,10.1177--01461672211052120,main_gt_human,main_gt_human,False,False,biomed,failure,,mainf_cf2790f362,prior_exposure=yes (Dan has seen pipeline output for these papers)
10.1177/0956797617747090,10.1177--0956797617747090,main_gt_human,main_gt_human,False,False,psych,success,,mainf_5711a463c7,prior_exposure=yes (Dan has seen pipeline output for these papers)
10.1525/collabra.185,10.1525--collabra.185,main_gt_human,main_gt_human,True,True,psych,success,,mainf_01059a4ba3;mainf_ed873efa07;mainf_2a8e6fa66b,prior_exposure=yes (Dan has seen pipeline output for these papers)
10.1525/collabra.277,10.1525--collabra.277,main_gt_human,main_gt_human,True,True,psych,failure,,mainf_20277dcfde,prior_exposure=yes (Dan has seen pipeline output for these papers)
10.31234/osf.io/drfht,10.31234--osf.io--drfht,main_gt_human,main_gt_human,True,True,biomed,inconclusive,,mainf_8c2a51dec6,prior_exposure=yes (Dan has seen pipeline output for these papers)
10.3389/fpsyg.2014.00786,10.3389--fpsyg.2014.00786,main_gt_human,main_gt_human,True,True,other,success,,mainf_5df2ffe3fd,prior_exposure=yes (Dan has seen pipeline output for these papers)
10.1027/1864-9335/a000186,10.1027--1864-9335--a000186,main_gt_human,main_gt_human,True,True,biomed,inconclusive,,mainf_fc2d5dc9fe;mainf_e1dc8d815b,prior_exposure=yes (Dan has seen pipeline output for these papers)
10.1016/j.jesp.2020.104052,10.1016--j.jesp.2020.104052,main_gt_human,main_gt_human,True,True,other,failure,,mainf_e0e12977e6,prior_exposure=yes (Dan has seen pipeline output for these papers)
10.1371/journal.pone.0029081,10.1371--journal.pone.0029081,main_gt_human,main_gt_human,True,True,unknown,failure,,mainf_4a16210cbe,prior_exposure=yes (Dan has seen pipeline output for these papers)
10.1177/2515245918777487,10.1177--2515245918777487,main_gt_human,main_gt_human,True,True,unknown,failure,,mainf_3dc6d2cee6,prior_exposure=yes (Dan has seen pipeline output for these papers)
10.1177/1745691618755704,10.1177--1745691618755704,main_gt_human,main_gt_human,True,True,unknown,failure,,mainf_2d568f212f,prior_exposure=yes (Dan has seen pipeline output for these papers)
10.1177/2515245918781032,10.1177--2515245918781032,main_gt_human,main_gt_human,True,True,unknown,failure,,mainf_9a8b122d8c,prior_exposure=yes (Dan has seen pipeline output for these papers)
10.1371/journal.pone.0042510,10.1371--journal.pone.0042510,main_gt_human,main_gt_human,True,True,unknown,failure,,mainf_ded11be2a9,prior_exposure=yes (Dan has seen pipeline output for these papers)
10.1177/1745691616664694,10.1177--1745691616664694,main_gt_human,main_gt_human,True,True,unknown,failure,,mainf_5573c20497,prior_exposure=yes (Dan has seen pipeline output for these papers)
10.1257/mac.6.3.1,10.1257--mac.6.3.1,main_gt_human,main_gt_human,False,False,unknown,failure,,mainf_86241f5ed5,prior_exposure=yes (Dan has seen pipeline output for these papers)
10.1111/j.1540-6261.2012.01744.x,10.1111--j.1540-6261.2012.01744.x,main_gt_human,main_gt_human,False,False,unknown,failure,,mainf_0715da0871,prior_exposure=yes (Dan has seen pipeline output for these papers)
10.23846/rps0002,10.23846--rps0002,main_gt_human,main_gt_human,True,True,unknown,failure,,mainf_62b2a670fc,prior_exposure=yes (Dan has seen pipeline output for these papers)
10.1177/1091142114537893,10.1177--1091142114537893,main_gt_human,main_gt_human,False,False,unknown,failure,,mainf_a7f158b2c0,prior_exposure=yes (Dan has seen pipeline output for these papers)
10.1007/s00181-005-0242-z,10.1007--s00181-005-0242-z,main_gt_human,main_gt_human,True,True,unknown,failure,,mainf_4b29ee1c0d,prior_exposure=yes (Dan has seen pipeline output for these papers)
10.1007/s00181-018-1457-0,10.1007--s00181-018-1457-0,main_gt_human,main_gt_human,True,True,unknown,failure,,mainf_820e3ec4ea,prior_exposure=yes (Dan has seen pipeline output for these papers)
10.7554/elife.51019,10.7554--elife.51019,biomed_initiative,biomed:RP:CB,True,True,biomed,failure,direct,,
10.7554/elife.04363,10.7554--elife.04363,biomed_initiative,biomed:RP:CB,True,True,biomed,failure,direct,,
10.7554/elife.11566,10.7554--elife.11566,biomed_initiative,biomed:RP:CB,True,True,biomed,success,direct,,
10.7554/elife.11999,10.7554--elife.11999,biomed_initiative,biomed:RP:CB,True,True,biomed,inconclusive,direct,,
10.7554/elife.09976,10.7554--elife.09976,biomed_initiative,biomed:RP:CB,True,True,biomed,inconclusive,direct,,
10.7554/elife.45426,10.7554--elife.45426,biomed_initiative,biomed:RP:CB,True,True,biomed,failure,direct,,
10.7554/elife.11414,10.7554--elife.11414,biomed_initiative,biomed:RP:CB,True,True,biomed,inconclusive,direct,,
10.7554/elife.17584,10.7554--elife.17584,biomed_initiative,biomed:RP:CB,True,True,biomed,failure,direct,,
10.7554/elife.26030,10.7554--elife.26030,biomed_initiative,biomed:RP:CB,True,True,biomed,inconclusive,direct,,
10.7554/elife.21253,10.7554--elife.21253,biomed_initiative,biomed:RP:CB,True,True,biomed,failure,direct,,
10.7554/elife.45120,10.7554--elife.45120,biomed_initiative,biomed:RP:CB,True,True,biomed,success,direct,,
10.7554/elife.17044,10.7554--elife.17044,biomed_initiative,biomed:RP:CB,True,True,biomed,success,direct,,
10.7554/elife.56651,10.7554--elife.56651,biomed_initiative,biomed:RP:CB,True,True,biomed,success,direct,,
10.7554/elife.43511,10.7554--elife.43511,biomed_initiative,biomed:RP:CB,True,True,biomed,inconclusive,direct,,
10.7554/elife.25306,10.7554--elife.25306,biomed_initiative,biomed:RP:CB,True,True,biomed,inconclusive,direct,,
10.7554/elife.29747,10.7554--elife.29747,biomed_initiative,biomed:RP:CB,True,True,biomed,inconclusive,direct,,
10.7554/elife.18173,10.7554--elife.18173,biomed_initiative,biomed:RP:CB,True,True,biomed,failure,direct,,
10.7554/elife.34364,10.7554--elife.34364,biomed_initiative,biomed:RP:CB,True,True,biomed,inconclusive,direct,,
10.7554/elife.39944,10.7554--elife.39944,biomed_initiative,biomed:RP:CB,True,True,biomed,failure,direct,,
10.7554/elife.21634,10.7554--elife.21634,biomed_initiative,biomed:RP:CB,True,True,biomed,failure,direct,,
10.7554/elife.10860,10.7554--elife.10860,biomed_initiative,biomed:RP:CB,True,True,biomed,failure,direct,,
10.7554/elife.30274,10.7554--elife.30274,biomed_initiative,biomed:RP:CB,True,True,biomed,failure,direct,,
10.7554/elife.25801,10.7554--elife.25801,biomed_initiative,biomed:RP:CB,True,True,biomed,failure,direct,,
10.1101/2025.04.02.645026,10.1101--2025.04.02.645026,biomed_initiative,biomed:BRI,True,True,biomed,failure,direct,,
10.1007/s40279-025-02201-w,10.1007--s40279-025-02201-w,biomed_initiative,biomed:RSESR,True,True,biomed,failure,direct,,
10.1038/sj.ejhg.5201866,10.1038--sj.ejhg.5201866,medical_slice,medical:cardiovascular medicine,True,True,biomed,success,close extension,,
10.1186/s40001-024-01786-8,10.1186--s40001-024-01786-8,medical_slice,medical:cardiovascular medicine,True,True,biomed,inconclusive,close extension,,
10.1046/j.1365-2133.1996.d01-1096.x,10.1046--j.1365-2133.1996.d01-1096.x,medical_slice,medical:dermatology,True,True,biomed,failure,conceptual,,
10.1016/j.diabres.2017.02.013,10.1016--j.diabres.2017.02.013,medical_slice,medical:epidemiology,True,True,biomed,failure,close extension,,
10.1016/j.ejrad.2024.111825,10.1016--j.ejrad.2024.111825,medical_slice,medical:epidemiology,True,True,biomed,failure,direct,,
10.1111/j.1532-5415.1989.tb06814.x,10.1111--j.1532-5415.1989.tb06814.x,medical_slice,medical:geriatric care,True,True,biomed,success,close extension,,
10.1186/s12877-019-1311-z,10.1186--s12877-019-1311-z,medical_slice,medical:geriatric care,True,True,biomed,success,close extension,,
10.1186/s13223-020-0411-9,10.1186--s13223-020-0411-9,medical_slice,medical:immunology,True,True,biomed,success,close extension,,
10.4049/jimmunol.1102775,10.4049--jimmunol.1102775,medical_slice,medical:immunology,True,True,biomed,success,close extension,,
10.1167/iovs.11-8068,10.1167--iovs.11-8068,medical_slice,medical:medical genetics,True,True,biomed,failure,direct,,
10.1186/s12886-022-02359-1,10.1186--s12886-022-02359-1,medical_slice,medical:medical genetics,True,True,biomed,success,close extension,,
10.1007/s10157-013-0797-5,10.1007--s10157-013-0797-5,medical_slice,medical:nephrology,True,True,biomed,failure,close extension,,
10.1016/j.bbacli.2015.12.004,10.1016--j.bbacli.2015.12.004,medical_slice,medical:nephrology,True,True,biomed,inconclusive,close extension,,
10.1021/acscentsci.0c01028,10.1021--acscentsci.0c01028,medical_slice,medical:neurology,True,True,biomed,success,close extension,,
10.1001/archneurol.2011.155,10.1001--archneurol.2011.155,medical_slice,medical:neurology,True,True,biomed,failure,direct,,
10.1891/1058-1243.28.4.190,10.1891--1058-1243.28.4.190,medical_slice,medical:nursing,True,True,biomed,success,close extension,,
10.1016/j.hrtlng.2004.03.004,10.1016--j.hrtlng.2004.03.004,medical_slice,medical:nursing,True,True,biomed,failure,close experiment,,
10.1371/journal.pone.0039247,10.1371--journal.pone.0039247,medical_slice,medical:otorhinolaryngology,True,True,biomed,success,close extension,,
10.1177/1945892419896540,10.1177--1945892419896540,medical_slice,medical:otorhinolaryngology,True,True,biomed,success,direct_or_close,,
10.1016/j.chiabu.2012.07.003,10.1016--j.chiabu.2012.07.003,medical_slice,medical:pediatrics,True,True,biomed,inconclusive,close extension,,
10.1111/jns.12110,10.1111--jns.12110,medical_slice,medical:pharmacology and toxicology,True,True,biomed,failure,direct,,
10.1186/s12891-016-0863-8,10.1186--s12891-016-0863-8,medical_slice,medical:pharmacology and toxicology,True,True,biomed,failure,close extension,,
10.1177/070674379904400807,10.1177--070674379904400807,medical_slice,medical:psychiatry,True,True,biomed,success,direct,,
10.1159/000079976,10.1159--000079976,medical_slice,medical:psychiatry,True,True,biomed,failure,direct,,
10.1016/0022-3999(93)90123-w,10.1016--0022-3999(93)90123-w,medical_slice,medical:psychosomatic medicine,True,True,biomed,inconclusive,close experiment,,
10.1093/milmed/usaa245,10.1093--milmed--usaa245,medical_slice,medical:psychosomatic medicine,True,True,biomed,success,close extension,,
10.1111/j.1931-2393.2009.4111209.x,10.1111--j.1931-2393.2009.4111209.x,medical_slice,medical:public health,True,True,biomed,failure,close extension,,
10.1371/journal.pone.0233948,10.1371--journal.pone.0233948,medical_slice,medical:public health,True,True,biomed,success,direct,,
10.1055/s-0036-1597262,10.1055--s-0036-1597262,medical_slice,medical:rehabilitation medicine,True,True,biomed,failure,close experiment,,
10.1007/s00455-002-0054-7,10.1007--s00455-002-0054-7,medical_slice,medical:rehabilitation medicine,True,True,biomed,success,direct,,
10.1186/s13075-023-03180-x,10.1186--s13075-023-03180-x,medical_slice,medical:rheumatology,True,True,biomed,failure,close experiment,,
10.1186/s13104-019-4590-8,10.1186--s13104-019-4590-8,medical_slice,medical:rheumatology,True,True,biomed,failure,direct,,
10.1080/1368282031000062882,10.1080--1368282031000062882,medical_slice,medical:speech-language pathology,True,True,biomed,success,direct_or_close,,
10.3390/ani12070807,10.3390--ani12070807,medical_slice,medical:veterinary science,True,True,biomed,success,close experiment,,
10.3390/ani9100835,10.3390--ani9100835,medical_slice,medical:veterinary science,True,True,biomed,success,close extension,,
10.1016/j.jad.2014.01.004,10.1016--j.jad.2014.01.004,medical_slice,medical:psychiatry,True,True,biomed,success,close extension,,
10.1186/s12939-016-0428-3,10.1186--s12939-016-0428-3,medical_slice,medical:epidemiology,True,True,biomed,inconclusive,close extension,,
10.1002/ajmg.10380,10.1002--ajmg.10380,medical_slice,medical:psychiatry,True,True,biomed,success,direct,,
10.1371/journal.pone.0041228,10.1371--journal.pone.0041228,medical_slice,medical:rheumatology,True,True,biomed,success,close extension,,
10.1016/j.jad.2016.08.017,10.1016--j.jad.2016.08.017,medical_slice,medical:psychiatry,True,True,biomed,failure,close extension,,
10.1521/pedi_2018_32_357,10.1521--pedi_2018_32_357,medical_slice,medical:psychiatry,True,True,biomed,success,close extension,,
10.1016/s0920-9964(97)88320-x,10.1016--s0920-9964(97)88320-x,medical_slice,medical:psychiatry,True,True,biomed,success,direct,,
10.1111/head.12329,10.1111--head.12329,medical_slice,medical:epidemiology,True,True,biomed,failure,close extension,,
10.1038/pr.2013.117,10.1038--pr.2013.117,medical_slice,medical:pharmacology and toxicology,True,True,biomed,failure,close extension,,
10.1136/bmjebm-2020-111386,10.1136--bmjebm-2020-111386,medical_slice,medical:cardiovascular medicine,True,True,biomed,failure,close experiment,,
10.1007/s10461-014-0708-0,10.1007--s10461-014-0708-0,medical_slice,medical:epidemiology,True,True,biomed,success,close extension,,
10.1037/h0034556,10.1037--h0034556,medical_slice,medical:psychiatry,True,True,biomed,inconclusive,close experiment,,
10.1186/s13104-023-06589-4,10.1186--s13104-023-06589-4,medical_slice,medical:psychiatry,True,True,biomed,success,close extension,,
10.1002/art.23549,10.1002--art.23549,medical_slice,medical:rheumatology,True,True,biomed,success,close extension,,
10.1007/s10067-020-04995-8,10.1007--s10067-020-04995-8,medical_slice,medical:rheumatology,True,True,biomed,success,close extension,,
10.3389/fnbeh.2022.944890,10.3389--fnbeh.2022.944890,prod_slice,prod:biomed:close experiment,True,True,biomed,success,close experiment,,
10.1016/j.transm.2024.100064,10.1016--j.transm.2024.100064,prod_slice,prod:biomed:close experiment,True,True,biomed,success,close experiment,,
10.1371/journal.pone.0102672,10.1371--journal.pone.0102672,prod_slice,prod:biomed:close experiment,True,True,biomed,success,close experiment,,
10.1007/s00415-020-10312-9,10.1007--s00415-020-10312-9,prod_slice,prod:biomed:close extension,True,True,biomed,failure,close extension,,
10.1158/1055-9965.epi-08-0241,10.1158--1055-9965.epi-08-0241,prod_slice,prod:biomed:close extension,True,True,biomed,inconclusive,close extension,,
10.1007/s42000-022-00351-4,10.1007--s42000-022-00351-4,prod_slice,prod:biomed:close extension,True,True,biomed,success,close extension,,
10.1016/j.cortex.2020.04.011,10.1016--j.cortex.2020.04.011,prod_slice,prod:biomed:conceptual,True,True,biomed,failure,conceptual,,
10.1016/j.ynirp.2021.100045,10.1016--j.ynirp.2021.100045,prod_slice,prod:biomed:conceptual,True,True,biomed,failure,conceptual,,
10.1002/cpt.2424,10.1002--cpt.2424,prod_slice,prod:biomed:conceptual,True,True,biomed,inconclusive,conceptual,,
10.3389/fnhum.2016.00475,10.3389--fnhum.2016.00475,prod_slice,prod:biomed:direct,True,True,biomed,failure,direct,,
10.3389/fnint.2022.1041423,10.3389--fnint.2022.1041423,prod_slice,prod:biomed:direct,True,True,biomed,inconclusive,direct,,
10.1177/0308575913518003,10.1177--0308575913518003,prod_slice,prod:lang_edu:close experiment,True,True,lang_edu,success,close experiment,,
10.1080/19345747.2023.2287615,10.1080--19345747.2023.2287615,prod_slice,prod:lang_edu:close experiment,True,True,lang_edu,success,close experiment,,
10.3389/fpsyg.2023.1135129,10.3389--fpsyg.2023.1135129,prod_slice,prod:lang_edu:close experiment,True,True,lang_edu,success,close experiment,,
10.3928/01484834-20170421-06,10.3928--01484834-20170421-06,prod_slice,prod:lang_edu:close extension,True,True,lang_edu,success,close extension,,
10.1007/s10882-019-09718-9,10.1007--s10882-019-09718-9,prod_slice,prod:lang_edu:close extension,True,True,lang_edu,inconclusive,close extension,,
10.2466/pr0.95.3f.1059-1071,10.2466--pr0.95.3f.1059-1071,prod_slice,prod:lang_edu:close extension,True,True,lang_edu,inconclusive,close extension,,
10.3389/fpsyg.2016.01479,10.3389--fpsyg.2016.01479,prod_slice,prod:lang_edu:conceptual,True,True,lang_edu,failure,conceptual,,
10.5334/joc.445,10.5334--joc.445,prod_slice,prod:lang_edu:conceptual,True,True,lang_edu,success,conceptual,,
10.1177/0734282918803493,10.1177--0734282918803493,prod_slice,prod:lang_edu:conceptual,True,True,lang_edu,success,conceptual,,
10.1121/10.0020558,10.1121--10.0020558,prod_slice,prod:lang_edu:direct,True,True,lang_edu,inconclusive,direct,,
10.1177/00222194030360040601,10.1177--00222194030360040601,prod_slice,prod:lang_edu:direct,True,True,lang_edu,success,direct,,
10.3389/fvets.2023.1305353,10.3389--fvets.2023.1305353,prod_slice,prod:lang_edu:direct,True,True,lang_edu,success,direct,,
10.1016/j.jbiomech.2019.07.020,10.1016--j.jbiomech.2019.07.020,prod_slice,prod:other:close experiment,True,True,other,success,close experiment,,
10.1007/s10515-024-00432-1,10.1007--s10515-024-00432-1,prod_slice,prod:other:close experiment,True,True,other,success,close experiment,,
10.1145/1368088.1368115,10.1145--1368088.1368115,prod_slice,prod:other:close experiment,True,True,other,failure,close experiment,,
10.1145/3696630.3728722,10.1145--3696630.3728722,prod_slice,prod:other:close extension,True,True,other,failure,close extension,,
10.1145/3629479.3629495,10.1145--3629479.3629495,prod_slice,prod:other:close extension,True,True,other,inconclusive,close extension,,
10.26451/abc.08.02.08.2021,10.26451--abc.08.02.08.2021,prod_slice,prod:other:close extension,True,True,other,inconclusive,close extension,,
10.1098/rsta.2020.0068,10.1098--rsta.2020.0068,prod_slice,prod:other:conceptual,True,True,other,success,conceptual,,
10.3389/fpsyg.2019.01891,10.3389--fpsyg.2019.01891,prod_slice,prod:other:conceptual,True,True,other,failure,conceptual,,
10.1016/j.jss.2021.110939,10.1016--j.jss.2021.110939,prod_slice,prod:other:conceptual,True,True,other,inconclusive,conceptual,,
10.1136/bmjopen-2021-059000,10.1136--bmjopen-2021-059000,prod_slice,prod:other:direct,True,True,other,success,direct,,
10.1002/ece3.71556,10.1002--ece3.71556,prod_slice,prod:other:direct,True,True,other,success,direct,,
10.3109/15368378.2013.776437,10.3109--15368378.2013.776437,prod_slice,prod:other:direct,True,True,other,success,direct,,
10.1098/rsos.190327,10.1098--rsos.190327,prod_slice,prod:psych:close experiment,True,True,psych,failure,close experiment,,
10.1016/j.paid.2007.08.015,10.1016--j.paid.2007.08.015,prod_slice,prod:psych:close experiment,True,True,psych,success,close experiment,,
10.1093/cercor/bhae107,10.1093--cercor--bhae107,prod_slice,prod:psych:close experiment,True,True,psych,success,close experiment,,
10.1177/0098628321995431,10.1177--0098628321995431,prod_slice,prod:psych:close extension,True,True,psych,success,close extension,,
10.1371/journal.pone.0198616,10.1371--journal.pone.0198616,prod_slice,prod:psych:close extension,True,True,psych,success,close extension,,
10.1016/j.actpsy.2019.102873,10.1016--j.actpsy.2019.102873,prod_slice,prod:psych:close extension,True,True,psych,success,close extension,,
10.1073/pnas.2202700119,10.1073--pnas.2202700119,prod_slice,prod:psych:conceptual,True,True,psych,success,conceptual,,
10.1037/xge0000295,10.1037--xge0000295,prod_slice,prod:psych:conceptual,True,True,psych,success,conceptual,,
10.3389/fpsyg.2022.937153,10.3389--fpsyg.2022.937153,prod_slice,prod:psych:conceptual,True,True,psych,inconclusive,conceptual,,
10.1177/09567976251335567,10.1177--09567976251335567,prod_slice,prod:psych:direct,True,True,psych,failure,direct,,
10.1177/1948550616639649,10.1177--1948550616639649,prod_slice,prod:psych:direct,True,True,psych,failure,direct,,
10.2466/pms.2003.96.1.25,10.2466--pms.2003.96.1.25,prod_slice,prod:psych:direct,True,True,psych,failure,direct,,
10.3389/fcomm.2022.1017362,10.3389--fcomm.2022.1017362,prod_slice,prod:socsci:close experiment,True,True,socsci,inconclusive,close experiment,,
10.17605/osf.io/q8g7f,10.17605--osf.io--q8g7f,prod_slice,prod:socsci:close experiment,True,True,socsci,failure,close experiment,,
10.1111/bjop.12496,10.1111--bjop.12496,prod_slice,prod:socsci:close experiment,True,True,socsci,inconclusive,close experiment,,
10.1073/pnas.2120377119,10.1073--pnas.2120377119,prod_slice,prod:socsci:close extension,True,True,socsci,inconclusive,close extension,,
10.1007/s10683-017-9527-2,10.1007--s10683-017-9527-2,prod_slice,prod:socsci:close extension,True,True,socsci,success,close extension,,
10.1177/0899764011404081,10.1177--0899764011404081,prod_slice,prod:socsci:close extension,True,True,socsci,inconclusive,close extension,,
10.1108/jgm-11-2022-0063,10.1108--jgm-11-2022-0063,prod_slice,prod:socsci:conceptual,True,True,socsci,success,conceptual,,
10.1016/j.dib.2023.109079,10.1016--j.dib.2023.109079,prod_slice,prod:socsci:conceptual,True,True,socsci,success,conceptual,,
10.3790/schm.132.3.379,10.3790--schm.132.3.379,prod_slice,prod:socsci:direct,True,True,socsci,inconclusive,direct,,
10.1080/19439342.2019.1679859,10.1080--19439342.2019.1679859,prod_slice,prod:socsci:direct,True,True,socsci,success,direct,,
10.23846/rps0009,10.23846--rps0009,prod_slice,prod:socsci:direct,True,True,socsci,success,direct,,
10.1097/md.0000000000011865,10.1097--md.0000000000011865,prod_slice,prod:inconclusive_or_reversal,True,True,biomed,inconclusive,close experiment,,
10.1037/pspa0000363,10.1037--pspa0000363,prod_slice,prod:inconclusive_or_reversal,True,True,psych,success,conceptual,,
10.1007/s10899-016-9608-8,10.1007--s10899-016-9608-8,prod_slice,prod:inconclusive_or_reversal,True,True,psych,inconclusive,close experiment,,
10.1111/j.1365-2850.2009.01449.x,10.1111--j.1365-2850.2009.01449.x,prod_slice,prod:inconclusive_or_reversal,True,True,biomed,inconclusive,close extension,,
10.1186/s12864-022-08451-6,10.1186--s12864-022-08451-6,prod_slice,prod:inconclusive_or_reversal,True,True,biomed,failure,close extension,,
10.1016/j.euroecorev.2004.11.006,10.1016--j.euroecorev.2004.11.006,replication_wiki,repwiki:econ,True,True,socsci,failure,direct_or_close,,
10.1093/jae/ejad013,10.1093--jae--ejad013,replication_wiki,repwiki:econ,True,True,socsci,success,direct_or_close,,
10.15195/v2.a20,10.15195--v2.a20,replication_wiki,repwiki:econ,True,True,socsci,failure,direct_or_close,,
10.1016/j.jfbs.2021.100451,10.1016--j.jfbs.2021.100451,replication_wiki,repwiki:econ,True,True,socsci,success,direct_or_close,,
10.2139/ssrn.2901327,10.2139--ssrn.2901327,replication_wiki,repwiki:econ,True,True,socsci,success,direct_or_close,,
10.1057/9781137293626_12,10.1057--9781137293626_12,replication_wiki,repwiki:econ,True,True,socsci,failure,direct_or_close,,
10.1080/19439342.2019.1646782,10.1080--19439342.2019.1646782,replication_wiki,repwiki:econ,True,True,socsci,success,direct_or_close,,
10.1177/1091142120914278,10.1177--1091142120914278,replication_wiki,repwiki:econ,True,True,socsci,inconclusive,direct_or_close,,
10.3386/w12607,10.3386--w12607,replication_wiki,repwiki:econ,True,True,socsci,failure,direct_or_close,,
10.1002/aepp.13377,10.1002--aepp.13377,replication_wiki,repwiki:econ,True,True,socsci,success,direct_or_close,,
10.1162/rest_a_00769,10.1162--rest_a_00769,replication_wiki,repwiki:econ,True,True,socsci,success,direct_or_close,,
10.1371/journal.pone.0210327,10.1371--journal.pone.0210327,replication_wiki,repwiki:econ,True,True,biomed,inconclusive,direct_or_close,,
10.1371/journal.pone.0206677,10.1371--journal.pone.0206677,replication_wiki,repwiki:econ,True,True,biomed,success,direct_or_close,,
10.1007/s00181-014-0902-y,10.1007--s00181-014-0902-y,replication_wiki,repwiki:econ,True,True,socsci,failure,direct_or_close,,
10.1002/jae.2697,10.1002--jae.2697,replication_wiki,repwiki:econ,True,True,socsci,success,direct_or_close,,
10.1007/s00181-012-0663-4,10.1007--s00181-012-0663-4,replication_wiki,repwiki:econ,True,True,socsci,success,direct_or_close,,
10.3386/w21588,10.3386--w21588,replication_wiki,repwiki:econ,True,True,socsci,reversal,direct_or_close,,
10.1007/s10683-008-9197-1,10.1007--s10683-008-9197-1,replication_wiki,repwiki:econ,True,True,socsci,inconclusive,direct_or_close,,
10.17016/feds.2017.062,10.17016--feds.2017.062,replication_wiki,repwiki:econ,True,True,socsci,success,direct_or_close,,
10.3386/w25018,10.3386--w25018,replication_wiki,repwiki:econ,True,True,socsci,success,direct_or_close,,
10.1257/aer.100.1.572,10.1257--aer.100.1.572,replication_wiki,repwiki:econ,True,True,socsci,inconclusive,direct_or_close,,
10.1016/j.euroecorev.2015.05.006,10.1016--j.euroecorev.2015.05.006,replication_wiki,repwiki:econ,True,True,socsci,failure,direct_or_close,,
10.1007/s001810200150,10.1007--s001810200150,replication_wiki,repwiki:econ,True,True,socsci,success,direct_or_close,,
10.5018/economics-ejournal.ja.2018-34,10.5018--economics-ejournal.ja.2018-34,replication_wiki,repwiki:econ,True,True,socsci,success,direct_or_close,,
10.1080/00220388.2013.807501,10.1080--00220388.2013.807501,replication_wiki,repwiki:econ,True,True,socsci,failure,direct_or_close,,
10.1002/jae.3007,10.1002--jae.3007,replication_wiki,repwiki:econ,True,True,socsci,success,direct_or_close,,
10.1257/aer.102.7.3749,10.1257--aer.102.7.3749,replication_wiki,repwiki:econ,True,True,socsci,failure,direct_or_close,,
10.1016/j.eneco.2017.08.033,10.1016--j.eneco.2017.08.033,replication_wiki,repwiki:econ,True,True,socsci,success,direct_or_close,,
10.5018/economics-ejournal.ja.2018-3,10.5018--economics-ejournal.ja.2018-3,replication_wiki,repwiki:econ,True,True,socsci,reversal,direct_or_close,,
10.1016/j.eneco.2017.03.016,10.1016--j.eneco.2017.03.016,replication_wiki,repwiki:econ,True,True,socsci,success,direct_or_close,,
10.1007/s00181-021-02139-8,10.1007--s00181-021-02139-8,replication_wiki,repwiki:econ,True,True,socsci,failure,direct_or_close,,
10.1007/s00181-012-0549-5,10.1007--s00181-012-0549-5,replication_wiki,repwiki:econ,True,True,socsci,inconclusive,direct_or_close,,
10.1016/j.eneco.2017.12.021,10.1016--j.eneco.2017.12.021,replication_wiki,repwiki:econ,True,True,socsci,success,direct_or_close,,
10.1007/s00181-010-0435-y,10.1007--s00181-010-0435-y,replication_wiki,repwiki:econ,True,True,socsci,success,direct_or_close,,
10.1016/j.jebo.2023.05.046,10.1016--j.jebo.2023.05.046,replication_wiki,repwiki:econ,True,True,socsci,inconclusive,direct_or_close,,
10.1177/10422587221084249,10.1177--10422587221084249,replication_wiki,repwiki:econ,True,True,socsci,inconclusive,direct_or_close,,
10.1016/j.eneco.2018.02.002,10.1016--j.eneco.2018.02.002,replication_wiki,repwiki:econ,True,True,socsci,success,direct_or_close,,
10.1002/jae.2886,10.1002--jae.2886,replication_wiki,repwiki:econ,True,True,socsci,success,direct_or_close,,
10.1177/1948550616652209,10.1177--1948550616652209,curate_science,curate,True,True,psych,failure,direct_or_close,,
10.1007/s10648-015-9332-4,10.1007--s10648-015-9332-4,curate_science,curate,True,True,psych,failure,direct_or_close,,
10.1177/0956797614553946,10.1177--0956797614553946,curate_science,curate,True,True,psych,failure,direct_or_close,,
10.1177/1948550616628608,10.1177--1948550616628608,curate_science,curate,True,True,psych,failure,direct_or_close,,
10.1016/j.jesp.2015.10.012,10.1016--j.jesp.2015.10.012,curate_science,curate,True,True,psych,failure,direct,,
10.1177/0956797613486983,10.1177--0956797613486983,curate_science,curate,True,True,psych,failure,direct_or_close,,
10.1186/2050-7283-1-22,10.1186--2050-7283-1-22,curate_science,curate,True,True,psych,failure,direct_or_close,,
10.1371/journal.pone.0147770,10.1371--journal.pone.0147770,curate_science,curate,True,True,psych,failure,direct_or_close,,
10.1016/j.jesp.2015.09.003,10.1016--j.jesp.2015.09.003,curate_science,curate,True,True,psych,inconclusive,direct_or_close,,
10.1177/1745691615605826,10.1177--1745691615605826,curate_science,curate,True,True,psych,failure,direct,,
10.1027/1864-9335/a000190,10.1027--1864-9335--a000190,curate_science,curate,True,True,psych,failure,direct,,
10.1080/23743603.2016.1248081,10.1080--23743603.2016.1248081,curate_science,curate,True,True,psych,failure,direct_or_close,,
10.1037/xge0000058,10.1037--xge0000058,curate_science,curate,True,True,psych,failure,direct_or_close,,
10.1016/j.appet.2013.12.020,10.1016--j.appet.2013.12.020,curate_science,curate,True,True,psych,failure,direct_or_close,,
10.1177/1745691614545653,10.1177--1745691614545653,curate_science,curate,True,True,psych,failure,direct,,
10.1615/ichmt.2015.thmt-15.2030,10.1615--ichmt.2015.thmt-15.2030,curate_science,curate,True,True,psych,failure,direct,,
10.1177/1745691616652873,10.1177--1745691616652873,curate_science,curate,True,True,psych,failure,direct,,
10.1016/j.comptc.2010.12.003,10.1016--j.comptc.2010.12.003,curate_science,curate,True,True,psych,success,direct_or_close,,
10.3758/s13428-021-01693-4,10.3758--s13428-021-01693-4,reversal_stratum,reversal:labelled,True,True,psych,success,close experiment,,
10.1007/s40881-023-00136-4,10.1007--s40881-023-00136-4,reversal_stratum,reversal:labelled,True,True,socsci,reversal,direct_or_close,,
10.1080/17483100701256388,10.1080--17483100701256388,reversal_stratum,reversal:labelled,True,True,lang_edu,reversal,direct_or_close,,
10.1016/j.neurobiolaging.2009.09.004,10.1016--j.neurobiolaging.2009.09.004,reversal_stratum,reversal:labelled,True,True,biomed,failure,close experiment,,
10.1037/a0027687,10.1037--a0027687,reversal_stratum,reversal:labelled,True,True,psych,reversal,direct_or_close,,
10.1016/s2214-109x(16)30250-9,10.1016--s2214-109x(16)30250-9,reversal_stratum,reversal:labelled,True,True,socsci,reversal,direct_or_close,,
10.1016/j.strueco.2018.01.002,10.1016--j.strueco.2018.01.002,reversal_stratum,reversal:labelled,True,True,socsci,reversal,direct_or_close,,
10.1016/j.isci.2022.105863,10.1016--j.isci.2022.105863,reversal_stratum,reversal:labelled,True,True,biomed,reversal,close extension,,
10.3758/s13421-017-0708-1,10.3758--s13421-017-0708-1,reversal_stratum,reversal:labelled,True,True,psych,reversal,conceptual,,
10.1109/tnsre.2020.2974272,10.1109--tnsre.2020.2974272,reversal_stratum,reversal:labelled,True,True,other,reversal,direct,,
10.3390/molecules26144311,10.3390--molecules26144311,reversal_stratum,reversal:labelled,True,True,other,reversal,close experiment,,
10.1080/00049530.2024.2426661,10.1080--00049530.2024.2426661,reversal_stratum,reversal:labelled,True,True,psych,success,close extension,,
10.1016/0306-4603(93)90041-7,10.1016--0306-4603(93)90041-7,reversal_stratum,reversal:labelled,True,True,psych,inconclusive,close experiment,,
10.1523/jneurosci.3292-11.2011,10.1523--jneurosci.3292-11.2011,reversal_stratum,reversal:labelled,True,True,biomed,success,close extension,,
10.1093/cje/bet075,10.1093--cje--bet075,reversal_stratum,reversal:labelled,True,True,socsci,reversal,direct_or_close,,
10.1027/1864-9335/a000188,10.1027--1864-9335--a000188,reversal_stratum,reversal:opposite_wording_unlabelled,True,True,psych,failure,direct,,
10.1016/j.leaqua.2022.101633,10.1016--j.leaqua.2022.101633,reversal_stratum,reversal:opposite_wording_unlabelled,True,True,psych,failure,conceptual,,
10.2466/pr0.2000.87.2.493,10.2466--pr0.2000.87.2.493,reversal_stratum,reversal:opposite_wording_unlabelled,True,True,psych,inconclusive,close experiment,,
10.3758/s13415-013-0234-y,10.3758--s13415-013-0234-y,reversal_stratum,reversal:opposite_wording_unlabelled,True,True,biomed,success,close extension,,
10.1097/j.pain.0000000000001569,10.1097--j.pain.0000000000001569,reversal_stratum,reversal:opposite_wording_unlabelled,True,True,biomed,success,close experiment,,
10.1167/15.10.3,10.1167--15.10.3,reversal_stratum,reversal:opposite_wording_unlabelled,True,True,psych,failure,direct,,
10.1111/psyp.13546,10.1111--psyp.13546,reversal_stratum,reversal:opposite_wording_unlabelled,True,True,psych,failure,conceptual,,
10.1007/s00426-023-01893-x,10.1007--s00426-023-01893-x,reversal_stratum,reversal:opposite_wording_unlabelled,True,True,psych,success,conceptual,,
10.1016/j.ijpsycho.2021.03.003,10.1016--j.ijpsycho.2021.03.003,reversal_stratum,reversal:opposite_wording_unlabelled,True,True,psych,failure,close experiment,,
10.1006/obhd.2000.2903,10.1006--obhd.2000.2903,reversal_stratum,reversal:opposite_wording_unlabelled,True,True,psych,inconclusive,conceptual,,
10.1037/0021-9010.67.6.868,10.1037--0021-9010.67.6.868,negative_random,negative:random,True,True,,,,,human must confirm non-replication
10.1016/j.evolhumbehav.2010.12.002,10.1016--j.evolhumbehav.2010.12.002,negative_random,negative:random,True,True,,,,,human must confirm non-replication
10.1016/j.jesp.2020.104080,10.1016--j.jesp.2020.104080,negative_random,negative:random,True,True,,,,,human must confirm non-replication
10.1017/s0272263105050138,10.1017--s0272263105050138,negative_random,negative:random,True,True,,,,,human must confirm non-replication
10.5465/amj.2005.18803920,10.5465--amj.2005.18803920,negative_random,negative:random,True,True,,,,,human must confirm non-replication
10.1037/0096-1523.1.3.288,10.1037--0096-1523.1.3.288,negative_random,negative:random,True,True,,,,,human must confirm non-replication
10.1177/2167696812466848,10.1177--2167696812466848,negative_random,negative:random,True,True,,,,,human must confirm non-replication
10.1016/j.jfineco.2004.06.007,10.1016--j.jfineco.2004.06.007,negative_random,negative:random,True,True,,,,,human must confirm non-replication
10.1037/0022-3514.94.4.600,10.1037--0022-3514.94.4.600,negative_random,negative:random,True,True,,,,,human must confirm non-replication
10.1080/13594320903223839,10.1080--13594320903223839,negative_random,negative:random,True,True,,,,,human must confirm non-replication
10.1016/s0005-7967(09)80002-8,10.1016--s0005-7967(09)80002-8,negative_random,negative:random,True,True,,,,,human must confirm non-replication
10.1177/0956797610397956,10.1177--0956797610397956,negative_random,negative:random,True,True,,,,,human must confirm non-replication
10.1007/s40979-020-00054-6,10.1007--s40979-020-00054-6,negative_random,negative:random,True,True,,,,,human must confirm non-replication
10.1002/bdm.495,10.1002--bdm.495,negative_random,negative:random,True,True,,,,,human must confirm non-replication
10.1177/0956797612443838,10.1177--0956797612443838,negative_random,negative:random,True,True,,,,,human must confirm non-replication
10.1037/0033-295x.100.3.363,10.1037--0033-295x.100.3.363,negative_random,negative:random,True,True,,,,,human must confirm non-replication
10.1111/j.1467-9280.2008.02097.x,10.1111--j.1467-9280.2008.02097.x,negative_random,negative:random,True,True,,,,,human must confirm non-replication
10.1108/02683940910952697,10.1108--02683940910952697,negative_random,negative:random,True,True,,,,,human must confirm non-replication
10.1037/0021-9010.93.3.513,10.1037--0021-9010.93.3.513,negative_random,negative:random,True,True,,,,,human must confirm non-replication
10.1146/annurev.psych.57.102904.190127,10.1146--annurev.psych.57.102904.190127,negative_random,negative:random,True,True,,,,,human must confirm non-replication
10.1016/j.cognition.2018.04.007,10.1016--j.cognition.2018.04.007,negative_random,negative:random,True,True,,,,,human must confirm non-replication
10.1177/0146167215572134,10.1177--0146167215572134,negative_random,negative:random,True,True,,,,,human must confirm non-replication
10.1016/j.jesp.2012.11.012,10.1016--j.jesp.2012.11.012,negative_random,negative:random,True,True,,,,,human must confirm non-replication
10.1016/s0960-9822(00)00672-2,10.1016--s0960-9822(00)00672-2,negative_random,negative:random,True,True,,,,,human must confirm non-replication
10.1037/0021-9010.87.1.164,10.1037--0021-9010.87.1.164,negative_random,negative:random,True,True,,,,,human must confirm non-replication
10.1111/j.2044-8295.1997.tb02648.x,10.1111--j.2044-8295.1997.tb02648.x,negative_random,negative:random,True,True,,,,,human must confirm non-replication
10.1177/2515245920919667,10.1177--2515245920919667,negative_random,negative:random,True,True,,,,,human must confirm non-replication
10.2307/2393080,10.2307--2393080,negative_random,negative:random,True,True,,,,,human must confirm non-replication
10.5214/ans.0972.7531.200408,10.5214--ans.0972.7531.200408,negative_random,negative:random,True,True,,,,,human must confirm non-replication
10.1037/0022-3514.84.4.822,10.1037--0022-3514.84.4.822,negative_random,negative:random,True,True,,,,,human must confirm non-replication
10.1037/xge0000157,10.1037--xge0000157,negative_adversarial,negative:adversarial,True,True,,,,,human must confirm non-replication
10.1038/s41598-018-24735-y,10.1038--s41598-018-24735-y,negative_adversarial,negative:adversarial,True,True,,,,,human must confirm non-replication
10.1001/jamapsychiatry.2015.0554,10.1001--jamapsychiatry.2015.0554,negative_adversarial,negative:adversarial,True,True,,,,,human must confirm non-replication
10.1038/ng.3434,10.1038--ng.3434,negative_adversarial,negative:adversarial,True,True,,,,,human must confirm non-replication
10.1038/s41598-018-35209-6,10.1038--s41598-018-35209-6,negative_adversarial,negative:adversarial,True,True,,,,,human must confirm non-replication
10.1038/mp.2011.142,10.1038--mp.2011.142,negative_adversarial,negative:adversarial,True,True,,,,,human must confirm non-replication
