row_id,replication_doi,paper_folder,external_row_id,original_hint,is_replication_paper,why_negative,result,replication_type,original_url,original_title,original_authors,original_year,original_journal,description,citation_sentence,original_n,original_es,original_es_type,original_es_95_CI,original_p_value,original_p_value_type,original_p_value_tails,replication_n,replication_es,replication_es_type,replication_es_95_CI,replication_p_value,replication_p_value_type,replication_p_value_tails,gt_ambiguity,notes
10.1093--scan--nsy030#flora_341,10.1093/scan/nsy030,10.1093--scan--nsy030,flora_341,"Modulating the neural bases of persuasion: why/how, gain/loss, and users/non-users (2016.0)",yes,,,,,,,,,,,,,,,,,,,,,,,,,,
10.1111--lang.70019#flora_64,10.1111/lang.70019,10.1111--lang.70019,flora_64,The Effects of the Timing of Corrective Feedback on the Acquisition of a New Linguistic Structure (2016.0),yes,,,,,,,,,,,,,,,,,,,,,,,,,,
10.1002--smj.3580#flora_225,10.1002/smj.3580,10.1002--smj.3580,flora_225,A Scientific Approach to Entrepreneurial Decision Making: Evidence from a Randomized Control Trial (2020.0),yes,,,,,,,,,,,,,,,,,,,,,,,,,,
10.3102--0013189x20922993#flora_203,10.3102/0013189x20922993,10.3102--0013189x20922993,flora_203,"Different Tests, Different Answers (2011.0)",yes,,,,,,,,,,,,,,,,,,,,,,,,,,
10.1016--j.jsp.2017.07.006#flora_259,10.1016/j.jsp.2017.07.006,10.1016--j.jsp.2017.07.006,flora_259,Developing an Early Reading Intervention Aligned With the Down Syndrome Behavioral Phenotype (2015.0),yes,,,,,,,,,,,,,,,,,,,,,,,,,,
10.18564--jasss.4219#flora_197,10.18564/jasss.4219,10.18564--jasss.4219,flora_197,Dynamics of Performing and Remembering Organizational Routines (2012.0),yes,,,,,,,,,,,,,,,,,,,,,,,,,,
10.1111--lang.12236#flora_385,10.1111/lang.12236,10.1111--lang.12236,flora_385,Effects of distributed practice on the proceduralization of morphology (2016.0),yes,,,,,,,,,,,,,,,,,,,,,,,,,,
10.1002--smj.3453#flora_481,10.1002/smj.3453,10.1002--smj.3453,flora_481,Toward more accurate contextualization of the <scp>CEO</scp> effect on firm performance (2013.0),yes,,,,,,,,,,,,,,,,,,,,,,,,,,
10.1080--10508619.2019.1568142#flora_321,10.1080/10508619.2019.1568142,10.1080--10508619.2019.1568142,flora_321,The moral contents of anti‐atheist prejudice (and why atheists should care about it) (2017.0),yes,,,,,,,,,,,,,,,,,,,,,,,,,,
10.1111--jpr.70014#flora_61,10.1111/jpr.70014,10.1111--jpr.70014,flora_61,How Guilt and Pride Shape Subsequent Self-Control (2012.0),yes,,,,,,,,,,,,,,,,,,,,,,,,,,
10.1037--edu0000326#flora_151,10.1037/edu0000326,10.1037--edu0000326,flora_151,The positive feedback bias as a response to self‐image threat (2010.0),yes,,,,,,,,,,,,,,,,,,,,,,,,,,
10.1111--cdev.13559#flora_169,10.1111/cdev.13559,10.1111--cdev.13559,flora_169,The Development of Regulatory Functions From Birth to 5 Years: Insights From Premature Infants (2009.0),yes,,,,,,,,,,,,,,,,,,,,,,,,,,
10.1037--pspp0000104#flora_44,10.1037/pspp0000104,10.1037--pspp0000104,flora_44,"Agency‐Communion and Self‐Esteem Relations Are Moderated by Culture, Religiosity, Age, and Sex: Evidence for the “Self‐Centrality Breeds Self‐Enhancement” Principle (2013.0)",yes,,,,,,,,,,,,,,,,,,,,,,,,,,
10.1037--fam0000034#flora_110,10.1037/fam0000034,10.1037--fam0000034,flora_110,Oxytocin receptor (<i>OXTR</i>) and serotonin transporter (<i>5-HTT</i>) genes associated with observed parenting (2008.0),yes,,,,,,,,,,,,,,,,,,,,,,,,,,
10.1177--0022219419897268#flora_402,10.1177/0022219419897268,10.1177--0022219419897268,flora_402,"The Relationship of Handwriting Speed, Working Memory, Language Comprehension and Outlines to Lecture Note‐taking and Test‐taking among College Students (2012.0)",yes,,,,,,,,,,,,,,,,,,,,,,,,,,
10.1101--2020.07.10.197269#flora_502,10.1101/2020.07.10.197269,10.1101--2020.07.10.197269,flora_502,"2nd to 4th digit ratios, fetal testosterone and estradiol (2004.0)",yes,,,,,,,,,,,,,,,,,,,,,,,,,,
10.1080--00330124.2012.681509#flora_46,10.1080/00330124.2012.681509,10.1080--00330124.2012.681509,flora_46,Social Vulnerability to Environmental Hazards<sup>*</sup> (2003.0),yes,,,,,,,,,,,,,,,,,,,,,,,,,,
10.1111--padm.12743#flora_65,10.1111/padm.12743,10.1111--padm.12743,flora_65,"Representative Bureaucracy: A Lever to Enhance Social Equity, Coproduction, and Democracy (2016.0)",yes,,,,,,,,,,,,,,,,,,,,,,,,,,
10.1111--padm.12743#flora_104,10.1111/padm.12743,10.1111--padm.12743,flora_104,Representative Bureaucracy and the Willingness to Coproduce: An Experimental Study (2015.0),yes,,,,,,,,,,,,,,,,,,,,,,,,,,
10.1017--s0142716423000127#flora_275,10.1017/s0142716423000127,10.1017--s0142716423000127,flora_275,SOCIAL ATTITUDES AND SPEECH RATINGS (2018.0),yes,,,,,,,,,,,,,,,,,,,,,,,,,,
10.1101--2021.11.30.470372#flora_107,10.1101/2021.11.30.470372,10.1101--2021.11.30.470372,flora_107,RAF inhibitors prime wild-type RAF to activate the MAPK pathway and enhance growth (2010.0),yes,,,,,,,,,,,,,,,,,,,,,,,,,,
10.1177--25152459241267902#flora_205,10.1177/25152459241267902,10.1177--25152459241267902,flora_205,Knowledge and Assertion in 'Gettier' Cases (2015.0),yes,,,,,,,,,,,,,,,,,,,,,,,,,,
10.1561--104.00000071#flora_194,10.1561/104.00000071,10.1561--104.00000071,flora_194,Asset pricing with liquidity risk (2005.0),yes,,,,,,,,,,,,,,,,,,,,,,,,,,
10.1177--2053168014559094#flora_84,10.1177/2053168014559094,10.1177--2053168014559094,flora_84,Child Mortality (2006.0),yes,,,,,,,,,,,,,,,,,,,,,,,,,,
10.1027--1864-9335--a000187#flora_34,10.1027/1864-9335/a000187,10.1027--1864-9335--a000187,flora_34,Experiencing Physical Warmth Promotes Interpersonal Warmth (2008.0),yes,,,,,,,,,,,,,,,,,,,,,,,,,,
10.1098--rsos.191114#flora_347,10.1098/rsos.191114,10.1098--rsos.191114,flora_347,"I am not an animal: Mortality salience, disgust, and the denial of human creatureliness. (2001.0)",yes,,,,,,,,,,,,,,,,,,,,,,,,,,
10.1017--epi.2015.17#flora_24,10.1017/epi.2015.17,10.1017--epi.2015.17,flora_24,Normativity and Epistemic Intuitions (2001.0),yes,,,,,,,,,,,,,,,,,,,,,,,,,,
10.1016--s0163-6383(83)80012-5#flora_512,10.1016/s0163-6383(83)80012-5,10.1016--s0163-6383(83)80012-5,flora_512,Imitation of Facial and Manual Gestures by Human Neonates (1977.0),yes,,,,,,,,,,,,,,,,,,,,,,,,,,
10.1016--j.infbeh.2019.101340#flora_256,10.1016/j.infbeh.2019.101340,10.1016--j.infbeh.2019.101340,flora_256,Infants generate goal‐based action predictions (2011.0),yes,,,,,,,,,,,,,,,,,,,,,,,,,,
10.1027--1864-9335--a000300#flora_525,10.1027/1864-9335/a000300,10.1027--1864-9335--a000300,flora_525,“Not for All the Tea in China!” Political Ideology and the Avoidance of Dissonance-Arousing Situations (2013.0),yes,,,,,,,,,,,,,,,,,,,,,,,,,,
10.1080--00221546.2019.1650582#flora_304,10.1080/00221546.2019.1650582,10.1080--00221546.2019.1650582,flora_304,Reducing the Racial Achievement Gap: A Social-Psychological Intervention (2006.0),yes,,,,,,,,,,,,,,,,,,,,,,,,,,
10.1109--reser.2011.12#flora_359,10.1109/reser.2011.12,10.1109--reser.2011.12,flora_359,A controlled experiment in maintenance: comparing design patterns to simpler solutions (2001.0),yes,,,,,,,,,,,,,,,,,,,,,,,,,,
10.1111--j.1474-9726.2010.00627.x#flora_59,10.1111/j.1474-9726.2010.00627.x,10.1111--j.1474-9726.2010.00627.x,flora_59,FOXO3A genotype is strongly associated with human longevity (2008.0),yes,,,,,,,,,,,,,,,,,,,,,,,,,,
10.1111--j.1365-2265.2011.04175.x#flora_370,10.1111/j.1365-2265.2011.04175.x,10.1111--j.1365-2265.2011.04175.x,flora_370,A Genome-Wide Association Study Identifies Susceptibility Variants for Type 2 Diabetes in Han Chinese (2010.0),yes,,,,,,,,,,,,,,,,,,,,,,,,,,
10.1111--padm.70001#flora_71,10.1111/padm.70001,10.1111--padm.70001,flora_71,Did New Public Management Matter? An empirical analysis of the outsourcing and decentralization effects on public sector size (2013.0),yes,,,,,,,,,,,,,,,,,,,,,,,,,,
10.1371--journal.pone.0261477#flora_441,10.1371/journal.pone.0261477,10.1371--journal.pone.0261477,flora_441,"Meta-analysis of 375,000 individuals identifies 38 susceptibility loci for migraine (2016.0)",yes,,,,,,,,,,,,,,,,,,,,,,,,,,
10.1177--20531680231205157#flora_423,10.1177/20531680231205157,10.1177--20531680231205157,flora_423,Testing the effects of Facebook usage in an ethnically polarized setting (2021.0),yes,,,,,,,,,,,,,,,,,,,,,,,,,,
10.18718--81781.52#flora_508,10.18718/81781.52,10.18718--81781.52,flora_508,Do Parties Matter for Economic Outcomes? A Regression-Discontinuity Approach (2008.0),yes,,,,,,,,,,,,,,,,,,,,,,,,,,
10.3389--fnins.2012.00115#flora_457,10.3389/fnins.2012.00115,10.3389--fnins.2012.00115,flora_457,Genome-wide analysis reveals novel genes influencing temporal lobe structure with relevance to neurodegeneration in Alzheimer's disease (2010.0),yes,,,,,,,,,,,,,,,,,,,,,,,,,,
10.1027--1864-9335--a000183#flora_528,10.1027/1864-9335/a000183,10.1027--1864-9335--a000183,flora_528,Automatic and controlled processes in stereotype priming. (1996.0),yes,,,,,,,,,,,,,,,,,,,,,,,,,,
10.1037--cdp0000775#flora_39,10.1037/cdp0000775,10.1037--cdp0000775,flora_39,Supplemental Material for Measuring Black Men’s Police-Based Discrimination Experiences: Development and Validation of the Police and Law Enforcement (PLE) Scale (2017.0),yes,,,,,,,,,,,,,,,,,,,,,,,,,,
10.1037--xlm0000490#flora_155,10.1037/xlm0000490,10.1037--xlm0000490,flora_155,The negative testing effect and multifactor account. (2013.0),yes,,,,,,,,,,,,,,,,,,,,,,,,,,
10.1027--1864-9335--a000537#flora_518,10.1027/1864-9335/a000537,10.1027--1864-9335--a000537,flora_518,Decision-making in everyday moral conflict situations: Development and validation of a new measure (2019.0),yes,,,,,,,,,,,,,,,,,,,,,,,,,,
10.1027--1864-9335--a000296#flora_524,10.1027/1864-9335/a000296,10.1027--1864-9335--a000296,flora_524,Romantic red: Red enhances men's attraction to women. (2008.0),yes,,,,,,,,,,,,,,,,,,,,,,,,,,
10.3390--jcm10010052#flora_460,10.3390/jcm10010052,10.3390--jcm10010052,flora_460,COVID‐19‐related anxiety predicts somatic symptoms in the UK population (2020.0),yes,,,,,,,,,,,,,,,,,,,,,,,,,,
10.17105--spr-15-0048.1#flora_446,10.17105/spr-15-0048.1,10.17105--spr-15-0048.1,flora_446,An intervention for relational and physical aggression in early childhood: A preliminary study (2009.0),yes,,,,,,,,,,,,,,,,,,,,,,,,,,
10.1016--j.paid.2015.08.031#fred_311,10.1016/j.paid.2015.08.031,10.1016--j.paid.2015.08.031,fred_311,"Moral perfectionism and moral values, virtues, and judgments: A preliminary investigation (2015.0)",yes,,,,,,,,,,,,,,,,,,,,,,,,,,
10.1016--j.paid.2015.08.031#fred_312,10.1016/j.paid.2015.08.031,10.1016--j.paid.2015.08.031,fred_312,"Moral perfectionism and moral values, virtues, and judgments: A preliminary investigation (2015.0)",yes,,,,,,,,,,,,,,,,,,,,,,,,,,
10.1016--j.paid.2015.08.031#fred_313,10.1016/j.paid.2015.08.031,10.1016--j.paid.2015.08.031,fred_313,"Moral perfectionism and moral values, virtues, and judgments: A preliminary investigation (2015.0)",yes,,,,,,,,,,,,,,,,,,,,,,,,,,
10.1016--j.paid.2015.08.031#fred_314,10.1016/j.paid.2015.08.031,10.1016--j.paid.2015.08.031,fred_314,"Moral perfectionism and moral values, virtues, and judgments: A preliminary investigation (2015.0)",yes,,,,,,,,,,,,,,,,,,,,,,,,,,
10.1016--j.paid.2015.08.031#fred_315,10.1016/j.paid.2015.08.031,10.1016--j.paid.2015.08.031,fred_315,"Moral perfectionism and moral values, virtues, and judgments: A preliminary investigation (2015.0)",yes,,,,,,,,,,,,,,,,,,,,,,,,,,
10.1016--j.paid.2015.08.031#fred_316,10.1016/j.paid.2015.08.031,10.1016--j.paid.2015.08.031,fred_316,"Moral perfectionism and moral values, virtues, and judgments: A preliminary investigation (2015.0)",yes,,,,,,,,,,,,,,,,,,,,,,,,,,
10.1111--psyp.12825#fred_223,10.1111/psyp.12825,10.1111--psyp.12825,fred_223,Surface-based morphometry reveals the neuroanatomical basis of the five-factor model of personality (2017.0),yes,,,,,,,,,,,,,,,,,,,,,,,,,,
10.17605--osf.io--w34fb#fred_295,10.17605/osf.io/w34fb,10.17605--osf.io--w34fb,fred_295,More than a body: Mind perception and the nature of objectification. (2011.0),yes,,,,,,,,,,,,,,,,,,,,,,,,,,
10.1007--s13164-018-0400-9#fred_49,10.1007/s13164-018-0400-9,10.1007--s13164-018-0400-9,fred_49,Intentional action and side effects in ordinary language (2003.0),yes,,,,,,,,,,,,,,,,,,,,,,,,,,
10.17605--osf.io--4hjck#fred_205,10.17605/osf.io/4hjck,10.17605--osf.io--4hjck,fred_205,Numeracy and Decision Making (2006.0),yes,,,,,,,,,,,,,,,,,,,,,,,,,,
10.1037--a0024923#fred_218,10.1037/a0024923,10.1037--a0024923,fred_218,Children's and adults' judgments of equitable resource distributions (2009.0),yes,,,,,,,,,,,,,,,,,,,,,,,,,,
10.1177--0956797619831612#fred_188,10.1177/0956797619831612,10.1177--0956797619831612,fred_188,Gratitude and forgiveness: Convergence and divergence on self-report and informant ratings (2010.0),yes,,,,,,,,,,,,,,,,,,,,,,,,,,
10.1177--0956797619831612#fred_192,10.1177/0956797619831612,10.1177--0956797619831612,fred_192,"Spirituality: Description, Measurement, and Relation to the Five Factor Model of Personality (2000.0)",yes,,,,,,,,,,,,,,,,,,,,,,,,,,
10.1177--0956797619831612#fred_193,10.1177/0956797619831612,10.1177--0956797619831612,fred_193,"Spirituality: Description, Measurement, and Relation to the Five Factor Model of Personality (2000.0)",yes,,,,,,,,,,,,,,,,,,,,,,,,,,
10.1177--0956797619831612#fred_194,10.1177/0956797619831612,10.1177--0956797619831612,fred_194,"Spirituality: Description, Measurement, and Relation to the Five Factor Model of Personality (2000.0)",yes,,,,,,,,,,,,,,,,,,,,,,,,,,
10.1177--0956797619831612#fred_195,10.1177/0956797619831612,10.1177--0956797619831612,fred_195,"Spirituality: Description, Measurement, and Relation to the Five Factor Model of Personality (2000.0)",yes,,,,,,,,,,,,,,,,,,,,,,,,,,
10.1177--0956797619831612#fred_196,10.1177/0956797619831612,10.1177--0956797619831612,fred_196,"Spirituality: Description, Measurement, and Relation to the Five Factor Model of Personality (2000.0)",yes,,,,,,,,,,,,,,,,,,,,,,,,,,
10.17605--osf.io--g2zv6#fred_310,10.17605/osf.io/g2zv6,10.17605--osf.io--g2zv6,fred_310,The essential moral self (2014.0),yes,,,,,,,,,,,,,,,,,,,,,,,,,,
10.1111--jpr.12158#fred_216,10.1111/jpr.12158,10.1111--jpr.12158,fred_216,Paranormal and Religious Believers Are More Prone to Illusory Face Perception than Skeptics and Non‐believers (2012.0),yes,,,,,,,,,,,,,,,,,,,,,,,,,,
10.1111--jpr.12158#fred_217,10.1111/jpr.12158,10.1111--jpr.12158,fred_217,Paranormal and Religious Believers Are More Prone to Illusory Face Perception than Skeptics and Non‐believers (2012.0),yes,,,,,,,,,,,,,,,,,,,,,,,,,,
10.1177--1948550618808863#fred_212,10.1177/1948550618808863,10.1177--1948550618808863,fred_212,"Ignoring History, Denying Racism: Mounting Evidence for the Marley Hypothesis and Epistemologies of Ignorance (2018.0)",yes,,,,,,,,,,,,,,,,,,,,,,,,,,
10.1177--1948550618808863#fred_213,10.1177/1948550618808863,10.1177--1948550618808863,fred_213,"Ignoring History, Denying Racism: Mounting Evidence for the Marley Hypothesis and Epistemologies of Ignorance (2018.0)",yes,,,,,,,,,,,,,,,,,,,,,,,,,,
10.17605--osf.io--j3ue4#fred_6,10.17605/osf.io/j3ue4,10.17605--osf.io--j3ue4,fred_6,The role of public exposure in moral and nonmoral shame and guilt. (2002.0),yes,,,,,,,,,,,,,,,,,,,,,,,,,,
10.17605--osf.io--j3ue4#fred_8,10.17605/osf.io/j3ue4,10.17605--osf.io--j3ue4,fred_8,The role of public exposure in moral and nonmoral shame and guilt. (2002.0),yes,,,,,,,,,,,,,,,,,,,,,,,,,,
10.17605--osf.io--j3ue4#fred_10,10.17605/osf.io/j3ue4,10.17605--osf.io--j3ue4,fred_10,The role of public exposure in moral and nonmoral shame and guilt. (2002.0),yes,,,,,,,,,,,,,,,,,,,,,,,,,,
10.17605--osf.io--j3ue4#fred_12,10.17605/osf.io/j3ue4,10.17605--osf.io--j3ue4,fred_12,The role of public exposure in moral and nonmoral shame and guilt. (2002.0),yes,,,,,,,,,,,,,,,,,,,,,,,,,,
10.17605--osf.io--j3ue4#fred_15,10.17605/osf.io/j3ue4,10.17605--osf.io--j3ue4,fred_15,The role of public exposure in moral and nonmoral shame and guilt. (2002.0),yes,,,,,,,,,,,,,,,,,,,,,,,,,,
10.1177--2515245920958687#fred_245,10.1177/2515245920958687,10.1177--2515245920958687,fred_245,Detecting the Snake in the Grass (2008.0),yes,,,,,,,,,,,,,,,,,,,,,,,,,,
10.1177--2515245920958687#fred_246,10.1177/2515245920958687,10.1177--2515245920958687,fred_246,Detecting the Snake in the Grass (2008.0),yes,,,,,,,,,,,,,,,,,,,,,,,,,,
10.1037--a0036079#fred_266,10.1037/a0036079,10.1037--a0036079,fred_266,The substitutability of physical and social warmth in daily life. (2012.0),yes,,,,,,,,,,,,,,,,,,,,,,,,,,
10.1037--a0036079#fred_267,10.1037/a0036079,10.1037--a0036079,fred_267,The substitutability of physical and social warmth in daily life. (2012.0),yes,,,,,,,,,,,,,,,,,,,,,,,,,,
10.1037--a0036079#fred_268,10.1037/a0036079,10.1037--a0036079,fred_268,The substitutability of physical and social warmth in daily life. (2012.0),yes,,,,,,,,,,,,,,,,,,,,,,,,,,
10.1037--a0036079#fred_269,10.1037/a0036079,10.1037--a0036079,fred_269,The substitutability of physical and social warmth in daily life. (2012.0),yes,,,,,,,,,,,,,,,,,,,,,,,,,,
10.1037--a0036079#fred_270,10.1037/a0036079,10.1037--a0036079,fred_270,The substitutability of physical and social warmth in daily life. (2012.0),yes,,,,,,,,,,,,,,,,,,,,,,,,,,
10.1037--a0036079#fred_271,10.1037/a0036079,10.1037--a0036079,fred_271,The substitutability of physical and social warmth in daily life. (2012.0),yes,,,,,,,,,,,,,,,,,,,,,,,,,,
10.48550--arxiv.1605.00178#fred_225,10.48550/arxiv.1605.00178,10.48550--arxiv.1605.00178,fred_225,Quantification and ACD: Evidence from Real-Time Sentence Processing (2012.0),yes,,,,,,,,,,,,,,,,,,,,,,,,,,
10.48550--arxiv.1605.00178#fred_226,10.48550/arxiv.1605.00178,10.48550--arxiv.1605.00178,fred_226,Quantification and ACD: Evidence from Real-Time Sentence Processing (2012.0),yes,,,,,,,,,,,,,,,,,,,,,,,,,,
10.48550--arxiv.1605.00178#fred_227,10.48550/arxiv.1605.00178,10.48550--arxiv.1605.00178,fred_227,Quantification and ACD: Evidence from Real-Time Sentence Processing (2012.0),yes,,,,,,,,,,,,,,,,,,,,,,,,,,
10.48550--arxiv.1605.00178#fred_228,10.48550/arxiv.1605.00178,10.48550--arxiv.1605.00178,fred_228,Quantification and ACD: Evidence from Real-Time Sentence Processing (2012.0),yes,,,,,,,,,,,,,,,,,,,,,,,,,,
10.48550--arxiv.1605.00178#fred_229,10.48550/arxiv.1605.00178,10.48550--arxiv.1605.00178,fred_229,Quantification and ACD: Evidence from Real-Time Sentence Processing (2012.0),yes,,,,,,,,,,,,,,,,,,,,,,,,,,
10.48550--arxiv.1605.00178#fred_230,10.48550/arxiv.1605.00178,10.48550--arxiv.1605.00178,fred_230,Quantification and ACD: Evidence from Real-Time Sentence Processing (2012.0),yes,,,,,,,,,,,,,,,,,,,,,,,,,,
10.1098--rsos.231240#fred_37,10.1098/rsos.231240,10.1098--rsos.231240,fred_37,Modulation of emotion by cognition and cognition by emotion (2007.0),yes,,,,,,,,,,,,,,,,,,,,,,,,,,
10.1098--rsos.231240#fred_38,10.1098/rsos.231240,10.1098--rsos.231240,fred_38,Connective-Collective Action on Social Media: Moderated Mediation of Cognitive Elaboration and Perceived Source Credibility on Personalness of Source (2015.0),yes,,,,,,,,,,,,,,,,,,,,,,,,,,
10.1098--rsos.231240#fred_39,10.1098/rsos.231240,10.1098--rsos.231240,fred_39,Mapping out past and future minds: The perceived trajectory of rationality versus emotionality over time. (2015.0),yes,,,,,,,,,,,,,,,,,,,,,,,,,,
10.1098--rsos.231240#fred_40,10.1098/rsos.231240,10.1098--rsos.231240,fred_40,Brief intervention to encourage empathic discipline cuts suspension rates in half among adolescents (2016.0),yes,,,,,,,,,,,,,,,,,,,,,,,,,,
10.1098--rsos.231240#fred_41,10.1098/rsos.231240,10.1098--rsos.231240,fred_41,Opening the mind to close it: Considering a message in light of important values increases message processing and later resistance to change. (2008.0),yes,,,,,,,,,,,,,,,,,,,,,,,,,,
10.1098--rsos.231240#fred_42,10.1098/rsos.231240,10.1098--rsos.231240,fred_42,Reflection and Reasoning in Moral Judgment (2011.0),yes,,,,,,,,,,,,,,,,,,,,,,,,,,
10.18718--81781.27#fred_161,10.18718/81781.27,10.18718--81781.27,fred_161,Gender Differences in the Giving and Taking Variants of the Dictator Game (2017.0),yes,,,,,,,,,,,,,,,,,,,,,,,,,,
10.18718--81781.27#fred_172,10.18718/81781.27,10.18718--81781.27,fred_172,Gender Differences in the Giving and Taking Variants of the Dictator Game (2017.0),yes,,,,,,,,,,,,,,,,,,,,,,,,,,
10.18718--81781.27#fred_173,10.18718/81781.27,10.18718--81781.27,fred_173,Gender Differences in the Giving and Taking Variants of the Dictator Game (2017.0),yes,,,,,,,,,,,,,,,,,,,,,,,,,,
10.18718--81781.27#fred_174,10.18718/81781.27,10.18718--81781.27,fred_174,Gender Differences in the Giving and Taking Variants of the Dictator Game (2017.0),yes,,,,,,,,,,,,,,,,,,,,,,,,,,
10.18718--81781.27#fred_175,10.18718/81781.27,10.18718--81781.27,fred_175,Gender Differences in the Giving and Taking Variants of the Dictator Game (2017.0),yes,,,,,,,,,,,,,,,,,,,,,,,,,,
10.17605--osf.io--rge23#fred_199,10.17605/osf.io/rge23,10.17605--osf.io--rge23,fred_199,Need for Cognition and Expectations as Determinants of Affective Experience (2003.0),yes,,,,,,,,,,,,,,,,,,,,,,,,,,
10.17605--osf.io--rge23#fred_200,10.17605/osf.io/rge23,10.17605--osf.io--rge23,fred_200,Need for Cognition and Expectations as Determinants of Affective Experience (2003.0),yes,,,,,,,,,,,,,,,,,,,,,,,,,,
10.17605--osf.io--rge23#fred_201,10.17605/osf.io/rge23,10.17605--osf.io--rge23,fred_201,Need for Cognition and Expectations as Determinants of Affective Experience (2003.0),yes,,,,,,,,,,,,,,,,,,,,,,,,,,
10.17605--osf.io--rge23#fred_202,10.17605/osf.io/rge23,10.17605--osf.io--rge23,fred_202,Need for Cognition and Expectations as Determinants of Affective Experience (2003.0),yes,,,,,,,,,,,,,,,,,,,,,,,,,,
10.1037--0022-3514.83.2.406#fred_99,10.1037/0022-3514.83.2.406,10.1037--0022-3514.83.2.406,fred_99,Automaticity of social behavior: Direct effects of trait construct and stereotype activation on action. (1996.0),yes,,,,,,,,,,,,,,,,,,,,,,,,,,
10.1037--0022-3514.83.2.406#fred_100,10.1037/0022-3514.83.2.406,10.1037--0022-3514.83.2.406,fred_100,Automaticity of social behavior: Direct effects of trait construct and stereotype activation on action. (1996.0),yes,,,,,,,,,,,,,,,,,,,,,,,,,,
10.1002--pits.22027#fred_233,10.1002/pits.22027,10.1002--pits.22027,fred_233,Engagement and disaffection in the classroom: Part of a larger motivational dynamic? (2008.0),yes,,,,,,,,,,,,,,,,,,,,,,,,,,
10.1002--pits.22027#fred_234,10.1002/pits.22027,10.1002--pits.22027,fred_234,Engagement and disaffection in the classroom: Part of a larger motivational dynamic? (2008.0),yes,,,,,,,,,,,,,,,,,,,,,,,,,,
10.1002--pits.22027#fred_235,10.1002/pits.22027,10.1002--pits.22027,fred_235,Engagement and disaffection in the classroom: Part of a larger motivational dynamic? (2008.0),yes,,,,,,,,,,,,,,,,,,,,,,,,,,
10.1002--pits.22027#fred_236,10.1002/pits.22027,10.1002--pits.22027,fred_236,Engagement and disaffection in the classroom: Part of a larger motivational dynamic? (2008.0),yes,,,,,,,,,,,,,,,,,,,,,,,,,,
10.1002--pits.22027#fred_237,10.1002/pits.22027,10.1002--pits.22027,fred_237,Engagement and disaffection in the classroom: Part of a larger motivational dynamic? (2008.0),yes,,,,,,,,,,,,,,,,,,,,,,,,,,
10.1002--pits.22027#fred_238,10.1002/pits.22027,10.1002--pits.22027,fred_238,Engagement and disaffection in the classroom: Part of a larger motivational dynamic? (2008.0),yes,,,,,,,,,,,,,,,,,,,,,,,,,,
10.1002--rrq.62#fred_298,10.1002/rrq.62,10.1002--rrq.62,fred_298,Scaffolding Voluntary Summer Reading for Children in Grades 3 to 5: An Experimental Study (2008.0),yes,,,,,,,,,,,,,,,,,,,,,,,,,,
10.1037--xge0000067#fred_214,10.1037/xge0000067,10.1037--xge0000067,fred_214,"RETRACTED: Sense Creative! The Impact of Global and Local Vision, Hearing, Touching, Tasting and Smelling on Creative and Analytic Thought (2011.0)",yes,,,,,,,,,,,,,,,,,,,,,,,,,,
10.1037--xge0000067#fred_215,10.1037/xge0000067,10.1037--xge0000067,fred_215,"RETRACTED: Sense Creative! The Impact of Global and Local Vision, Hearing, Touching, Tasting and Smelling on Creative and Analytic Thought (2011.0)",yes,,,,,,,,,,,,,,,,,,,,,,,,,,
10.1111--bjso.12217#fred_219,10.1111/bjso.12217,10.1111--bjso.12217,fred_219,An inkblot for attitudes: Affect misattribution as implicit measurement. (2005.0),yes,,,,,,,,,,,,,,,,,,,,,,,,,,
10.1111--bjso.12217#fred_220,10.1111/bjso.12217,10.1111--bjso.12217,fred_220,An inkblot for attitudes: Affect misattribution as implicit measurement. (2005.0),yes,,,,,,,,,,,,,,,,,,,,,,,,,,
10.18718--81781.23#fred_107,10.18718/81781.23,10.18718--81781.23,fred_107,"Public goods, merit goods, and the relation between private and government consumption (2004.0)",yes,,,,,,,,,,,,,,,,,,,,,,,,,,
10.18718--81781.23#fred_108,10.18718/81781.23,10.18718--81781.23,fred_108,"Public goods, merit goods, and the relation between private and government consumption (2004.0)",yes,,,,,,,,,,,,,,,,,,,,,,,,,,
10.18718--81781.23#fred_109,10.18718/81781.23,10.18718--81781.23,fred_109,"Public goods, merit goods, and the relation between private and government consumption (2004.0)",yes,,,,,,,,,,,,,,,,,,,,,,,,,,
10.18718--81781.23#fred_110,10.18718/81781.23,10.18718--81781.23,fred_110,"Public goods, merit goods, and the relation between private and government consumption (2004.0)",yes,,,,,,,,,,,,,,,,,,,,,,,,,,
10.18718--81781.23#fred_111,10.18718/81781.23,10.18718--81781.23,fred_111,"Public goods, merit goods, and the relation between private and government consumption (2004.0)",yes,,,,,,,,,,,,,,,,,,,,,,,,,,
10.18718--81781.23#fred_112,10.18718/81781.23,10.18718--81781.23,fred_112,"Public goods, merit goods, and the relation between private and government consumption (2004.0)",yes,,,,,,,,,,,,,,,,,,,,,,,,,,
10.1016--j.cogdev.2017.10.004#fred_222,10.1016/j.cogdev.2017.10.004,10.1016--j.cogdev.2017.10.004,fred_222,Eighteen‐ and 24‐month‐old infants correct others in anticipation of action mistakes (2011.0),yes,,,,,,,,,,,,,,,,,,,,,,,,,,
10.1080--09658211.2011.590505#fred_263,10.1080/09658211.2011.590505,10.1080--09658211.2011.590505,fred_263,Autobiographical memory processes and the course of depression. (1999.0),yes,,,,,,,,,,,,,,,,,,,,,,,,,,
10.1080--09658211.2011.590505#fred_264,10.1080/09658211.2011.590505,10.1080--09658211.2011.590505,fred_264,Autobiographical memory processes and the course of depression. (1999.0),yes,,,,,,,,,,,,,,,,,,,,,,,,,,
10.1080--09658211.2011.590505#fred_265,10.1080/09658211.2011.590505,10.1080--09658211.2011.590505,fred_265,Autobiographical memory processes and the course of depression. (1999.0),yes,,,,,,,,,,,,,,,,,,,,,,,,,,
10.1002--ejsp.2748#mainf_ba5c51248e,10.1002/ejsp.2748,10.1002--ejsp.2748,mainf_ba5c51248e,Beyond motivated reasoning: Hostile reactions to critical comments from the outgroup. (2018.0),yes,,,,,,,,,,,,,,,,,,,,,,,,,,
10.1007--s00426-019-01203-4#mainf_72d9b0d269,10.1007/s00426-019-01203-4,10.1007--s00426-019-01203-4,mainf_72d9b0d269,Facing Freeze (2010.0),yes,,,,,,,,,,,,,,,,,,,,,,,,,,
10.1016--j.actpsy.2020.103138#mainf_66fa4788f8,10.1016/j.actpsy.2020.103138,10.1016--j.actpsy.2020.103138,mainf_66fa4788f8,Age of acquisition effects depend on the mapping between representations and the frequency of occurrence: Empirical and computational evidence (2006.0),yes,,,,,,,,,,,,,,,,,,,,,,,,,,
10.1016--j.actpsy.2022.103717#mainf_a2b6f468cd,10.1016/j.actpsy.2022.103717,10.1016--j.actpsy.2022.103717,mainf_a2b6f468cd,Brain Drain: The Mere Presence of One’s Own Smartphone Reduces Available Cognitive Capacity (2017.0),yes,,,,,,,,,,,,,,,,,,,,,,,,,,
10.1016--j.intell.2020.101471#mainf_3688a0dc7a,10.1016/j.intell.2020.101471,10.1016--j.intell.2020.101471,mainf_3688a0dc7a,Implicit Theories of Intelligence Predict Achievement Across an Adolescent Transition: A Longitudinal Study and an Intervention (2007.0),yes,,,,,,,,,,,,,,,,,,,,,,,,,,
10.1016--j.jesp.2023.104549#mainf_72fbf7d05c,10.1016/j.jesp.2023.104549,10.1016--j.jesp.2023.104549,mainf_72fbf7d05c,Analytic thinking reduces belief in conspiracy theories (2014.0),yes,,,,,,,,,,,,,,,,,,,,,,,,,,
10.1016--j.jesp.2023.104549#mainf_f61e10fa5c,10.1016/j.jesp.2023.104549,10.1016--j.jesp.2023.104549,mainf_f61e10fa5c,Analytic thinking reduces belief in conspiracy theories (2014.0),yes,,,,,,,,,,,,,,,,,,,,,,,,,,
10.1098--rsos.210641#mainf_f69e708375,10.1098/rsos.210641,10.1098--rsos.210641,mainf_f69e708375,The Aging of the Social Mind - Differential Effects on Components of Social Understanding (2017.0),yes,,,,,,,,,,,,,,,,,,,,,,,,,,
10.1098--rsos.210641#mainf_d05d14818f,10.1098/rsos.210641,10.1098--rsos.210641,mainf_d05d14818f,The Aging of the Social Mind - Differential Effects on Components of Social Understanding (2017.0),yes,,,,,,,,,,,,,,,,,,,,,,,,,,
10.1098--rsos.210641#mainf_52894d82df,10.1098/rsos.210641,10.1098--rsos.210641,mainf_52894d82df,The Aging of the Social Mind - Differential Effects on Components of Social Understanding (2017.0),yes,,,,,,,,,,,,,,,,,,,,,,,,,,
10.1177--01461672211052120#mainf_cf2790f362,10.1177/01461672211052120,10.1177--01461672211052120,mainf_cf2790f362,The drunk utilitarian: Blood alcohol concentration predicts utilitarian responses in moral dilemmas (2014.0),yes,,,,,,,,,,,,,,,,,,,,,,,,,,
10.1177--0956797617747090#mainf_5711a463c7,10.1177/0956797617747090,10.1177--0956797617747090,mainf_5711a463c7,Action Anticipation Through Attribution of False Belief by 2-Year-Olds (2007.0),yes,,,,,,,,,,,,,,,,,,,,,,,,,,
10.1525--collabra.185#mainf_01059a4ba3,10.1525/collabra.185,10.1525--collabra.185,mainf_01059a4ba3,Foundational Tests of the Need-Support Model (2017.0),yes,,,,,,,,,,,,,,,,,,,,,,,,,,
10.1525--collabra.185#mainf_ed873efa07,10.1525/collabra.185,10.1525--collabra.185,mainf_ed873efa07,Foundational Tests of the Need-Support Model (2017.0),yes,,,,,,,,,,,,,,,,,,,,,,,,,,
10.1525--collabra.185#mainf_2a8e6fa66b,10.1525/collabra.185,10.1525--collabra.185,mainf_2a8e6fa66b,Foundational Tests of the Need-Support Model (2017.0),yes,,,,,,,,,,,,,,,,,,,,,,,,,,
10.1525--collabra.277#mainf_20277dcfde,10.1525/collabra.277,10.1525--collabra.277,mainf_20277dcfde,The semantic red effect: Processing the word red undermines intellectual performance (2009.0),yes,,,,,,,,,,,,,,,,,,,,,,,,,,
10.31234--osf.io--drfht#mainf_8c2a51dec6,10.31234/osf.io/drfht,10.31234--osf.io--drfht,mainf_8c2a51dec6,Placebo analgesia and its opioidergic regulation suggest that empathy for pain is grounded in self pain (2015.0),yes,,,,,,,,,,,,,,,,,,,,,,,,,,
10.3389--fpsyg.2014.00786#mainf_5df2ffe3fd,10.3389/fpsyg.2014.00786,10.3389--fpsyg.2014.00786,mainf_5df2ffe3fd,Measuring the Crowd Within (2008.0),yes,,,,,,,,,,,,,,,,,,,,,,,,,,
10.1027--1864-9335--a000186#mainf_fc2d5dc9fe,10.1027/1864-9335/a000186,10.1027--1864-9335--a000186,mainf_fc2d5dc9fe,With a Clean Conscience (2008.0),yes,,,,,,,,,,,,,,,,,,,,,,,,,,
10.1027--1864-9335--a000186#mainf_e1dc8d815b,10.1027/1864-9335/a000186,10.1027--1864-9335--a000186,mainf_e1dc8d815b,"Cleanliness Reduces the Severity of
Moral Judgment (2013.0)",yes,,,,,,,,,,,,,,,,,,,,,,,,,,
10.1016--j.jesp.2020.104052#mainf_e0e12977e6,10.1016/j.jesp.2020.104052,10.1016--j.jesp.2020.104052,mainf_e0e12977e6,Distinction Bias: Misprediction and Mischoice Due to Joint Evaluation. (2004.0),yes,,,,,,,,,,,,,,,,,,,,,,,,,,
10.1371--journal.pone.0029081#mainf_4a16210cbe,10.1371/journal.pone.0029081,10.1371--journal.pone.0029081,mainf_4a16210cbe,Automaticity of social behavior: Direct effects of trait construct and stereotype activation on action (1996),yes,,,,,,,,,,,,,,,,,,,,,,,,,,
10.1177--2515245918777487#mainf_3dc6d2cee6,10.1177/2515245918777487,10.1177--2515245918777487,mainf_3dc6d2cee6,"The role of category accessibility in the interpretation of
information about persons: Some determinants and implications (1979.0)",yes,,,,,,,,,,,,,,,,,,,,,,,,,,
10.1177--1745691618755704#mainf_2d568f212f,10.1177/1745691618755704,10.1177--1745691618755704,mainf_2d568f212f,"The relation between perception and behavior, or how to win a
game of trivial pursuit (1998.0)",yes,,,,,,,,,,,,,,,,,,,,,,,,,,
10.1177--2515245918781032#mainf_9a8b122d8c,10.1177/2515245918781032,10.1177--2515245918781032,mainf_9a8b122d8c,"The Dishonesty of Honest People: A Theory of Self-Concept
Maintenance (2008.0)",yes,,,,,,,,,,,,,,,,,,,,,,,,,,
10.1371--journal.pone.0042510#mainf_ded11be2a9,10.1371/journal.pone.0042510,10.1371--journal.pone.0042510,mainf_ded11be2a9,Keeping One's Distance (2008.0),yes,,,,,,,,,,,,,,,,,,,,,,,,,,
10.1177--1745691616664694#mainf_5573c20497,10.1177/1745691616664694,10.1177--1745691616664694,mainf_5573c20497,"Dealing with betrayal in close relationships: Does commitment
promote forgiveness? (2002.0)",yes,,,,,,,,,,,,,,,,,,,,,,,,,,
10.1257--mac.6.3.1#mainf_86241f5ed5,10.1257/mac.6.3.1,10.1257--mac.6.3.1,mainf_86241f5ed5,Reversal of Fortune: Geography and Institutions in the Making of the Modern World Income Distribution (2001),yes,,,,,,,,,,,,,,,,,,,,,,,,,,
10.1111--j.1540-6261.2012.01744.x#mainf_0715da0871,10.1111/j.1540-6261.2012.01744.x,10.1111--j.1540-6261.2012.01744.x,mainf_0715da0871,CEO Compensation and Board Structure (2008),yes,,,,,,,,,,,,,,,,,,,,,,,,,,
10.23846--rps0002#mainf_62b2a670fc,10.23846/rps0002,10.23846--rps0002,mainf_62b2a670fc,The Power of TV: Cable Television and Women's Status in India (2009),yes,,,,,,,,,,,,,,,,,,,,,,,,,,
10.1177--1091142114537893#mainf_a7f158b2c0,10.1177/1091142114537893,10.1177--1091142114537893,mainf_a7f158b2c0,Millionaire Migration and State Taxation of Top Incomes: Evidence from a Natural Experiment (2005),yes,,,,,,,,,,,,,,,,,,,,,,,,,,
10.1007--s00181-005-0242-z#mainf_4b29ee1c0d,10.1007/s00181-005-0242-z,10.1007--s00181-005-0242-z,mainf_4b29ee1c0d,On using current information to value hard-rock mineral properties (1998),yes,,,,,,,,,,,,,,,,,,,,,,,,,,
10.1007--s00181-018-1457-0#mainf_820e3ec4ea,10.1007/s00181-018-1457-0,10.1007--s00181-018-1457-0,mainf_820e3ec4ea,Entry regulation and entrepreneurship: a natural experiment in German craftsmanship (2004),yes,,,,,,,,,,,,,,,,,,,,,,,,,,
10.7554--elife.51019#1,10.7554/elife.51019,10.7554--elife.51019,,,yes,,,,,,,,,,,,,,,,,,,,,,,,,,
10.7554--elife.04363#1,10.7554/elife.04363,10.7554--elife.04363,,,yes,,,,,,,,,,,,,,,,,,,,,,,,,,
10.7554--elife.11566#1,10.7554/elife.11566,10.7554--elife.11566,,,yes,,,,,,,,,,,,,,,,,,,,,,,,,,
10.7554--elife.11999#1,10.7554/elife.11999,10.7554--elife.11999,,,yes,,,,,,,,,,,,,,,,,,,,,,,,,,
10.7554--elife.09976#1,10.7554/elife.09976,10.7554--elife.09976,,,yes,,,,,,,,,,,,,,,,,,,,,,,,,,
10.7554--elife.45426#1,10.7554/elife.45426,10.7554--elife.45426,,,yes,,,,,,,,,,,,,,,,,,,,,,,,,,
10.7554--elife.11414#1,10.7554/elife.11414,10.7554--elife.11414,,,yes,,,,,,,,,,,,,,,,,,,,,,,,,,
10.7554--elife.17584#1,10.7554/elife.17584,10.7554--elife.17584,,,yes,,,,,,,,,,,,,,,,,,,,,,,,,,
10.7554--elife.26030#1,10.7554/elife.26030,10.7554--elife.26030,,,yes,,,,,,,,,,,,,,,,,,,,,,,,,,
10.7554--elife.21253#1,10.7554/elife.21253,10.7554--elife.21253,,,yes,,,,,,,,,,,,,,,,,,,,,,,,,,
10.7554--elife.45120#1,10.7554/elife.45120,10.7554--elife.45120,,,yes,,,,,,,,,,,,,,,,,,,,,,,,,,
10.7554--elife.17044#1,10.7554/elife.17044,10.7554--elife.17044,,,yes,,,,,,,,,,,,,,,,,,,,,,,,,,
10.7554--elife.56651#1,10.7554/elife.56651,10.7554--elife.56651,,,yes,,,,,,,,,,,,,,,,,,,,,,,,,,
10.7554--elife.43511#1,10.7554/elife.43511,10.7554--elife.43511,,,yes,,,,,,,,,,,,,,,,,,,,,,,,,,
10.7554--elife.25306#1,10.7554/elife.25306,10.7554--elife.25306,,,yes,,,,,,,,,,,,,,,,,,,,,,,,,,
10.7554--elife.29747#1,10.7554/elife.29747,10.7554--elife.29747,,,yes,,,,,,,,,,,,,,,,,,,,,,,,,,
10.7554--elife.18173#1,10.7554/elife.18173,10.7554--elife.18173,,,yes,,,,,,,,,,,,,,,,,,,,,,,,,,
10.7554--elife.34364#1,10.7554/elife.34364,10.7554--elife.34364,,,yes,,,,,,,,,,,,,,,,,,,,,,,,,,
10.7554--elife.39944#1,10.7554/elife.39944,10.7554--elife.39944,,,yes,,,,,,,,,,,,,,,,,,,,,,,,,,
10.7554--elife.21634#1,10.7554/elife.21634,10.7554--elife.21634,,,yes,,,,,,,,,,,,,,,,,,,,,,,,,,
10.7554--elife.10860#1,10.7554/elife.10860,10.7554--elife.10860,,,yes,,,,,,,,,,,,,,,,,,,,,,,,,,
10.7554--elife.30274#1,10.7554/elife.30274,10.7554--elife.30274,,,yes,,,,,,,,,,,,,,,,,,,,,,,,,,
10.7554--elife.25801#1,10.7554/elife.25801,10.7554--elife.25801,,,yes,,,,,,,,,,,,,,,,,,,,,,,,,,
10.1101--2025.04.02.645026#1,10.1101/2025.04.02.645026,10.1101--2025.04.02.645026,,,yes,,,,,,,,,,,,,,,,,,,,,,,,,,
10.1007--s40279-025-02201-w#1,10.1007/s40279-025-02201-w,10.1007--s40279-025-02201-w,,,yes,,,,,,,,,,,,,,,,,,,,,,,,,,
10.1038--sj.ejhg.5201866#1,10.1038/sj.ejhg.5201866,10.1038--sj.ejhg.5201866,,,yes,,,,,,,,,,,,,,,,,,,,,,,,,,
10.1186--s40001-024-01786-8#1,10.1186/s40001-024-01786-8,10.1186--s40001-024-01786-8,,,yes,,,,,,,,,,,,,,,,,,,,,,,,,,
10.1046--j.1365-2133.1996.d01-1096.x#1,10.1046/j.1365-2133.1996.d01-1096.x,10.1046--j.1365-2133.1996.d01-1096.x,,,yes,,,,,,,,,,,,,,,,,,,,,,,,,,
10.1016--j.diabres.2017.02.013#1,10.1016/j.diabres.2017.02.013,10.1016--j.diabres.2017.02.013,,,yes,,,,,,,,,,,,,,,,,,,,,,,,,,
10.1016--j.ejrad.2024.111825#1,10.1016/j.ejrad.2024.111825,10.1016--j.ejrad.2024.111825,,,yes,,,,,,,,,,,,,,,,,,,,,,,,,,
10.1111--j.1532-5415.1989.tb06814.x#1,10.1111/j.1532-5415.1989.tb06814.x,10.1111--j.1532-5415.1989.tb06814.x,,,yes,,,,,,,,,,,,,,,,,,,,,,,,,,
10.1186--s12877-019-1311-z#1,10.1186/s12877-019-1311-z,10.1186--s12877-019-1311-z,,,yes,,,,,,,,,,,,,,,,,,,,,,,,,,
10.1186--s13223-020-0411-9#1,10.1186/s13223-020-0411-9,10.1186--s13223-020-0411-9,,,yes,,,,,,,,,,,,,,,,,,,,,,,,,,
10.4049--jimmunol.1102775#1,10.4049/jimmunol.1102775,10.4049--jimmunol.1102775,,,yes,,,,,,,,,,,,,,,,,,,,,,,,,,
10.1167--iovs.11-8068#1,10.1167/iovs.11-8068,10.1167--iovs.11-8068,,,yes,,,,,,,,,,,,,,,,,,,,,,,,,,
10.1186--s12886-022-02359-1#1,10.1186/s12886-022-02359-1,10.1186--s12886-022-02359-1,,,yes,,,,,,,,,,,,,,,,,,,,,,,,,,
10.1007--s10157-013-0797-5#1,10.1007/s10157-013-0797-5,10.1007--s10157-013-0797-5,,,yes,,,,,,,,,,,,,,,,,,,,,,,,,,
10.1016--j.bbacli.2015.12.004#1,10.1016/j.bbacli.2015.12.004,10.1016--j.bbacli.2015.12.004,,,yes,,,,,,,,,,,,,,,,,,,,,,,,,,
10.1021--acscentsci.0c01028#1,10.1021/acscentsci.0c01028,10.1021--acscentsci.0c01028,,,yes,,,,,,,,,,,,,,,,,,,,,,,,,,
10.1001--archneurol.2011.155#1,10.1001/archneurol.2011.155,10.1001--archneurol.2011.155,,,yes,,,,,,,,,,,,,,,,,,,,,,,,,,
10.1891--1058-1243.28.4.190#1,10.1891/1058-1243.28.4.190,10.1891--1058-1243.28.4.190,,,yes,,,,,,,,,,,,,,,,,,,,,,,,,,
10.1016--j.hrtlng.2004.03.004#1,10.1016/j.hrtlng.2004.03.004,10.1016--j.hrtlng.2004.03.004,,,yes,,,,,,,,,,,,,,,,,,,,,,,,,,
10.1371--journal.pone.0039247#1,10.1371/journal.pone.0039247,10.1371--journal.pone.0039247,,,yes,,,,,,,,,,,,,,,,,,,,,,,,,,
10.1177--1945892419896540#1,10.1177/1945892419896540,10.1177--1945892419896540,,,yes,,,,,,,,,,,,,,,,,,,,,,,,,,
10.1016--j.chiabu.2012.07.003#1,10.1016/j.chiabu.2012.07.003,10.1016--j.chiabu.2012.07.003,,,yes,,,,,,,,,,,,,,,,,,,,,,,,,,
10.1111--jns.12110#1,10.1111/jns.12110,10.1111--jns.12110,,,yes,,,,,,,,,,,,,,,,,,,,,,,,,,
10.1186--s12891-016-0863-8#1,10.1186/s12891-016-0863-8,10.1186--s12891-016-0863-8,,,yes,,,,,,,,,,,,,,,,,,,,,,,,,,
10.1177--070674379904400807#1,10.1177/070674379904400807,10.1177--070674379904400807,,,yes,,,,,,,,,,,,,,,,,,,,,,,,,,
10.1159--000079976#1,10.1159/000079976,10.1159--000079976,,,yes,,,,,,,,,,,,,,,,,,,,,,,,,,
10.1016--0022-3999(93)90123-w#1,10.1016/0022-3999(93)90123-w,10.1016--0022-3999(93)90123-w,,,yes,,,,,,,,,,,,,,,,,,,,,,,,,,
10.1093--milmed--usaa245#1,10.1093/milmed/usaa245,10.1093--milmed--usaa245,,,yes,,,,,,,,,,,,,,,,,,,,,,,,,,
10.1111--j.1931-2393.2009.4111209.x#1,10.1111/j.1931-2393.2009.4111209.x,10.1111--j.1931-2393.2009.4111209.x,,,yes,,,,,,,,,,,,,,,,,,,,,,,,,,
10.1371--journal.pone.0233948#1,10.1371/journal.pone.0233948,10.1371--journal.pone.0233948,,,yes,,,,,,,,,,,,,,,,,,,,,,,,,,
10.1055--s-0036-1597262#1,10.1055/s-0036-1597262,10.1055--s-0036-1597262,,,yes,,,,,,,,,,,,,,,,,,,,,,,,,,
10.1007--s00455-002-0054-7#1,10.1007/s00455-002-0054-7,10.1007--s00455-002-0054-7,,,yes,,,,,,,,,,,,,,,,,,,,,,,,,,
10.1186--s13075-023-03180-x#1,10.1186/s13075-023-03180-x,10.1186--s13075-023-03180-x,,,yes,,,,,,,,,,,,,,,,,,,,,,,,,,
10.1186--s13104-019-4590-8#1,10.1186/s13104-019-4590-8,10.1186--s13104-019-4590-8,,,yes,,,,,,,,,,,,,,,,,,,,,,,,,,
10.1080--1368282031000062882#1,10.1080/1368282031000062882,10.1080--1368282031000062882,,,yes,,,,,,,,,,,,,,,,,,,,,,,,,,
10.3390--ani12070807#1,10.3390/ani12070807,10.3390--ani12070807,,,yes,,,,,,,,,,,,,,,,,,,,,,,,,,
10.3390--ani9100835#1,10.3390/ani9100835,10.3390--ani9100835,,,yes,,,,,,,,,,,,,,,,,,,,,,,,,,
10.1016--j.jad.2014.01.004#1,10.1016/j.jad.2014.01.004,10.1016--j.jad.2014.01.004,,,yes,,,,,,,,,,,,,,,,,,,,,,,,,,
10.1186--s12939-016-0428-3#1,10.1186/s12939-016-0428-3,10.1186--s12939-016-0428-3,,,yes,,,,,,,,,,,,,,,,,,,,,,,,,,
10.1002--ajmg.10380#1,10.1002/ajmg.10380,10.1002--ajmg.10380,,,yes,,,,,,,,,,,,,,,,,,,,,,,,,,
10.1371--journal.pone.0041228#1,10.1371/journal.pone.0041228,10.1371--journal.pone.0041228,,,yes,,,,,,,,,,,,,,,,,,,,,,,,,,
10.1016--j.jad.2016.08.017#1,10.1016/j.jad.2016.08.017,10.1016--j.jad.2016.08.017,,,yes,,,,,,,,,,,,,,,,,,,,,,,,,,
10.1521--pedi_2018_32_357#1,10.1521/pedi_2018_32_357,10.1521--pedi_2018_32_357,,,yes,,,,,,,,,,,,,,,,,,,,,,,,,,
10.1016--s0920-9964(97)88320-x#1,10.1016/s0920-9964(97)88320-x,10.1016--s0920-9964(97)88320-x,,,yes,,,,,,,,,,,,,,,,,,,,,,,,,,
10.1111--head.12329#1,10.1111/head.12329,10.1111--head.12329,,,yes,,,,,,,,,,,,,,,,,,,,,,,,,,
10.1038--pr.2013.117#1,10.1038/pr.2013.117,10.1038--pr.2013.117,,,yes,,,,,,,,,,,,,,,,,,,,,,,,,,
10.1136--bmjebm-2020-111386#1,10.1136/bmjebm-2020-111386,10.1136--bmjebm-2020-111386,,,yes,,,,,,,,,,,,,,,,,,,,,,,,,,
10.1007--s10461-014-0708-0#1,10.1007/s10461-014-0708-0,10.1007--s10461-014-0708-0,,,yes,,,,,,,,,,,,,,,,,,,,,,,,,,
10.1037--h0034556#1,10.1037/h0034556,10.1037--h0034556,,,yes,,,,,,,,,,,,,,,,,,,,,,,,,,
10.1186--s13104-023-06589-4#1,10.1186/s13104-023-06589-4,10.1186--s13104-023-06589-4,,,yes,,,,,,,,,,,,,,,,,,,,,,,,,,
10.1002--art.23549#1,10.1002/art.23549,10.1002--art.23549,,,yes,,,,,,,,,,,,,,,,,,,,,,,,,,
10.1007--s10067-020-04995-8#1,10.1007/s10067-020-04995-8,10.1007--s10067-020-04995-8,,,yes,,,,,,,,,,,,,,,,,,,,,,,,,,
10.3389--fnbeh.2022.944890#1,10.3389/fnbeh.2022.944890,10.3389--fnbeh.2022.944890,,,yes,,,,,,,,,,,,,,,,,,,,,,,,,,
10.1016--j.transm.2024.100064#1,10.1016/j.transm.2024.100064,10.1016--j.transm.2024.100064,,,yes,,,,,,,,,,,,,,,,,,,,,,,,,,
10.1371--journal.pone.0102672#1,10.1371/journal.pone.0102672,10.1371--journal.pone.0102672,,,yes,,,,,,,,,,,,,,,,,,,,,,,,,,
10.1007--s00415-020-10312-9#1,10.1007/s00415-020-10312-9,10.1007--s00415-020-10312-9,,,yes,,,,,,,,,,,,,,,,,,,,,,,,,,
10.1158--1055-9965.epi-08-0241#1,10.1158/1055-9965.epi-08-0241,10.1158--1055-9965.epi-08-0241,,,yes,,,,,,,,,,,,,,,,,,,,,,,,,,
10.1007--s42000-022-00351-4#1,10.1007/s42000-022-00351-4,10.1007--s42000-022-00351-4,,,yes,,,,,,,,,,,,,,,,,,,,,,,,,,
10.1016--j.cortex.2020.04.011#1,10.1016/j.cortex.2020.04.011,10.1016--j.cortex.2020.04.011,,,yes,,,,,,,,,,,,,,,,,,,,,,,,,,
10.1016--j.ynirp.2021.100045#1,10.1016/j.ynirp.2021.100045,10.1016--j.ynirp.2021.100045,,,yes,,,,,,,,,,,,,,,,,,,,,,,,,,
10.1002--cpt.2424#1,10.1002/cpt.2424,10.1002--cpt.2424,,,yes,,,,,,,,,,,,,,,,,,,,,,,,,,
10.3389--fnhum.2016.00475#1,10.3389/fnhum.2016.00475,10.3389--fnhum.2016.00475,,,yes,,,,,,,,,,,,,,,,,,,,,,,,,,
10.3389--fnint.2022.1041423#1,10.3389/fnint.2022.1041423,10.3389--fnint.2022.1041423,,,yes,,,,,,,,,,,,,,,,,,,,,,,,,,
10.1177--0308575913518003#1,10.1177/0308575913518003,10.1177--0308575913518003,,,yes,,,,,,,,,,,,,,,,,,,,,,,,,,
10.1080--19345747.2023.2287615#1,10.1080/19345747.2023.2287615,10.1080--19345747.2023.2287615,,,yes,,,,,,,,,,,,,,,,,,,,,,,,,,
10.3389--fpsyg.2023.1135129#1,10.3389/fpsyg.2023.1135129,10.3389--fpsyg.2023.1135129,,,yes,,,,,,,,,,,,,,,,,,,,,,,,,,
10.3928--01484834-20170421-06#1,10.3928/01484834-20170421-06,10.3928--01484834-20170421-06,,,yes,,,,,,,,,,,,,,,,,,,,,,,,,,
10.1007--s10882-019-09718-9#1,10.1007/s10882-019-09718-9,10.1007--s10882-019-09718-9,,,yes,,,,,,,,,,,,,,,,,,,,,,,,,,
10.2466--pr0.95.3f.1059-1071#1,10.2466/pr0.95.3f.1059-1071,10.2466--pr0.95.3f.1059-1071,,,yes,,,,,,,,,,,,,,,,,,,,,,,,,,
10.3389--fpsyg.2016.01479#1,10.3389/fpsyg.2016.01479,10.3389--fpsyg.2016.01479,,,yes,,,,,,,,,,,,,,,,,,,,,,,,,,
10.5334--joc.445#1,10.5334/joc.445,10.5334--joc.445,,,yes,,,,,,,,,,,,,,,,,,,,,,,,,,
10.1177--0734282918803493#1,10.1177/0734282918803493,10.1177--0734282918803493,,,yes,,,,,,,,,,,,,,,,,,,,,,,,,,
10.1121--10.0020558#1,10.1121/10.0020558,10.1121--10.0020558,,,yes,,,,,,,,,,,,,,,,,,,,,,,,,,
10.1177--00222194030360040601#1,10.1177/00222194030360040601,10.1177--00222194030360040601,,,yes,,,,,,,,,,,,,,,,,,,,,,,,,,
10.3389--fvets.2023.1305353#1,10.3389/fvets.2023.1305353,10.3389--fvets.2023.1305353,,,yes,,,,,,,,,,,,,,,,,,,,,,,,,,
10.1016--j.jbiomech.2019.07.020#1,10.1016/j.jbiomech.2019.07.020,10.1016--j.jbiomech.2019.07.020,,,yes,,,,,,,,,,,,,,,,,,,,,,,,,,
10.1007--s10515-024-00432-1#1,10.1007/s10515-024-00432-1,10.1007--s10515-024-00432-1,,,yes,,,,,,,,,,,,,,,,,,,,,,,,,,
10.1145--1368088.1368115#1,10.1145/1368088.1368115,10.1145--1368088.1368115,,,yes,,,,,,,,,,,,,,,,,,,,,,,,,,
10.1145--3696630.3728722#1,10.1145/3696630.3728722,10.1145--3696630.3728722,,,yes,,,,,,,,,,,,,,,,,,,,,,,,,,
10.1145--3629479.3629495#1,10.1145/3629479.3629495,10.1145--3629479.3629495,,,yes,,,,,,,,,,,,,,,,,,,,,,,,,,
10.26451--abc.08.02.08.2021#1,10.26451/abc.08.02.08.2021,10.26451--abc.08.02.08.2021,,,yes,,,,,,,,,,,,,,,,,,,,,,,,,,
10.1098--rsta.2020.0068#1,10.1098/rsta.2020.0068,10.1098--rsta.2020.0068,,,yes,,,,,,,,,,,,,,,,,,,,,,,,,,
10.3389--fpsyg.2019.01891#1,10.3389/fpsyg.2019.01891,10.3389--fpsyg.2019.01891,,,yes,,,,,,,,,,,,,,,,,,,,,,,,,,
10.1016--j.jss.2021.110939#1,10.1016/j.jss.2021.110939,10.1016--j.jss.2021.110939,,,yes,,,,,,,,,,,,,,,,,,,,,,,,,,
10.1136--bmjopen-2021-059000#1,10.1136/bmjopen-2021-059000,10.1136--bmjopen-2021-059000,,,yes,,,,,,,,,,,,,,,,,,,,,,,,,,
10.1002--ece3.71556#1,10.1002/ece3.71556,10.1002--ece3.71556,,,yes,,,,,,,,,,,,,,,,,,,,,,,,,,
10.3109--15368378.2013.776437#1,10.3109/15368378.2013.776437,10.3109--15368378.2013.776437,,,yes,,,,,,,,,,,,,,,,,,,,,,,,,,
10.1098--rsos.190327#1,10.1098/rsos.190327,10.1098--rsos.190327,,,yes,,,,,,,,,,,,,,,,,,,,,,,,,,
10.1016--j.paid.2007.08.015#1,10.1016/j.paid.2007.08.015,10.1016--j.paid.2007.08.015,,,yes,,,,,,,,,,,,,,,,,,,,,,,,,,
10.1093--cercor--bhae107#1,10.1093/cercor/bhae107,10.1093--cercor--bhae107,,,yes,,,,,,,,,,,,,,,,,,,,,,,,,,
10.1177--0098628321995431#1,10.1177/0098628321995431,10.1177--0098628321995431,,,yes,,,,,,,,,,,,,,,,,,,,,,,,,,
10.1371--journal.pone.0198616#1,10.1371/journal.pone.0198616,10.1371--journal.pone.0198616,,,yes,,,,,,,,,,,,,,,,,,,,,,,,,,
10.1016--j.actpsy.2019.102873#1,10.1016/j.actpsy.2019.102873,10.1016--j.actpsy.2019.102873,,,yes,,,,,,,,,,,,,,,,,,,,,,,,,,
10.1073--pnas.2202700119#1,10.1073/pnas.2202700119,10.1073--pnas.2202700119,,,yes,,,,,,,,,,,,,,,,,,,,,,,,,,
10.1037--xge0000295#1,10.1037/xge0000295,10.1037--xge0000295,,,yes,,,,,,,,,,,,,,,,,,,,,,,,,,
10.3389--fpsyg.2022.937153#1,10.3389/fpsyg.2022.937153,10.3389--fpsyg.2022.937153,,,yes,,,,,,,,,,,,,,,,,,,,,,,,,,
10.1177--09567976251335567#1,10.1177/09567976251335567,10.1177--09567976251335567,,,yes,,,,,,,,,,,,,,,,,,,,,,,,,,
10.1177--1948550616639649#1,10.1177/1948550616639649,10.1177--1948550616639649,,,yes,,,,,,,,,,,,,,,,,,,,,,,,,,
10.2466--pms.2003.96.1.25#1,10.2466/pms.2003.96.1.25,10.2466--pms.2003.96.1.25,,,yes,,,,,,,,,,,,,,,,,,,,,,,,,,
10.3389--fcomm.2022.1017362#1,10.3389/fcomm.2022.1017362,10.3389--fcomm.2022.1017362,,,yes,,,,,,,,,,,,,,,,,,,,,,,,,,
10.17605--osf.io--q8g7f#1,10.17605/osf.io/q8g7f,10.17605--osf.io--q8g7f,,,yes,,,,,,,,,,,,,,,,,,,,,,,,,,
10.1111--bjop.12496#1,10.1111/bjop.12496,10.1111--bjop.12496,,,yes,,,,,,,,,,,,,,,,,,,,,,,,,,
10.1073--pnas.2120377119#1,10.1073/pnas.2120377119,10.1073--pnas.2120377119,,,yes,,,,,,,,,,,,,,,,,,,,,,,,,,
10.1007--s10683-017-9527-2#1,10.1007/s10683-017-9527-2,10.1007--s10683-017-9527-2,,,yes,,,,,,,,,,,,,,,,,,,,,,,,,,
10.1177--0899764011404081#1,10.1177/0899764011404081,10.1177--0899764011404081,,,yes,,,,,,,,,,,,,,,,,,,,,,,,,,
10.1108--jgm-11-2022-0063#1,10.1108/jgm-11-2022-0063,10.1108--jgm-11-2022-0063,,,yes,,,,,,,,,,,,,,,,,,,,,,,,,,
10.1016--j.dib.2023.109079#1,10.1016/j.dib.2023.109079,10.1016--j.dib.2023.109079,,,yes,,,,,,,,,,,,,,,,,,,,,,,,,,
10.3790--schm.132.3.379#1,10.3790/schm.132.3.379,10.3790--schm.132.3.379,,,yes,,,,,,,,,,,,,,,,,,,,,,,,,,
10.1080--19439342.2019.1679859#1,10.1080/19439342.2019.1679859,10.1080--19439342.2019.1679859,,,yes,,,,,,,,,,,,,,,,,,,,,,,,,,
10.23846--rps0009#1,10.23846/rps0009,10.23846--rps0009,,,yes,,,,,,,,,,,,,,,,,,,,,,,,,,
10.1097--md.0000000000011865#1,10.1097/md.0000000000011865,10.1097--md.0000000000011865,,,yes,,,,,,,,,,,,,,,,,,,,,,,,,,
10.1037--pspa0000363#1,10.1037/pspa0000363,10.1037--pspa0000363,,,yes,,,,,,,,,,,,,,,,,,,,,,,,,,
10.1007--s10899-016-9608-8#1,10.1007/s10899-016-9608-8,10.1007--s10899-016-9608-8,,,yes,,,,,,,,,,,,,,,,,,,,,,,,,,
10.1111--j.1365-2850.2009.01449.x#1,10.1111/j.1365-2850.2009.01449.x,10.1111--j.1365-2850.2009.01449.x,,,yes,,,,,,,,,,,,,,,,,,,,,,,,,,
10.1186--s12864-022-08451-6#1,10.1186/s12864-022-08451-6,10.1186--s12864-022-08451-6,,,yes,,,,,,,,,,,,,,,,,,,,,,,,,,
10.1016--j.euroecorev.2004.11.006#1,10.1016/j.euroecorev.2004.11.006,10.1016--j.euroecorev.2004.11.006,,,yes,,,,,,,,,,,,,,,,,,,,,,,,,,
10.1093--jae--ejad013#1,10.1093/jae/ejad013,10.1093--jae--ejad013,,,yes,,,,,,,,,,,,,,,,,,,,,,,,,,
10.15195--v2.a20#1,10.15195/v2.a20,10.15195--v2.a20,,,yes,,,,,,,,,,,,,,,,,,,,,,,,,,
10.1016--j.jfbs.2021.100451#1,10.1016/j.jfbs.2021.100451,10.1016--j.jfbs.2021.100451,,,yes,,,,,,,,,,,,,,,,,,,,,,,,,,
10.2139--ssrn.2901327#1,10.2139/ssrn.2901327,10.2139--ssrn.2901327,,,yes,,,,,,,,,,,,,,,,,,,,,,,,,,
10.1057--9781137293626_12#1,10.1057/9781137293626_12,10.1057--9781137293626_12,,,yes,,,,,,,,,,,,,,,,,,,,,,,,,,
10.1080--19439342.2019.1646782#1,10.1080/19439342.2019.1646782,10.1080--19439342.2019.1646782,,,yes,,,,,,,,,,,,,,,,,,,,,,,,,,
10.1177--1091142120914278#1,10.1177/1091142120914278,10.1177--1091142120914278,,,yes,,,,,,,,,,,,,,,,,,,,,,,,,,
10.3386--w12607#1,10.3386/w12607,10.3386--w12607,,,yes,,,,,,,,,,,,,,,,,,,,,,,,,,
10.1002--aepp.13377#1,10.1002/aepp.13377,10.1002--aepp.13377,,,yes,,,,,,,,,,,,,,,,,,,,,,,,,,
10.1162--rest_a_00769#1,10.1162/rest_a_00769,10.1162--rest_a_00769,,,yes,,,,,,,,,,,,,,,,,,,,,,,,,,
10.1371--journal.pone.0210327#1,10.1371/journal.pone.0210327,10.1371--journal.pone.0210327,,,yes,,,,,,,,,,,,,,,,,,,,,,,,,,
10.1371--journal.pone.0206677#1,10.1371/journal.pone.0206677,10.1371--journal.pone.0206677,,,yes,,,,,,,,,,,,,,,,,,,,,,,,,,
10.1007--s00181-014-0902-y#1,10.1007/s00181-014-0902-y,10.1007--s00181-014-0902-y,,,yes,,,,,,,,,,,,,,,,,,,,,,,,,,
10.1002--jae.2697#1,10.1002/jae.2697,10.1002--jae.2697,,,yes,,,,,,,,,,,,,,,,,,,,,,,,,,
10.1007--s00181-012-0663-4#1,10.1007/s00181-012-0663-4,10.1007--s00181-012-0663-4,,,yes,,,,,,,,,,,,,,,,,,,,,,,,,,
10.3386--w21588#1,10.3386/w21588,10.3386--w21588,,,yes,,,,,,,,,,,,,,,,,,,,,,,,,,
10.1007--s10683-008-9197-1#1,10.1007/s10683-008-9197-1,10.1007--s10683-008-9197-1,,,yes,,,,,,,,,,,,,,,,,,,,,,,,,,
10.17016--feds.2017.062#1,10.17016/feds.2017.062,10.17016--feds.2017.062,,,yes,,,,,,,,,,,,,,,,,,,,,,,,,,
10.3386--w25018#1,10.3386/w25018,10.3386--w25018,,,yes,,,,,,,,,,,,,,,,,,,,,,,,,,
10.1257--aer.100.1.572#1,10.1257/aer.100.1.572,10.1257--aer.100.1.572,,,yes,,,,,,,,,,,,,,,,,,,,,,,,,,
10.1016--j.euroecorev.2015.05.006#1,10.1016/j.euroecorev.2015.05.006,10.1016--j.euroecorev.2015.05.006,,,yes,,,,,,,,,,,,,,,,,,,,,,,,,,
10.1007--s001810200150#1,10.1007/s001810200150,10.1007--s001810200150,,,yes,,,,,,,,,,,,,,,,,,,,,,,,,,
10.5018--economics-ejournal.ja.2018-34#1,10.5018/economics-ejournal.ja.2018-34,10.5018--economics-ejournal.ja.2018-34,,,yes,,,,,,,,,,,,,,,,,,,,,,,,,,
10.1080--00220388.2013.807501#1,10.1080/00220388.2013.807501,10.1080--00220388.2013.807501,,,yes,,,,,,,,,,,,,,,,,,,,,,,,,,
10.1002--jae.3007#1,10.1002/jae.3007,10.1002--jae.3007,,,yes,,,,,,,,,,,,,,,,,,,,,,,,,,
10.1257--aer.102.7.3749#1,10.1257/aer.102.7.3749,10.1257--aer.102.7.3749,,,yes,,,,,,,,,,,,,,,,,,,,,,,,,,
10.1016--j.eneco.2017.08.033#1,10.1016/j.eneco.2017.08.033,10.1016--j.eneco.2017.08.033,,,yes,,,,,,,,,,,,,,,,,,,,,,,,,,
10.5018--economics-ejournal.ja.2018-3#1,10.5018/economics-ejournal.ja.2018-3,10.5018--economics-ejournal.ja.2018-3,,,yes,,,,,,,,,,,,,,,,,,,,,,,,,,
10.1016--j.eneco.2017.03.016#1,10.1016/j.eneco.2017.03.016,10.1016--j.eneco.2017.03.016,,,yes,,,,,,,,,,,,,,,,,,,,,,,,,,
10.1007--s00181-021-02139-8#1,10.1007/s00181-021-02139-8,10.1007--s00181-021-02139-8,,,yes,,,,,,,,,,,,,,,,,,,,,,,,,,
10.1007--s00181-012-0549-5#1,10.1007/s00181-012-0549-5,10.1007--s00181-012-0549-5,,,yes,,,,,,,,,,,,,,,,,,,,,,,,,,
10.1016--j.eneco.2017.12.021#1,10.1016/j.eneco.2017.12.021,10.1016--j.eneco.2017.12.021,,,yes,,,,,,,,,,,,,,,,,,,,,,,,,,
10.1007--s00181-010-0435-y#1,10.1007/s00181-010-0435-y,10.1007--s00181-010-0435-y,,,yes,,,,,,,,,,,,,,,,,,,,,,,,,,
10.1016--j.jebo.2023.05.046#1,10.1016/j.jebo.2023.05.046,10.1016--j.jebo.2023.05.046,,,yes,,,,,,,,,,,,,,,,,,,,,,,,,,
10.1177--10422587221084249#1,10.1177/10422587221084249,10.1177--10422587221084249,,,yes,,,,,,,,,,,,,,,,,,,,,,,,,,
10.1016--j.eneco.2018.02.002#1,10.1016/j.eneco.2018.02.002,10.1016--j.eneco.2018.02.002,,,yes,,,,,,,,,,,,,,,,,,,,,,,,,,
10.1002--jae.2886#1,10.1002/jae.2886,10.1002--jae.2886,,,yes,,,,,,,,,,,,,,,,,,,,,,,,,,
10.1177--1948550616652209#1,10.1177/1948550616652209,10.1177--1948550616652209,,,yes,,,,,,,,,,,,,,,,,,,,,,,,,,
10.1007--s10648-015-9332-4#1,10.1007/s10648-015-9332-4,10.1007--s10648-015-9332-4,,,yes,,,,,,,,,,,,,,,,,,,,,,,,,,
10.1177--0956797614553946#1,10.1177/0956797614553946,10.1177--0956797614553946,,,yes,,,,,,,,,,,,,,,,,,,,,,,,,,
10.1177--1948550616628608#1,10.1177/1948550616628608,10.1177--1948550616628608,,,yes,,,,,,,,,,,,,,,,,,,,,,,,,,
10.1016--j.jesp.2015.10.012#1,10.1016/j.jesp.2015.10.012,10.1016--j.jesp.2015.10.012,,,yes,,,,,,,,,,,,,,,,,,,,,,,,,,
10.1177--0956797613486983#1,10.1177/0956797613486983,10.1177--0956797613486983,,,yes,,,,,,,,,,,,,,,,,,,,,,,,,,
10.1186--2050-7283-1-22#1,10.1186/2050-7283-1-22,10.1186--2050-7283-1-22,,,yes,,,,,,,,,,,,,,,,,,,,,,,,,,
10.1371--journal.pone.0147770#1,10.1371/journal.pone.0147770,10.1371--journal.pone.0147770,,,yes,,,,,,,,,,,,,,,,,,,,,,,,,,
10.1016--j.jesp.2015.09.003#1,10.1016/j.jesp.2015.09.003,10.1016--j.jesp.2015.09.003,,,yes,,,,,,,,,,,,,,,,,,,,,,,,,,
10.1177--1745691615605826#1,10.1177/1745691615605826,10.1177--1745691615605826,,,yes,,,,,,,,,,,,,,,,,,,,,,,,,,
10.1027--1864-9335--a000190#1,10.1027/1864-9335/a000190,10.1027--1864-9335--a000190,,,yes,,,,,,,,,,,,,,,,,,,,,,,,,,
10.1080--23743603.2016.1248081#1,10.1080/23743603.2016.1248081,10.1080--23743603.2016.1248081,,,yes,,,,,,,,,,,,,,,,,,,,,,,,,,
10.1037--xge0000058#1,10.1037/xge0000058,10.1037--xge0000058,,,yes,,,,,,,,,,,,,,,,,,,,,,,,,,
10.1016--j.appet.2013.12.020#1,10.1016/j.appet.2013.12.020,10.1016--j.appet.2013.12.020,,,yes,,,,,,,,,,,,,,,,,,,,,,,,,,
10.1177--1745691614545653#1,10.1177/1745691614545653,10.1177--1745691614545653,,,yes,,,,,,,,,,,,,,,,,,,,,,,,,,
10.1615--ichmt.2015.thmt-15.2030#1,10.1615/ichmt.2015.thmt-15.2030,10.1615--ichmt.2015.thmt-15.2030,,,yes,,,,,,,,,,,,,,,,,,,,,,,,,,
10.1177--1745691616652873#1,10.1177/1745691616652873,10.1177--1745691616652873,,,yes,,,,,,,,,,,,,,,,,,,,,,,,,,
10.1016--j.comptc.2010.12.003#1,10.1016/j.comptc.2010.12.003,10.1016--j.comptc.2010.12.003,,,yes,,,,,,,,,,,,,,,,,,,,,,,,,,
10.3758--s13428-021-01693-4#1,10.3758/s13428-021-01693-4,10.3758--s13428-021-01693-4,,,yes,,,,,,,,,,,,,,,,,,,,,,,,,,
10.1007--s40881-023-00136-4#1,10.1007/s40881-023-00136-4,10.1007--s40881-023-00136-4,,,yes,,,,,,,,,,,,,,,,,,,,,,,,,,
10.1080--17483100701256388#1,10.1080/17483100701256388,10.1080--17483100701256388,,,yes,,,,,,,,,,,,,,,,,,,,,,,,,,
10.1016--j.neurobiolaging.2009.09.004#1,10.1016/j.neurobiolaging.2009.09.004,10.1016--j.neurobiolaging.2009.09.004,,,yes,,,,,,,,,,,,,,,,,,,,,,,,,,
10.1037--a0027687#1,10.1037/a0027687,10.1037--a0027687,,,yes,,,,,,,,,,,,,,,,,,,,,,,,,,
10.1016--s2214-109x(16)30250-9#1,10.1016/s2214-109x(16)30250-9,10.1016--s2214-109x(16)30250-9,,,yes,,,,,,,,,,,,,,,,,,,,,,,,,,
10.1016--j.strueco.2018.01.002#1,10.1016/j.strueco.2018.01.002,10.1016--j.strueco.2018.01.002,,,yes,,,,,,,,,,,,,,,,,,,,,,,,,,
10.1016--j.isci.2022.105863#1,10.1016/j.isci.2022.105863,10.1016--j.isci.2022.105863,,,yes,,,,,,,,,,,,,,,,,,,,,,,,,,
10.3758--s13421-017-0708-1#1,10.3758/s13421-017-0708-1,10.3758--s13421-017-0708-1,,,yes,,,,,,,,,,,,,,,,,,,,,,,,,,
10.1109--tnsre.2020.2974272#1,10.1109/tnsre.2020.2974272,10.1109--tnsre.2020.2974272,,,yes,,,,,,,,,,,,,,,,,,,,,,,,,,
10.3390--molecules26144311#1,10.3390/molecules26144311,10.3390--molecules26144311,,,yes,,,,,,,,,,,,,,,,,,,,,,,,,,
10.1080--00049530.2024.2426661#1,10.1080/00049530.2024.2426661,10.1080--00049530.2024.2426661,,,yes,,,,,,,,,,,,,,,,,,,,,,,,,,
10.1016--0306-4603(93)90041-7#1,10.1016/0306-4603(93)90041-7,10.1016--0306-4603(93)90041-7,,,yes,,,,,,,,,,,,,,,,,,,,,,,,,,
10.1523--jneurosci.3292-11.2011#1,10.1523/jneurosci.3292-11.2011,10.1523--jneurosci.3292-11.2011,,,yes,,,,,,,,,,,,,,,,,,,,,,,,,,
10.1093--cje--bet075#1,10.1093/cje/bet075,10.1093--cje--bet075,,,yes,,,,,,,,,,,,,,,,,,,,,,,,,,
10.1027--1864-9335--a000188#1,10.1027/1864-9335/a000188,10.1027--1864-9335--a000188,,,yes,,,,,,,,,,,,,,,,,,,,,,,,,,
10.1016--j.leaqua.2022.101633#1,10.1016/j.leaqua.2022.101633,10.1016--j.leaqua.2022.101633,,,yes,,,,,,,,,,,,,,,,,,,,,,,,,,
10.2466--pr0.2000.87.2.493#1,10.2466/pr0.2000.87.2.493,10.2466--pr0.2000.87.2.493,,,yes,,,,,,,,,,,,,,,,,,,,,,,,,,
10.3758--s13415-013-0234-y#1,10.3758/s13415-013-0234-y,10.3758--s13415-013-0234-y,,,yes,,,,,,,,,,,,,,,,,,,,,,,,,,
10.1097--j.pain.0000000000001569#1,10.1097/j.pain.0000000000001569,10.1097--j.pain.0000000000001569,,,yes,,,,,,,,,,,,,,,,,,,,,,,,,,
10.1167--15.10.3#1,10.1167/15.10.3,10.1167--15.10.3,,,yes,,,,,,,,,,,,,,,,,,,,,,,,,,
10.1111--psyp.13546#1,10.1111/psyp.13546,10.1111--psyp.13546,,,yes,,,,,,,,,,,,,,,,,,,,,,,,,,
10.1007--s00426-023-01893-x#1,10.1007/s00426-023-01893-x,10.1007--s00426-023-01893-x,,,yes,,,,,,,,,,,,,,,,,,,,,,,,,,
10.1016--j.ijpsycho.2021.03.003#1,10.1016/j.ijpsycho.2021.03.003,10.1016--j.ijpsycho.2021.03.003,,,yes,,,,,,,,,,,,,,,,,,,,,,,,,,
10.1006--obhd.2000.2903#1,10.1006/obhd.2000.2903,10.1006--obhd.2000.2903,,,yes,,,,,,,,,,,,,,,,,,,,,,,,,,
10.1037--0021-9010.67.6.868#neg,10.1037/0021-9010.67.6.868,10.1037--0021-9010.67.6.868,,,,,,,,,,,,,,,,,,,,,,,,,,,,,
10.1016--j.evolhumbehav.2010.12.002#neg,10.1016/j.evolhumbehav.2010.12.002,10.1016--j.evolhumbehav.2010.12.002,,,,,,,,,,,,,,,,,,,,,,,,,,,,,
10.1016--j.jesp.2020.104080#neg,10.1016/j.jesp.2020.104080,10.1016--j.jesp.2020.104080,,,,,,,,,,,,,,,,,,,,,,,,,,,,,
10.1017--s0272263105050138#neg,10.1017/s0272263105050138,10.1017--s0272263105050138,,,,,,,,,,,,,,,,,,,,,,,,,,,,,
10.5465--amj.2005.18803920#neg,10.5465/amj.2005.18803920,10.5465--amj.2005.18803920,,,,,,,,,,,,,,,,,,,,,,,,,,,,,
10.1037--0096-1523.1.3.288#neg,10.1037/0096-1523.1.3.288,10.1037--0096-1523.1.3.288,,,,,,,,,,,,,,,,,,,,,,,,,,,,,
10.1177--2167696812466848#neg,10.1177/2167696812466848,10.1177--2167696812466848,,,,,,,,,,,,,,,,,,,,,,,,,,,,,
10.1016--j.jfineco.2004.06.007#neg,10.1016/j.jfineco.2004.06.007,10.1016--j.jfineco.2004.06.007,,,,,,,,,,,,,,,,,,,,,,,,,,,,,
10.1037--0022-3514.94.4.600#neg,10.1037/0022-3514.94.4.600,10.1037--0022-3514.94.4.600,,,,,,,,,,,,,,,,,,,,,,,,,,,,,
10.1080--13594320903223839#neg,10.1080/13594320903223839,10.1080--13594320903223839,,,,,,,,,,,,,,,,,,,,,,,,,,,,,
10.1016--s0005-7967(09)80002-8#neg,10.1016/s0005-7967(09)80002-8,10.1016--s0005-7967(09)80002-8,,,,,,,,,,,,,,,,,,,,,,,,,,,,,
10.1177--0956797610397956#neg,10.1177/0956797610397956,10.1177--0956797610397956,,,,,,,,,,,,,,,,,,,,,,,,,,,,,
10.1007--s40979-020-00054-6#neg,10.1007/s40979-020-00054-6,10.1007--s40979-020-00054-6,,,,,,,,,,,,,,,,,,,,,,,,,,,,,
10.1002--bdm.495#neg,10.1002/bdm.495,10.1002--bdm.495,,,,,,,,,,,,,,,,,,,,,,,,,,,,,
10.1177--0956797612443838#neg,10.1177/0956797612443838,10.1177--0956797612443838,,,,,,,,,,,,,,,,,,,,,,,,,,,,,
10.1037--0033-295x.100.3.363#neg,10.1037/0033-295x.100.3.363,10.1037--0033-295x.100.3.363,,,,,,,,,,,,,,,,,,,,,,,,,,,,,
10.1111--j.1467-9280.2008.02097.x#neg,10.1111/j.1467-9280.2008.02097.x,10.1111--j.1467-9280.2008.02097.x,,,,,,,,,,,,,,,,,,,,,,,,,,,,,
10.1108--02683940910952697#neg,10.1108/02683940910952697,10.1108--02683940910952697,,,,,,,,,,,,,,,,,,,,,,,,,,,,,
10.1037--0021-9010.93.3.513#neg,10.1037/0021-9010.93.3.513,10.1037--0021-9010.93.3.513,,,,,,,,,,,,,,,,,,,,,,,,,,,,,
10.1146--annurev.psych.57.102904.190127#neg,10.1146/annurev.psych.57.102904.190127,10.1146--annurev.psych.57.102904.190127,,,,,,,,,,,,,,,,,,,,,,,,,,,,,
10.1016--j.cognition.2018.04.007#neg,10.1016/j.cognition.2018.04.007,10.1016--j.cognition.2018.04.007,,,,,,,,,,,,,,,,,,,,,,,,,,,,,
10.1177--0146167215572134#neg,10.1177/0146167215572134,10.1177--0146167215572134,,,,,,,,,,,,,,,,,,,,,,,,,,,,,
10.1016--j.jesp.2012.11.012#neg,10.1016/j.jesp.2012.11.012,10.1016--j.jesp.2012.11.012,,,,,,,,,,,,,,,,,,,,,,,,,,,,,
10.1016--s0960-9822(00)00672-2#neg,10.1016/s0960-9822(00)00672-2,10.1016--s0960-9822(00)00672-2,,,,,,,,,,,,,,,,,,,,,,,,,,,,,
10.1037--0021-9010.87.1.164#neg,10.1037/0021-9010.87.1.164,10.1037--0021-9010.87.1.164,,,,,,,,,,,,,,,,,,,,,,,,,,,,,
10.1111--j.2044-8295.1997.tb02648.x#neg,10.1111/j.2044-8295.1997.tb02648.x,10.1111--j.2044-8295.1997.tb02648.x,,,,,,,,,,,,,,,,,,,,,,,,,,,,,
10.1177--2515245920919667#neg,10.1177/2515245920919667,10.1177--2515245920919667,,,,,,,,,,,,,,,,,,,,,,,,,,,,,
10.2307--2393080#neg,10.2307/2393080,10.2307--2393080,,,,,,,,,,,,,,,,,,,,,,,,,,,,,
10.5214--ans.0972.7531.200408#neg,10.5214/ans.0972.7531.200408,10.5214--ans.0972.7531.200408,,,,,,,,,,,,,,,,,,,,,,,,,,,,,
10.1037--0022-3514.84.4.822#neg,10.1037/0022-3514.84.4.822,10.1037--0022-3514.84.4.822,,,,,,,,,,,,,,,,,,,,,,,,,,,,,
10.1037--xge0000157#neg,10.1037/xge0000157,10.1037--xge0000157,,,,,,,,,,,,,,,,,,,,,,,,,,,,,
10.1038--s41598-018-24735-y#neg,10.1038/s41598-018-24735-y,10.1038--s41598-018-24735-y,,,,,,,,,,,,,,,,,,,,,,,,,,,,,
10.1001--jamapsychiatry.2015.0554#neg,10.1001/jamapsychiatry.2015.0554,10.1001--jamapsychiatry.2015.0554,,,,,,,,,,,,,,,,,,,,,,,,,,,,,
10.1038--ng.3434#neg,10.1038/ng.3434,10.1038--ng.3434,,,,,,,,,,,,,,,,,,,,,,,,,,,,,
10.1038--s41598-018-35209-6#neg,10.1038/s41598-018-35209-6,10.1038--s41598-018-35209-6,,,,,,,,,,,,,,,,,,,,,,,,,,,,,
10.1038--mp.2011.142#neg,10.1038/mp.2011.142,10.1038--mp.2011.142,,,,,,,,,,,,,,,,,,,,,,,,,,,,,
