replication_doi,penalized,ext_index,same_original_as_a_matched_row,orphaned_by,original_url,original_title,description,result
10.1002/ejsp.2748,True,1,False,,https://doi.org/10.1177/0146167205282992,Reactions to internal and external criticism of outgroups: Social convention in ,"Uninvolved bystanders (third-group members) also show the intergroup sensitivity effect, rating outgroup criticism of another group as less appropriate than sam",success
10.1016/j.actpsy.2020.103138,True,1,True,,https://doi.org/10.1080/13506280544000110,Age of acquisition effects depend on the mapping between representations and the,Age of acquisition effects in spoken word naming are stronger for low-frequency words than high-frequency words (AoA × frequency interaction),success
10.1016/j.intell.2020.101471,True,1,True,,https://doi.org/10.1111/j.1467-8624.2007.00995.x,Implicit theories of intelligence predict achievement across an adolescent trans,Growth mindset (implicit theory of intelligence) predicts improvement in mathematics grades across the challenging transition from 6th to 7th grade (junior high,failure
10.1016/j.jesp.2020.104052,True,1,False,,https://doi.org/10/dhnrdb,Distinction bias: Misprediction and mischoice due to joint evaluation,"People in joint evaluation (JE) mode overpredict differences in happiness for quantitatively different tasks (e.g., 25 vs. 10 negative words, or 10 vs. 25 posit",failure
10.1111/j.1540-6261.2012.01744.x,True,1,False,,https://doi.org/10.1111/j.1540-6261.2008.01433.x,CEO compensation and board structure,"Compensation committee independence requirement has no significant effect on CEO total pay (estimated effect of -0.014, p=0.83), suggesting independent compensa",reversal
10.1177/0956797617747090,True,0,False,,https://doi.org/10.1037/a0025458,Eye movements reveal sustained implicit processing of others' mental states,"Adults show implicit belief tracking in an anticipatory-looking task, with longer looking to the no-object location in false-belief than true-belief conditions",inconclusive
10.1177/0956797617747090,True,1,False,,https://doi.org/10.1111/j.2044-835x.2011.02046.x,Where will the triangle look for it? Attributing false beliefs to a geometric sh,"Adults show belief-based anticipatory looking in a false-belief task with an animated geometric protagonist, with first saccades directed more often to the beli",failure
10.1177/0956797617747090,True,2,False,,https://doi.org/10.1177/0956797612451469,Attributing false beliefs about object identity reveals a signature blind spot i,"Adults show belief-congruent anticipatory looking in an implicit false-belief task, as indicated by a significantly positive differential looking score (DLS)",success
10.1177/0956797617747090,True,4,False,,https://doi.org/10.1177/0956797612451469,Attributing false beliefs about object identity reveals a signature blind spot i,"Adults show belief-congruent anticipatory looking in an implicit false-belief task, as indicated by a significantly positive differential looking score (DLS)",failure
10.1257/mac.6.3.1,True,1,False,,https://doi.org/10.1162/003355302320935025,Reversal of fortune: Geography and institutions in the making of the modern worl,Colonized countries that were more urbanized or more densely populated in 1500 (proxies for pre-colonial development) had lower per capita incomes by the late 2,failure
10.1371/journal.pone.0029081,True,1,True,,https://doi.org/10.1037/0022-3514.71.2.230,Automaticity of social behavior: direct effects of trait construct and stereotyp,"Exposure to elderly-related words in a scrambled sentences task causes participants to walk more slowly when exiting the laboratory, with participants unaware o",inconclusive
10.1371/journal.pone.0042510,True,0,False,,,Keeping one's distance: The influence of spatial distance cues on affect and eva,"Plotting two points close together on graph paper (spatial closeness priming) causes participants to report stronger emotional bonds to their parents, siblings,",failure
10.1371/journal.pone.0042510,True,1,False,,,Keeping one's distance: The influence of spatial distance cues on affect and eva,Plotting two points far apart on graph paper (spatial distance priming) reduces caloric estimates for unhealthy foods (but not healthy foods) compared to those ,failure
10.1525/collabra.185,True,0,False,wrong_original,https://doi.org/10.3389/fpsyg.2018.00757,Contents of hopes and duties: A linguistic analysis,"Descriptions of hopes are more positive in emotional tone than descriptions of duties, while descriptions of duties show more attention to social relationships ",success
10.1525/collabra.277,True,1,True,,https://doi.org/10.1016/j.jesp.2009.06.003,The semantic red effect: Processing the word red undermines intellectual perform,Processing the word 'red' (vs. 'gray') before a verbal analogy reasoning test causes high school students to score lower on the test,failure
10.1525/collabra.277,True,2,True,,https://doi.org/10.1016/j.jesp.2009.06.003,The semantic red effect: Processing the word red undermines intellectual perform,Processing the word 'red' (vs. a control color word) before an intelligence test causes participants to score lower on the test,failure
10.1525/collabra.277,True,3,True,,https://doi.org/10.1016/j.jesp.2009.06.003,The semantic red effect: Processing the word red undermines intellectual perform,Processing the word 'red' (vs. a control color word) before an intelligence test causes participants to score lower on the test,failure
10.23846/rps0002,True,1,True,,https://doi.org/10.1162/qjec.2009.124.3.1057,The power of TV: cable television and women's status in rural India,Continued exposure to cable TV (years of access) increases school enrolment in rural Tamil Nadu,failure
10.3389/fpsyg.2014.00786,True,1,False,,https://doi.org/10.1111/j.1467-9280.2008.02136,Measuring the crowd within: probabilistic representations within individuals,"Averaging two guesses from a single individual (with a 3-week delay between guesses) is more accurate than either single guess alone, and the benefit of averagi",success
