replication_doi,penalized,ext_index,orphaned_by,original_url,original_title,description,result
10.1002/ejsp.2748,True,1,,https://doi.org/10.1177/0146167205282992,Reactions to internal and external criticism of outgroups: social convention in ,Uninvolved bystanders — members of a third group with no stake in the criticism — also judge outgroup-on-outgroup criticism as less constructive and more threat,success
10.1007/s00181-005-0242-z,True,0,,https://doi.org/10.1162/003465398557744,On using current information to value hard-rock mineral properties,"Using OLS regression of gold mine value on Hotelling's valuation term (net price times reserves) for a cross-section of 28 gold mines, Cairns and Davis found th",failure
10.1007/s00181-005-0242-z,True,1,,https://doi.org/10.1162/003465398557744,On using current information to value hard-rock mineral properties,Cairns and Davis proposed an alternative valuation model that discounts future mineral prices to present value using an intertemporal discount factor (without a,failure
10.1007/s00181-005-0242-z,True,2,,https://doi.org/10.1162/003465398557744,On using current information to value hard-rock mineral properties,Cairns and Davis proposed a further alternative valuation equation allowing differential price- and cost-inflation rates; in one version (setting the price- and,inconclusive
10.1007/s00181-018-1457-0,True,0,,https://doi.org/10.1007/s00181-013-0773-7,Entry regulation and entrepreneurship: a natural experiment in German craftsmans,Deregulation of the German Trade and Crafts Code produced a roughly uniform positive effect on market entry and self-employment probability across both fully de,failure
10.1016/j.actpsy.2020.103138,True,0,,https://doi.org/10.1080/13506280544000110,Age of acquisition effects depend on the mapping between representations and the,"Age-of-acquisition (AoA) effects occur strongly and largely irrespective of word frequency in picture naming, because the mapping between perceptual, semantic a",success
10.1016/j.actpsy.2022.103717,True,0,,https://doi.org/10.1086/691462,Brain drain: The mere presence of one's own smartphone reduces available cogniti,"The mere presence of one's own smartphone (i.e., closer physical proximity, such as on the desk versus in a pocket/bag or outside the testing room) reduces avai",failure
10.1016/j.actpsy.2022.103717,True,2,,https://doi.org/10.1086/691462,Brain drain: The mere presence of one's own smartphone reduces available cogniti,"The relationship between smartphone location (proximity) and OSpan working-memory performance is moderated by individuals' smartphone attachment and dependency,",failure
10.1016/j.intell.2020.101471,True,1,,https://doi.org/10.1111/j.1467-8624.2007.00995.x,Implicit theories of intelligence predict achievement across an adolescent trans,"Growth mindset, measured at entry to a challenging academic transition, predicts subsequent improvement in official grades across that transition, after control",failure
10.1016/j.jesp.2020.104052,True,1,,https://doi.org/10/dhnrdb,Distinction bias: Misprediction and mischoice due to joint evaluation,"Extension of Study 1: Hsee and Zhang's distinction-bias theory implies that shifting the assumed reference point (e.g., an expectation that 160 people would buy",inconclusive
10.1016/j.jesp.2020.104052,True,2,,https://doi.org/10/dhnrdb,Distinction bias: Misprediction and mischoice due to joint evaluation,"Study 2 (word-reading task): people in joint evaluation (JE) mode, comparing four hypothetical/predicted word-reading tasks (10 or 25 positive or negative words",inconclusive
10.1098/rsos.210641,True,3,,https://doi.org/10.1038/s41598-017-10669-4,The aging of the social mind—differential effects on components of social unders,"Older adults respond to Theory of Mind questions as quickly as younger adults but respond significantly slower on factual-reasoning control questions, producing",failure
10.1111/j.1540-6261.2012.01744.x,True,1,,https://doi.org/10.1111/j.1540-6261.2008.01433.x,CEO compensation and board structure,The pay-reducing effect of the board-independence mandate in noncompliant firms is concentrated among firms without a nonemployee blockholder director on the bo,inconclusive
10.1111/j.1540-6261.2012.01744.x,True,2,,https://doi.org/10.1111/j.1540-6261.2008.01433.x,CEO compensation and board structure,"The pay-reducing effect of the board-independence mandate in noncompliant firms is concentrated among firms with low institutional ownership concentration, i.e.",failure
10.1111/j.1540-6261.2012.01744.x,True,3,,https://doi.org/10.1111/j.1540-6261.2008.01433.x,CEO compensation and board structure,Requiring a fully independent compensation committee (rather than requiring a majority-independent board) has no statistically significant effect on CEO pay in ,reversal
10.1177/0956797617747090,True,0,,https://doi.org/10.1037/a0025458,Eye movements reveal sustained implicit processing of others' mental states,Adults implicitly track others' false beliefs in an anticipatory-looking task: a significant Belief x Object-Location interaction in looking time is driven by l,inconclusive
10.1177/0956797617747090,True,1,,https://doi.org/10.1037/a0025458,Eye movements reveal sustained implicit processing of others' mental states,Adults implicitly track others' false beliefs in an anticipatory-looking task: a significant Belief x Object-Location interaction in looking time is driven by l,inconclusive
10.1177/0956797617747090,True,2,,https://doi.org/10.1111/j.2044-835x.2011.02046.x,Where will the triangle look for it? Attributing false beliefs to a geometric sh,"In a change-of-location false-belief task with a geometric-shape protagonist, participants (originally infants) show belief-congruent anticipatory looking, dire",inconclusive
10.1177/0956797617747090,True,3,,https://doi.org/10.1177/0956797612451469,Attributing false beliefs about object identity reveals a signature blind spot i,"In an implicit false-belief task involving an object-identity switch, participants show belief-congruent anticipatory looking, indicated by a significantly posi",success
10.1177/0956797617747090,True,5,,https://doi.org/10.1126/science.1176170,Mindblind eyes: An absence of spontaneous theory of mind in Asperger syndrome,"In a false-belief task where a target object is removed from the scene rather than merely relocated, neurotypical adults show belief-congruent anticipatory look",inconclusive
10.1177/0956797617747090,True,6,,https://doi.org/10.1177/0956797612451469,Attributing false beliefs about object identity reveals a signature blind spot i,"In an implicit false-belief task involving an object-identity switch, participants show belief-congruent anticipatory looking, indicated by a significantly posi",inconclusive
10.1177/1091142114537893,True,1,,https://doi.org/10.17310/ntj.2011.2.02,Millionaire migration and state taxation of top incomes: Evidence from a natural,"Using a net-migration model that combines in-migrants and out-migrants, YV found no statistically significant differential increase in net out-migration of New ",failure
10.1177/1091142114537893,True,2,,https://doi.org/10.17310/ntj.2011.2.02,Millionaire migration and state taxation of top incomes: Evidence from a natural,"In a supplementary specification (YV's model 5) restricted to taxpayers who reported earning all of their income within New Jersey, YV found a larger increase i",success
10.1371/journal.pone.0029081,True,1,,https://doi.org/10.1037/0022-3514.71.2.230,Automaticity of social behavior: direct effects of trait construct and stereotyp,"Bargh, Chen, and Burrows (1996, Experiments 2a/2b) found that unobtrusively exposing participants to words related to the stereotype of old age caused them to w",inconclusive
10.1371/journal.pone.0042510,True,0,,https://doi.org/10.1111/j.1467-9280.2008.02084.x,Keeping one's distance: The influence of spatial distance cues on affect and eva,Study 4: Priming participants by having them plot closely spaced (vs. distant) points on graph paper increases their subsequently reported emotional closeness/b,failure
10.1525/collabra.185,True,0,wrong_original,https://doi.org/10.3389/fpsyg.2018.00757,Contents of hopes and duties: A linguistic analysis,"Using LIWC linguistic analysis of writing samples, descriptions of pursuing hopes are more positive in emotional tone and refer less to social relationships tha",success
10.1525/collabra.277,True,0,,https://doi.org/10.1016/j.jesp.2009.06.003,The semantic red effect: Processing the word red undermines intellectual perform,Experiment 1 (direct replication of Lichtenfeld et al.'s Experiment 2): German high-school students who read the word red in an example item before a verbal-ana,failure
10.1525/collabra.277,True,2,,https://doi.org/10.1016/j.jesp.2009.06.003,The semantic red effect: Processing the word red undermines intellectual perform,"Experiment 3 (conceptual replication of Lichtenfeld et al.'s Experiment 2, using a general-knowledge test with German undergraduates instead of verbal analogies",failure
10.1525/collabra.277,True,3,,https://doi.org/10.1016/j.jesp.2009.06.003,The semantic red effect: Processing the word red undermines intellectual perform,"Experiment 4 (large, preregistered conceptual replication of Lichtenfeld et al.'s Experiment 2, in a web-based adult sample of N=1,149 using a crystallized-inte",failure
10.23846/rps0002,True,1,,https://doi.org/10.1162/qjec.2009.124.3.1057,The power of TV: cable television and women's status in rural India,Access to cable television increases female autonomy (women's decision-making power) among rural Indian women.,inconclusive
10.23846/rps0002,True,2,,https://doi.org/10.1162/qjec.2009.124.3.1057,The power of TV: cable television and women's status in rural India,Access to cable television reduces son preference among rural Indian women.,inconclusive
10.23846/rps0002,True,3,,https://doi.org/10.1162/qjec.2009.124.3.1057,The power of TV: cable television and women's status in rural India,Access to cable television reduces fertility rates (likelihood of being pregnant) among rural Indian women.,inconclusive
10.23846/rps0002,True,4,,https://doi.org/10.1162/qjec.2009.124.3.1057,The power of TV: cable television and women's status in rural India,"Continued exposure to cable TV (years of access) increases total school enrolment in rural Tamil Nadu villages, based on DISE administrative data.",failure
10.31234/osf.io/drfht,True,0,,https://doi.org/10.1073/pnas.1511269112,Placebo analgesia and its opioidergic regulation suggest that empathy for pain i,"Inducing placebo analgesia (belief that an inert pill is a potent painkiller, reinforced by conditioning) causally reduces first-hand pain sensitivity ratings.",success
10.3389/fpsyg.2014.00786,True,1,,https://doi.org/10.1111/j.1467-9280.2008.02136.x,Measuring the crowd within: probabilistic representations within individuals,"Delayed condition: when a person's second guess to a general-knowledge question is elicited three weeks after the first guess, the average of the two guesses is",success
10.3389/fpsyg.2014.00786,True,2,,https://doi.org/10.1111/j.1467-9280.2008.02136.x,Measuring the crowd within: probabilistic representations within individuals,The original study found that the accuracy gain from averaging two guesses was significantly larger when the second guess was delayed by three weeks than when i,inconclusive
