replication_doi,discipline,subdiscipline,candidates,source_proposals,flags,packet,decision
10.1037/edu0000095,education,,3,0,subdiscipline missing,packets/10.1037--edu0000095.json,decisions/10.1037--edu0000095.json
10.3390/su12083069,environmental science,"management, monitoring, policy and law",2,0,,packets/10.3390--su12083069.json,decisions/10.3390--su12083069.json
10.1080/13561820.2016.1233096,education,higher education,2,0,,packets/10.1080--13561820.2016.1233096.json,decisions/10.1080--13561820.2016.1233096.json
10.1002/npr2.70078,medical fields,psychiatry,2,0,,packets/10.1002--npr2.70078.json,decisions/10.1002--npr2.70078.json
10.17705/1atrr.00014,business & management,management,6,0,,packets/10.17705--1atrr.00014.json,decisions/10.17705--1atrr.00014.json
10.1007/s11145-018-9858-1,linguistics,psycholinguistics,2,0,,packets/10.1007--s11145-018-9858-1.json,decisions/10.1007--s11145-018-9858-1.json
10.1371/journal.pone.0053234,biology,genetics,4,0,,packets/10.1371--journal.pone.0053234.json,decisions/10.1371--journal.pone.0053234.json
10.1080/10510974.2018.1466718,education,,8,0,subdiscipline missing,packets/10.1080--10510974.2018.1466718.json,decisions/10.1080--10510974.2018.1466718.json
10.3102/0013189x20922993,education,higher education,2,0,,packets/10.3102--0013189x20922993.json,decisions/10.3102--0013189x20922993.json
10.1111/j.1743-6109.2010.01970.x,medical fields,psychiatry,2,0,,packets/10.1111--j.1743-6109.2010.01970.x.json,decisions/10.1111--j.1743-6109.2010.01970.x.json
10.17605/osf.io/ehjdm,psychology,judgment and decision making,2,0,,packets/10.17605--osf.io--ehjdm.json,decisions/10.17605--osf.io--ehjdm.json
10.1521/pedi_2013_27_117,psychology,personality psychology,2,0,,packets/10.1521--pedi_2013_27_117.json,decisions/10.1521--pedi_2013_27_117.json
10.1080/02619768.2014.882308,psychology,social psychology,2,0,,packets/10.1080--02619768.2014.882308.json,decisions/10.1080--02619768.2014.882308.json
10.1525/mp.2012.30.2.161,psychology,personality psychology,6,0,targeted source review: type,packets/10.1525--mp.2012.30.2.161.json,decisions/10.1525--mp.2012.30.2.161.json
10.1080/09658211.2023.2198327,psychology,cognitive psychology,2,0,,packets/10.1080--09658211.2023.2198327.json,decisions/10.1080--09658211.2023.2198327.json
10.1017/s1930297500002941,psychology,judgment and decision making,3,0,,packets/10.1017--s1930297500002941.json,decisions/10.1017--s1930297500002941.json
10.1177/0022219419897268,psychology,cognitive psychology,2,0,,packets/10.1177--0022219419897268.json,decisions/10.1177--0022219419897268.json
10.1007/s40732-020-00396-0,psychology,clinical psychology,2,0,,packets/10.1007--s40732-020-00396-0.json,decisions/10.1007--s40732-020-00396-0.json
10.1037/edu0000146,psychology,educational psychology,3,0,,packets/10.1037--edu0000146.json,decisions/10.1037--edu0000146.json
10.1007/s00426-019-01203-4,psychology,consumer psychology / marketing,2,0,,packets/10.1007--s00426-019-01203-4.json,decisions/10.1007--s00426-019-01203-4.json
10.17605/osf.io/82bwv,neuroscience,cognitive neuroscience,4,0,,packets/10.17605--osf.io--82bwv.json,decisions/10.17605--osf.io--82bwv.json
10.1017/s0142716423000127,linguistics,second language acquisition,6,0,,packets/10.1017--s0142716423000127.json,decisions/10.1017--s0142716423000127.json
10.1080/00330124.2012.681509,environmental science,"management, monitoring, policy and law",3,0,,packets/10.1080--00330124.2012.681509.json,decisions/10.1080--00330124.2012.681509.json
10.1007/s10664-025-10739-6,human-computer interaction,,6,0,subdiscipline missing,packets/10.1007--s10664-025-10739-6.json,decisions/10.1007--s10664-025-10739-6.json
10.1002/smj.2905,business & management,management,2,0,,packets/10.1002--smj.2905.json,decisions/10.1002--smj.2905.json
10.1002/smj.2579,business & management,management,2,0,,packets/10.1002--smj.2579.json,decisions/10.1002--smj.2579.json
10.1016/j.cortex.2022.12.003,neuroscience,cognitive neuroscience,4,0,,packets/10.1016--j.cortex.2022.12.003.json,decisions/10.1016--j.cortex.2022.12.003.json
10.1017/s0261444815000087,linguistics,second language acquisition,2,0,,packets/10.1017--s0261444815000087.json,decisions/10.1017--s0261444815000087.json
10.21203/rs.3.rs-8351701/v1,neuroscience,cognitive neuroscience,4,0,,packets/10.21203--rs.3.rs-8351701--v1.json,decisions/10.21203--rs.3.rs-8351701--v1.json
10.1101/2021.11.30.470372,biology,cancer biology,7,0,,packets/10.1101--2021.11.30.470372.json,decisions/10.1101--2021.11.30.470372.json
10.1098/rsos.231240,psychology,cognitive psychology,2,0,,packets/10.1098--rsos.231240.json,decisions/10.1098--rsos.231240.json
10.1177/2515245920903079,psychology,cognitive psychology,2,0,,packets/10.1177--2515245920903079.json,decisions/10.1177--2515245920903079.json
10.1037/xge0000644,psychology,judgment and decision making,10,0,,packets/10.1037--xge0000644.json,decisions/10.1037--xge0000644.json
10.1080/02699931.2018.1429389,psychology,social psychology,4,0,,packets/10.1080--02699931.2018.1429389.json,decisions/10.1080--02699931.2018.1429389.json
10.1111/psyp.13546,psychology,psychophysiology,6,0,,packets/10.1111--psyp.13546.json,decisions/10.1111--psyp.13546.json
10.1080/02699931.2015.1136270,psychology,clinical psychology,3,0,,packets/10.1080--02699931.2015.1136270.json,decisions/10.1080--02699931.2015.1136270.json
10.1073/pnas.2103313118,psychology,consumer psychology / marketing,5,0,supplement required: recovered study list does not establish outcomes; targeted source review: input_coverage,packets/10.1073--pnas.2103313118.json,decisions/10.1073--pnas.2103313118.json
10.3389/fpsyg.2018.02476,psychology,cognitive psychology,2,0,targeted source review: type,packets/10.3389--fpsyg.2018.02476.json,decisions/10.3389--fpsyg.2018.02476.json
10.1177/0956797619837942,psychology,cognitive psychology,3,0,,packets/10.1177--0956797619837942.json,decisions/10.1177--0956797619837942.json
10.1037/edu0000965,psychology,developmental psychology,2,0,,packets/10.1037--edu0000965.json,decisions/10.1037--edu0000965.json
10.1007/s10882-014-9400-6,education,special education,4,0,,packets/10.1007--s10882-014-9400-6.json,decisions/10.1007--s10882-014-9400-6.json
10.1097/acm.0000000000002311,education,medical education,2,0,,packets/10.1097--acm.0000000000002311.json,decisions/10.1097--acm.0000000000002311.json
10.1002/pits.22364,education,special education,2,0,,packets/10.1002--pits.22364.json,decisions/10.1002--pits.22364.json
10.1158/1055-9965.epi-11-0870-t,medical fields,oncology,10,0,,packets/10.1158--1055-9965.epi-11-0870-t.json,decisions/10.1158--1055-9965.epi-11-0870-t.json
10.1016/j.jml.2022.104352,linguistics,phonetics and phonology,3,0,,packets/10.1016--j.jml.2022.104352.json,decisions/10.1016--j.jml.2022.104352.json
10.1111/desc.13080,education,mathematics education,4,0,,packets/10.1111--desc.13080.json,decisions/10.1111--desc.13080.json
10.1016/0163-6383(90)90029-8,medical fields,pediatrics,6,0,,packets/10.1016--0163-6383(90)90029-8.json,decisions/10.1016--0163-6383(90)90029-8.json
10.1016/j.ynirp.2022.100147,neuroscience,cognitive neuroscience,11,0,targeted source review: codebook_null,packets/10.1016--j.ynirp.2022.100147.json,decisions/10.1016--j.ynirp.2022.100147.json
10.1108/neje-04-2020-0005,education,higher education,3,0,,packets/10.1108--neje-04-2020-0005.json,decisions/10.1108--neje-04-2020-0005.json
10.1017/xps.2017.22,political science,,5,0,subdiscipline missing,packets/10.1017--xps.2017.22.json,decisions/10.1017--xps.2017.22.json
10.1371/journal.pone.0209704,psychology,social psychology,2,0,,packets/10.1371--journal.pone.0209704.json,decisions/10.1371--journal.pone.0209704.json
10.1002/cpp.686,psychology,clinical psychology,6,0,,packets/10.1002--cpp.686.json,decisions/10.1002--cpp.686.json
10.1007/s11251-018-9451-7,psychology,educational psychology,4,0,,packets/10.1007--s11251-018-9451-7.json,decisions/10.1007--s11251-018-9451-7.json
10.1007/s10648-019-09468-2,psychology,cognitive psychology,4,0,,packets/10.1007--s10648-019-09468-2.json,decisions/10.1007--s10648-019-09468-2.json
10.1002/ejsp.2175,psychology,cognitive psychology,2,0,,packets/10.1002--ejsp.2175.json,decisions/10.1002--ejsp.2175.json
10.1037/xge0000788,psychology,social psychology,6,0,,packets/10.1037--xge0000788.json,decisions/10.1037--xge0000788.json
10.1525/collabra.216,psychology,organizational psychology,5,0,targeted source review: type,packets/10.1525--collabra.216.json,decisions/10.1525--collabra.216.json
10.5964/jnc.7047,psychology,developmental psychology,4,0,,packets/10.5964--jnc.7047.json,decisions/10.5964--jnc.7047.json
10.1525/collabra.168,psychology,cognitive psychology,7,0,,packets/10.1525--collabra.168.json,decisions/10.1525--collabra.168.json
10.1177/1948550618775410,psychology,cognitive psychology,6,0,,packets/10.1177--1948550618775410.json,decisions/10.1177--1948550618775410.json
10.1016/j.dcn.2017.12.003,psychology,developmental psychology,2,0,,packets/10.1016--j.dcn.2017.12.003.json,decisions/10.1016--j.dcn.2017.12.003.json
10.17605/osf.io/knjhu,psychology,judgment and decision making,3,0,,packets/10.17605--osf.io--knjhu.json,decisions/10.17605--osf.io--knjhu.json
10.17605/osf.io/ahcpw,psychology,judgment and decision making,6,0,,packets/10.17605--osf.io--ahcpw.json,decisions/10.17605--osf.io--ahcpw.json
10.17605/osf.io/wmqtb,psychology,cognitive psychology,16,0,,packets/10.17605--osf.io--wmqtb.json,decisions/10.17605--osf.io--wmqtb.json
10.17605/osf.io/4hjck,psychology,judgment and decision making,11,0,,packets/10.17605--osf.io--4hjck.json,decisions/10.17605--osf.io--4hjck.json
10.1097/psy.0b013e3181fdd074,medical fields,psychiatry,2,0,,packets/10.1097--psy.0b013e3181fdd074.json,decisions/10.1097--psy.0b013e3181fdd074.json
10.17605/osf.io/w34fb,psychology,social psychology,9,0,,packets/10.17605--osf.io--w34fb.json,decisions/10.17605--osf.io--w34fb.json
10.1037/a0024923,psychology,social psychology,4,0,,packets/10.1037--a0024923.json,decisions/10.1037--a0024923.json
10.31234/osf.io/esu9z,psychology,social psychology,2,0,revision notice only: full paper needed; targeted source review: input_document,packets/10.31234--osf.io--esu9z.json,decisions/10.31234--osf.io--esu9z.json
10.31234/osf.io/3bhja,psychology,social psychology,4,0,,packets/10.31234--osf.io--3bhja.json,decisions/10.31234--osf.io--3bhja.json
10.1177/2515245920958687,psychology,social psychology,30,0,,packets/10.1177--2515245920958687.json,decisions/10.1177--2515245920958687.json
10.17605/osf.io/j9mfn,psychology,social psychology,14,0,,packets/10.17605--osf.io--j9mfn.json,decisions/10.17605--osf.io--j9mfn.json
10.48550/arxiv.1605.00178,linguistics,psycholinguistics,4,0,,packets/10.48550--arxiv.1605.00178.json,decisions/10.48550--arxiv.1605.00178.json
10.17605/osf.io/j3ue4,psychology,social psychology,3,0,,packets/10.17605--osf.io--j3ue4.json,decisions/10.17605--osf.io--j3ue4.json
10.1177/1948550618808863,psychology,social psychology,4,0,,packets/10.1177--1948550618808863.json,decisions/10.1177--1948550618808863.json
10.1002/rrq.62,education,,5,0,subdiscipline missing,packets/10.1002--rrq.62.json,decisions/10.1002--rrq.62.json
10.1037/0022-3514.83.2.406,psychology,social psychology,4,0,,packets/10.1037--0022-3514.83.2.406.json,decisions/10.1037--0022-3514.83.2.406.json
10.1016/j.cogdev.2017.10.004,psychology,cognitive psychology,8,0,,packets/10.1016--j.cogdev.2017.10.004.json,decisions/10.1016--j.cogdev.2017.10.004.json
10.1002/pits.22027,education,,2,0,subdiscipline missing,packets/10.1002--pits.22027.json,decisions/10.1002--pits.22027.json
10.1080/09658211.2011.590505,psychology,cognitive psychology,5,0,,packets/10.1080--09658211.2011.590505.json,decisions/10.1080--09658211.2011.590505.json
10.1111/bjso.12217,psychology,social psychology,2,0,,packets/10.1111--bjso.12217.json,decisions/10.1111--bjso.12217.json
10.18718/81781.23,economics,macroeconomics,6,0,,packets/10.18718--81781.23.json,decisions/10.18718--81781.23.json
10.18718/81781.29,economics,labor economics,6,0,,packets/10.18718--81781.29.json,decisions/10.18718--81781.29.json
10.1002/ejsp.2748,psychology,cognitive psychology,2,0,,packets/10.1002--ejsp.2748.json,decisions/10.1002--ejsp.2748.json
10.1016/j.actpsy.2020.103138,psychology,developmental psychology,5,0,,packets/10.1016--j.actpsy.2020.103138.json,decisions/10.1016--j.actpsy.2020.103138.json
10.1016/j.actpsy.2022.103717,psychology,consumer psychology / marketing,6,0,,packets/10.1016--j.actpsy.2022.103717.json,decisions/10.1016--j.actpsy.2022.103717.json
10.1016/j.intell.2020.101471,psychology,social psychology,4,0,,packets/10.1016--j.intell.2020.101471.json,decisions/10.1016--j.intell.2020.101471.json
10.1016/j.jesp.2023.104549,psychology,cognitive psychology,5,0,,packets/10.1016--j.jesp.2023.104549.json,decisions/10.1016--j.jesp.2023.104549.json
10.1098/rsos.210641,psychology,social psychology,6,0,,packets/10.1098--rsos.210641.json,decisions/10.1098--rsos.210641.json
10.1177/01461672211052120,psychology,experimental philosophy,4,0,,packets/10.1177--01461672211052120.json,decisions/10.1177--01461672211052120.json
10.1177/0956797617747090,psychology,social psychology,15,0,,packets/10.1177--0956797617747090.json,decisions/10.1177--0956797617747090.json
10.1525/collabra.185,psychology,social psychology,3,0,,packets/10.1525--collabra.185.json,decisions/10.1525--collabra.185.json
10.1525/collabra.277,psychology,social psychology,8,0,,packets/10.1525--collabra.277.json,decisions/10.1525--collabra.277.json
10.31234/osf.io/drfht,neuroscience,cognitive neuroscience,3,0,,packets/10.31234--osf.io--drfht.json,decisions/10.31234--osf.io--drfht.json
10.3389/fpsyg.2014.00786,psychology,social psychology,4,0,,packets/10.3389--fpsyg.2014.00786.json,decisions/10.3389--fpsyg.2014.00786.json
10.1027/1864-9335/a000186,psychology,cognitive psychology,4,0,,packets/10.1027--1864-9335--a000186.json,decisions/10.1027--1864-9335--a000186.json
10.1016/j.jesp.2020.104052,psychology,social psychology,4,0,,packets/10.1016--j.jesp.2020.104052.json,decisions/10.1016--j.jesp.2020.104052.json
10.1371/journal.pone.0029081,psychology,social psychology,4,0,,packets/10.1371--journal.pone.0029081.json,decisions/10.1371--journal.pone.0029081.json
10.1177/2515245918777487,psychology,social psychology,3,0,,packets/10.1177--2515245918777487.json,decisions/10.1177--2515245918777487.json
10.1177/1745691618755704,psychology,social psychology,2,0,,packets/10.1177--1745691618755704.json,decisions/10.1177--1745691618755704.json
10.1177/2515245918781032,psychology,social psychology,2,0,,packets/10.1177--2515245918781032.json,decisions/10.1177--2515245918781032.json
10.1371/journal.pone.0042510,psychology,social psychology,4,0,,packets/10.1371--journal.pone.0042510.json,decisions/10.1371--journal.pone.0042510.json
10.1177/1745691616664694,psychology,social psychology,5,0,,packets/10.1177--1745691616664694.json,decisions/10.1177--1745691616664694.json
10.1257/mac.6.3.1,economics,development economics,2,0,,packets/10.1257--mac.6.3.1.json,decisions/10.1257--mac.6.3.1.json
10.1111/j.1540-6261.2012.01744.x,economics,finance & financial economics,8,0,,packets/10.1111--j.1540-6261.2012.01744.x.json,decisions/10.1111--j.1540-6261.2012.01744.x.json
10.23846/rps0002,economics,development economics,2,0,,packets/10.23846--rps0002.json,decisions/10.23846--rps0002.json
10.1177/1091142114537893,economics,political economy,4,0,,packets/10.1177--1091142114537893.json,decisions/10.1177--1091142114537893.json
10.1007/s00181-005-0242-z,economics,energy & environmental economics,5,0,,packets/10.1007--s00181-005-0242-z.json,decisions/10.1007--s00181-005-0242-z.json
10.1007/s00181-018-1457-0,economics,labor economics,4,0,,packets/10.1007--s00181-018-1457-0.json,decisions/10.1007--s00181-018-1457-0.json
10.7554/elife.51019,biology,cancer biology,11,0,,packets/10.7554--elife.51019.json,decisions/10.7554--elife.51019.json
10.7554/elife.04363,biology,cancer biology,3,0,protocol: exclude from outcome scoring pending human confirmation; targeted source review: eligibility,packets/10.7554--elife.04363.json,decisions/10.7554--elife.04363.json
10.7554/elife.11566,biology,cancer biology,7,0,protocol: exclude from outcome scoring pending human confirmation; targeted source review: eligibility,packets/10.7554--elife.11566.json,decisions/10.7554--elife.11566.json
10.7554/elife.11999,biology,cancer biology,10,0,protocol: exclude from outcome scoring pending human confirmation; targeted source review: eligibility,packets/10.7554--elife.11999.json,decisions/10.7554--elife.11999.json
10.7554/elife.09976,biology,cancer biology,6,0,protocol: exclude from outcome scoring pending human confirmation; targeted source review: eligibility,packets/10.7554--elife.09976.json,decisions/10.7554--elife.09976.json
10.7554/elife.45426,biology,cancer biology,6,0,,packets/10.7554--elife.45426.json,decisions/10.7554--elife.45426.json
10.7554/elife.11414,biology,cancer biology,11,0,protocol: exclude from outcome scoring pending human confirmation; targeted source review: eligibility,packets/10.7554--elife.11414.json,decisions/10.7554--elife.11414.json
10.7554/elife.17584,biology,cancer biology,8,0,,packets/10.7554--elife.17584.json,decisions/10.7554--elife.17584.json
10.7554/elife.26030,biology,cancer biology,9,0,,packets/10.7554--elife.26030.json,decisions/10.7554--elife.26030.json
10.7554/elife.21253,biology,cancer biology,7,0,,packets/10.7554--elife.21253.json,decisions/10.7554--elife.21253.json
10.7554/elife.45120,biology,cancer biology,10,0,targeted source review: outcome,packets/10.7554--elife.45120.json,decisions/10.7554--elife.45120.json
10.7554/elife.17044,biology,cancer biology,6,0,targeted source review: codebook_null,packets/10.7554--elife.17044.json,decisions/10.7554--elife.17044.json
10.7554/elife.56651,biology,cancer biology,8,0,,packets/10.7554--elife.56651.json,decisions/10.7554--elife.56651.json
10.7554/elife.43511,biology,cancer biology,11,0,targeted source review: outcome,packets/10.7554--elife.43511.json,decisions/10.7554--elife.43511.json
10.7554/elife.25306,biology,cancer biology,7,0,,packets/10.7554--elife.25306.json,decisions/10.7554--elife.25306.json
10.7554/elife.29747,biology,cancer biology,6,0,,packets/10.7554--elife.29747.json,decisions/10.7554--elife.29747.json
10.7554/elife.18173,biology,cancer biology,6,0,targeted source review: outcome,packets/10.7554--elife.18173.json,decisions/10.7554--elife.18173.json
10.7554/elife.34364,biology,cancer biology,8,0,,packets/10.7554--elife.34364.json,decisions/10.7554--elife.34364.json
10.7554/elife.39944,biology,cancer biology,2,0,,packets/10.7554--elife.39944.json,decisions/10.7554--elife.39944.json
10.7554/elife.21634,biology,cancer biology,5,0,,packets/10.7554--elife.21634.json,decisions/10.7554--elife.21634.json
10.7554/elife.10860,biology,cancer biology,6,0,protocol: exclude from outcome scoring pending human confirmation; targeted source review: eligibility,packets/10.7554--elife.10860.json,decisions/10.7554--elife.10860.json
10.7554/elife.30274,biology,cancer biology,6,0,,packets/10.7554--elife.30274.json,decisions/10.7554--elife.30274.json
10.7554/elife.25801,biology,cancer biology,2,0,,packets/10.7554--elife.25801.json,decisions/10.7554--elife.25801.json
10.1101/2025.04.02.645026,biology,cell biology,2,0,,packets/10.1101--2025.04.02.645026.json,decisions/10.1101--2025.04.02.645026.json
10.1007/s40279-025-02201-w,sports and exercise science,sports and exercise science,25,25,targeted source review: input_coverage; 25 PDF table outcomes recovered; type and fine-grained identity pending,packets/10.1007--s40279-025-02201-w.json,decisions/10.1007--s40279-025-02201-w.json
10.1186/1471-2350-13-27,medical fields,cardiovascular medicine,8,0,,packets/10.1186--1471-2350-13-27.json,decisions/10.1186--1471-2350-13-27.json
10.1046/j.1365-2133.1996.d01-1096.x,medical fields,dermatology,2,0,,packets/10.1046--j.1365-2133.1996.d01-1096.x.json,decisions/10.1046--j.1365-2133.1996.d01-1096.x.json
10.1158/1055-9965.epi-08-1223,medical fields,epidemiology,17,0,,packets/10.1158--1055-9965.epi-08-1223.json,decisions/10.1158--1055-9965.epi-08-1223.json
10.1186/s12913-023-09505-5,medical fields,geriatric care,2,0,,packets/10.1186--s12913-023-09505-5.json,decisions/10.1186--s12913-023-09505-5.json
10.1371/journal.pone.0284404,medical fields,immunology,3,0,,packets/10.1371--journal.pone.0284404.json,decisions/10.1371--journal.pone.0284404.json
10.1016/0022-3999(93)90123-w,medical fields,psychosomatic medicine,8,0,,packets/10.1016--0022-3999(93)90123-w.json,decisions/10.1016--0022-3999(93)90123-w.json
10.1080/17470218.2016.1253756,psychology,cognitive psychology,8,0,,packets/10.1080--17470218.2016.1253756.json,decisions/10.1080--17470218.2016.1253756.json
10.3389/fninf.2018.00046,neuroscience,cognitive neuroscience,2,0,,packets/10.3389--fninf.2018.00046.json,decisions/10.3389--fninf.2018.00046.json
10.1002/ijc.23682,biology,genetics,5,0,,packets/10.1002--ijc.23682.json,decisions/10.1002--ijc.23682.json
10.1016/0006-8993(90)90328-9,neuroscience,behavioral neuroscience,8,0,,packets/10.1016--0006-8993(90)90328-9.json,decisions/10.1016--0006-8993(90)90328-9.json
10.1177/0022022100031003001,psychology,social psychology,8,0,,packets/10.1177--0022022100031003001.json,decisions/10.1177--0022022100031003001.json
10.1016/j.neurobiolaging.2009.09.004,medical fields,epidemiology,44,0,,packets/10.1016--j.neurobiolaging.2009.09.004.json,decisions/10.1016--j.neurobiolaging.2009.09.004.json
10.1111/famp.12710,psychology,clinical psychology,9,0,,packets/10.1111--famp.12710.json,decisions/10.1111--famp.12710.json
10.1007/s10508-025-03297-x,psychology,social psychology,4,0,,packets/10.1007--s10508-025-03297-x.json,decisions/10.1007--s10508-025-03297-x.json
10.1177/1534508420953894,psychology,educational psychology,2,0,,packets/10.1177--1534508420953894.json,decisions/10.1177--1534508420953894.json
10.1007/s40616-014-0012-0,psychology,developmental psychology,2,0,,packets/10.1007--s40616-014-0012-0.json,decisions/10.1007--s40616-014-0012-0.json
10.1023/a:1024223916710,economics,macroeconomics,2,0,,packets/10.1023--a~1024223916710.json,decisions/10.1023--a~1024223916710.json
10.1002/art.39932,medical fields,medical genetics,4,0,,packets/10.1002--art.39932.json,decisions/10.1002--art.39932.json
10.1371/journal.pone.0110118,psychology,cognitive psychology,3,0,,packets/10.1371--journal.pone.0110118.json,decisions/10.1371--journal.pone.0110118.json
10.1371/journal.pone.0210327,medical fields,pharmacology and toxicology,2,0,,packets/10.1371--journal.pone.0210327.json,decisions/10.1371--journal.pone.0210327.json
10.5018/economics-ejournal.ja.2018-3,economics,development economics,10,0,,packets/10.5018--economics-ejournal.ja.2018-3.json,decisions/10.5018--economics-ejournal.ja.2018-3.json
10.1177/073953298600700307,sociology,,8,0,subdiscipline missing; targeted source review: matching,packets/10.1177--073953298600700307.json,decisions/10.1177--073953298600700307.json
10.1080/02699931.2020.1719982,psychology,cognitive psychology,4,0,,packets/10.1080--02699931.2020.1719982.json,decisions/10.1080--02699931.2020.1719982.json
10.3389/fnhum.2020.00265,neuroscience,cognitive neuroscience,2,0,,packets/10.3389--fnhum.2020.00265.json,decisions/10.3389--fnhum.2020.00265.json
10.1016/j.jsat.2013.07.013,medical fields,pharmacology and toxicology,2,0,targeted source review: scope,packets/10.1016--j.jsat.2013.07.013.json,decisions/10.1016--j.jsat.2013.07.013.json
10.1017/s0003055405051658,political science,political economy,2,0,,packets/10.1017--s0003055405051658.json,decisions/10.1017--s0003055405051658.json
10.3386/w21801,economics,labor economics,7,0,,packets/10.3386--w21801.json,decisions/10.3386--w21801.json
10.1002/jae.2886,economics,econometric methods,9,0,,packets/10.1002--jae.2886.json,decisions/10.1002--jae.2886.json
10.1111/sjoe.12341,economics,development economics,4,0,,packets/10.1111--sjoe.12341.json,decisions/10.1111--sjoe.12341.json
10.1257/aer.104.3.1072,economics,macroeconomics,2,0,,packets/10.1257--aer.104.3.1072.json,decisions/10.1257--aer.104.3.1072.json
10.1371/journal.pone.0051382,psychology,cognitive psychology,12,0,,packets/10.1371--journal.pone.0051382.json,decisions/10.1371--journal.pone.0051382.json
10.1177/0956797613486983,psychology,social psychology,4,0,,packets/10.1177--0956797613486983.json,decisions/10.1177--0956797613486983.json
10.1177/1745691615605826,psychology,criminology,16,0,,packets/10.1177--1745691615605826.json,decisions/10.1177--1745691615605826.json
10.1016/j.jesp.2015.09.003,psychology,cognitive psychology,5,0,,packets/10.1016--j.jesp.2015.09.003.json,decisions/10.1016--j.jesp.2015.09.003.json
10.1007/s10648-015-9332-4,psychology,social psychology,2,0,,packets/10.1007--s10648-015-9332-4.json,decisions/10.1007--s10648-015-9332-4.json
10.3758/s13421-017-0708-1,psychology,cognitive psychology,6,0,,packets/10.3758--s13421-017-0708-1.json,decisions/10.3758--s13421-017-0708-1.json
10.1371/journal.pone.0108269,psychology,cognitive psychology,2,0,,packets/10.1371--journal.pone.0108269.json,decisions/10.1371--journal.pone.0108269.json
10.3758/s13423-020-01834-4,economics,behavioral and experimental economics,5,0,,packets/10.3758--s13423-020-01834-4.json,decisions/10.3758--s13423-020-01834-4.json
10.1098/rsos.181868,psychology,psychophysics,2,0,,packets/10.1098--rsos.181868.json,decisions/10.1098--rsos.181868.json
10.1016/j.strueco.2018.01.002,economics,macroeconomics,2,0,,packets/10.1016--j.strueco.2018.01.002.json,decisions/10.1016--j.strueco.2018.01.002.json
10.3758/s13421-023-01471-x,psychology,cognitive psychology,8,0,,packets/10.3758--s13421-023-01471-x.json,decisions/10.3758--s13421-023-01471-x.json
10.1007/s11205-005-5074-x,economics,behavioral and experimental economics,2,0,,packets/10.1007--s11205-005-5074-x.json,decisions/10.1007--s11205-005-5074-x.json
10.1016/j.neuroimage.2008.04.023,neuroscience,cognitive neuroscience,3,0,,packets/10.1016--j.neuroimage.2008.04.023.json,decisions/10.1016--j.neuroimage.2008.04.023.json
10.1001/archneurol.2011.155,medical fields,neurology,4,0,targeted source review: type,packets/10.1001--archneurol.2011.155.json,decisions/10.1001--archneurol.2011.155.json
10.1016/j.psyneuen.2016.08.017,neuroscience,behavioral neuroscience,3,0,,packets/10.1016--j.psyneuen.2016.08.017.json,decisions/10.1016--j.psyneuen.2016.08.017.json
10.3758/s13421-024-01583-y,psychology,cognitive psychology,6,0,,packets/10.3758--s13421-024-01583-y.json,decisions/10.3758--s13421-024-01583-y.json
10.2466/pr0.2000.87.2.493,psychology,social psychology,6,0,,packets/10.2466--pr0.2000.87.2.493.json,decisions/10.2466--pr0.2000.87.2.493.json
10.1016/j.leaqua.2022.101633,psychology,social psychology,17,0,,packets/10.1016--j.leaqua.2022.101633.json,decisions/10.1016--j.leaqua.2022.101633.json
10.1007/s12662-024-00979-x,psychology,sports psychology,2,0,,packets/10.1007--s12662-024-00979-x.json,decisions/10.1007--s12662-024-00979-x.json
10.1037/0096-3445.123.2.161,neuroscience,,3,0,subdiscipline missing,packets/10.1037--0096-3445.123.2.161.json,decisions/10.1037--0096-3445.123.2.161.json
10.1037/a0020413,neuroscience,,2,0,subdiscipline missing,packets/10.1037--a0020413.json,decisions/10.1037--a0020413.json
10.1073/pnas.1616921114,economics,behavioral and experimental economics,2,0,,packets/10.1073--pnas.1616921114.json,decisions/10.1073--pnas.1616921114.json
10.1016/j.chb.2012.07.031,psychology,,2,0,subdiscipline missing,packets/10.1016--j.chb.2012.07.031.json,decisions/10.1016--j.chb.2012.07.031.json
10.1037/0022-3514.75.6.1411,psychology,judgment and decision making,2,0,,packets/10.1037--0022-3514.75.6.1411.json,decisions/10.1037--0022-3514.75.6.1411.json
10.1037/0021-9010.63.2.228,psychology,,2,0,subdiscipline missing,packets/10.1037--0021-9010.63.2.228.json,decisions/10.1037--0021-9010.63.2.228.json
10.1177/0956797611419168,neuroscience,,10,0,subdiscipline missing,packets/10.1177--0956797611419168.json,decisions/10.1177--0956797611419168.json
10.1177/0956797614554955,psychology,,2,0,subdiscipline missing,packets/10.1177--0956797614554955.json,decisions/10.1177--0956797614554955.json
10.1192/bjp.138.4.321,psychology,,2,0,subdiscipline missing,packets/10.1192--bjp.138.4.321.json,decisions/10.1192--bjp.138.4.321.json
10.1177/0956797618788882,psychology,,2,0,subdiscipline missing,packets/10.1177--0956797618788882.json,decisions/10.1177--0956797618788882.json
10.1080/13523260.2020.1868836,political science,,2,0,subdiscipline missing,packets/10.1080--13523260.2020.1868836.json,decisions/10.1080--13523260.2020.1868836.json
10.1037/pspa0000032,psychology,social psychology,2,0,,packets/10.1037--pspa0000032.json,decisions/10.1037--pspa0000032.json
10.1016/j.cognition.2019.104157,psychology,cognitive psychology,6,0,targeted source review: eligibility_boundary,packets/10.1016--j.cognition.2019.104157.json,decisions/10.1016--j.cognition.2019.104157.json
10.1111/j.1467-9280.2008.02076.x,psychology,social psychology,3,0,,packets/10.1111--j.1467-9280.2008.02076.x.json,decisions/10.1111--j.1467-9280.2008.02076.x.json
10.1080/13803390701550110,neuroscience,,2,0,subdiscipline missing,packets/10.1080--13803390701550110.json,decisions/10.1080--13803390701550110.json
10.1016/0010-0277(83)90004-5,psychology,,2,0,subdiscipline missing,packets/10.1016--0010-0277(83)90004-5.json,decisions/10.1016--0010-0277(83)90004-5.json
10.1037/h0091247,neuroscience,,2,0,subdiscipline missing,packets/10.1037--h0091247.json,decisions/10.1037--h0091247.json
10.1038/s41598-018-24735-y,biology,,2,0,subdiscipline missing,packets/10.1038--s41598-018-24735-y.json,decisions/10.1038--s41598-018-24735-y.json
10.1038/mp.2011.142,neuroscience,,2,0,subdiscipline missing,packets/10.1038--mp.2011.142.json,decisions/10.1038--mp.2011.142.json
10.1037/xge0000157,psychology,psychometrics,2,0,,packets/10.1037--xge0000157.json,decisions/10.1037--xge0000157.json
10.1001/jamapsychiatry.2015.0554,biology,,2,0,subdiscipline missing,packets/10.1001--jamapsychiatry.2015.0554.json,decisions/10.1001--jamapsychiatry.2015.0554.json
10.1038/ng.3434,medical fields,,2,0,subdiscipline missing,packets/10.1038--ng.3434.json,decisions/10.1038--ng.3434.json
10.1038/s41598-018-35209-6,neuroscience,cognitive neuroscience,2,0,,packets/10.1038--s41598-018-35209-6.json,decisions/10.1038--s41598-018-35209-6.json
