replication_doi,field,values,chosen
10.1037/edu0000146,discipline,education | psychology,psychology
10.1007/s00426-019-01203-4,subdiscipline,clinical psychology | consumer psychology / marketing,consumer psychology / marketing
10.1098/rsos.231240,discipline,business & management | economics | linguistics | political science | psychology | sociology,psychology
10.1098/rsos.231240,subdiscipline,anthropology | applied linguistics | cognitive psychology | developmental psychology | experimental philosophy | human factors and ergonomics | judgment and decision making | labor economics | management | neuropsychology | psycholinguistics | psychophysics | social psychology,cognitive psychology
10.1111/psyp.13546,subdiscipline,clinical psychology | psychophysiology,psychophysiology
10.1073/pnas.2103313118,subdiscipline,cognitive psychology | consumer psychology / marketing | judgment and decision making | social psychology,consumer psychology / marketing
10.1177/2515245920958687,subdiscipline,cognitive psychology | social psychology,social psychology
10.1016/j.actpsy.2020.103138,subdiscipline,developmental psychology | social psychology,developmental psychology
10.1016/j.actpsy.2022.103717,subdiscipline,cognitive psychology | consumer psychology / marketing,consumer psychology / marketing
10.1016/j.jesp.2023.104549,subdiscipline,cognitive psychology | social psychology,cognitive psychology
10.3389/fpsyg.2014.00786,subdiscipline,judgment and decision making | social psychology,social psychology
10.1027/1864-9335/a000186,subdiscipline,cognitive psychology | social psychology,cognitive psychology
10.1177/2515245918781032,subdiscipline,judgment and decision making | social psychology,social psychology
10.1101/2025.04.02.645026,discipline,biology | neuroscience,biology
10.1101/2025.04.02.645026,subdiscipline,behavioral neuroscience | cell biology | molecular biology,cell biology
10.1177/1745691615605826,subdiscipline,cognitive psychology | criminology | social psychology,criminology
