replication_doi,old_discipline,discipline,subdiscipline,source_path,line,evidence,reviewer,rationale
10.1073/pnas.1616921114,sociology,economics,behavioral and experimental economics,/media/dan/data/metascience_observatory_pdfs/papers/10.1073--pnas.1616921114/body.md,1,"hange for donations. In collaboration with a nonprofit, this study implements a direct mail field experiment and demonstrates that thank-you gifts reduced donation rates in a fundraising campaign. Attention-based multiattribute choice models suggest that this is because prospective donors shift atte","AI source review, not human adjudication","Donation incentives and motivation crowding out; experimental economics, not Safety Research."
10.1037/0022-3514.75.6.1411,psychology,psychology,judgment and decision making,/media/dan/data/metascience_observatory_pdfs/papers/10.1037--0022-3514.75.6.1411/body.md,3,"ividual competitor.

In this article we introduce a phenomenon that we call the alternative-outcomes effect: People's certainty about whether a focal outcome will occur (e.g., your winning) changes as a function of how alternative outcomes are distributed, even when the summed probability of the alt","AI source review, not human adjudication",Experiments on subjective probability and uncertainty judgments.
10.1037/pspa0000032,sociology,psychology,social psychology,/media/dan/data/metascience_observatory_pdfs/papers/10.1037--pspa0000032/body.md,5,"ar to them than they are to others [54]). As we argue here, however, a striking comparative framing effect has slipped under the radar of social comparison researchers so far. We propose that a more-less asymmetry exists in how people use, perceive, and respond to otherwise equivalent comparisons. M","AI source review, not human adjudication","Social comparison, cognitive fluency and evaluative judgments; not sociology."
10.1016/j.cognition.2019.104157,,psychology,cognitive psychology,/media/dan/data/metascience_observatory_pdfs/papers/10.1016--j.cognition.2019.104157/body.md,13,"kinds and their properties. We outline the predictions of the theory and report four studies that validate them. We also describe a regression analysis that rules out alternative accounts. We conclude by describing how the theory can be used to investigate teleological thinking more generally.

# Te","AI source review, not human adjudication","Experiments on concepts, functions and teleological generalization."
10.1111/j.1467-9280.2008.02076.x,sociology,psychology,social psychology,/media/dan/data/metascience_observatory_pdfs/papers/10.1111--j.1467-9280.2008.02076.x/body.md,1,"ggest that associative links (e.g., shared group membership) are sufficient for implicit attitude generalization, but deliberative logic (e.g., individual group members are not necessarily the same) can reduce explicit generalization by association. When knowledge distinguishing who did what is unav","AI source review, not human adjudication",Implicit/explicit person evaluation and group membership; not sociology.
10.1037/xge0000157,psychology,psychology,psychometrics,/media/dan/data/metascience_observatory_pdfs/papers/10.1037--xge0000157/body.md,18,"uestionable research practices. In the present comment, we
show that a range of meta-analytic tools indicate irregularities in the money priming literature discussed
by Rohrer et al. and Vohs, which all point to the conclusion that these effects are distorted by selection
bias, reporting biases, or ","AI source review, not human adjudication",Methodological comment on measurement of evidence and selection bias in psychological experiments; psychometrics is the closest available ontology subdiscipline.
