a_id,b_id,paper_folder,similarity,identity_review,a_description,b_description,a_result,b_result,a_type,b_type,a_original_url,b_original_url
10.1525--mp.2012.30.2.161#ling26:69a1f15aae9d3bcb:1,10.1525--mp.2012.30.2.161#luna56:8dd5845a724f3e36:1,10.1525--mp.2012.30.2.161,0.7111111111111111,ai_source_verified,"The original study claimed that musical preferences are structured by five orthogonal dimensions (Mellow, Unpretentious, Sophisticated, Intense, Contemporary) derived from preferences for musical excerpts across genres; Study 1 replicated this using 50 excerpts from 21 genres.","Preferences for musical excerpts from diverse genres are structured by five orthogonal dimensions—Mellow, Unpretentious, Sophisticated, Intense, and Contemporary—and are defined by musical attributes beyond genre.",success,success,direct,close experiment,,https://doi.org/10.1037/a0022406
10.1017--s1930297500002941#ling26:e0430fccc5e8cebe:1,10.1017--s1930297500002941#luna56:3fa0001f67f13d18:1,10.1017--s1930297500002941,0.6646884272997032,automatic_candidate_unverified,"Aggregating multiple responses through majority vote improves collective IQ performance, with collective IQ increasing with group size showing diminishing returns","Aggregating multiple responses to Raven's Progressive Matrices items through majority vote increases collective intelligence as group size increases, with diminishing returns.",success,success,close experiment,close experiment,,
10.17605--osf.io--82bwv#ling26:86a292e0f94af52a:1,10.17605--osf.io--82bwv#luna56:83102ad6d061326a:1,10.17605--osf.io--82bwv,0.8235294117647058,automatic_candidate_unverified,The magnitude of the error-potentiated startle response is correlated with the amplitude of the error-related negativity.,The magnitude of the error-related negativity is negatively correlated with the magnitude of error-potentiated startle.,failure,failure,direct,direct,,https://doi.org/10.1111/j.1467-9280.2008.02053.x
10.1017--s0261444815000087#ling26:61cbbec4d3da18dc:1,10.1017--s0261444815000087#luna56:1a136930abfa7ac0:1,10.1017--s0261444815000087,0.7659574468085106,automatic_candidate_unverified,"Pre-task planning sub-processes (idea generation, organization, and goal setting) affect the fluency, grammatical complexity, and lexical complexity of L2 writers' written language production","Pre-task planning sub-processes, including idea generation, organization, and goal setting, affect the fluency, grammatical complexity, and lexical complexity of written language production, with organization planning reducing sentence length and minimally increasing total words produced.",failure,failure,close extension,close extension,,
10.1080--02699931.2015.1136270#ling26:967a831d6f3d821f:1,10.1080--02699931.2015.1136270#luna56:a33945b04af78e9a:1,10.1080--02699931.2015.1136270,0.7129629629629629,automatic_candidate_unverified,Attentional retraining reduces depressive symptoms through changes in attentional bias in dysphoric individuals,Attentional retraining toward neutral stimuli reduces negative attentional bias in dysphoric individuals.,failure,failure,direct,direct,https://doi.org/10.1080/02699930802652388,https://doi.org/10.1080/02699930802652388
10.3389--fpsyg.2018.02476#ling26:9dcdf22a13e3528a:1,10.3389--fpsyg.2018.02476#luna56:acf35d1818c20590:1,10.3389--fpsyg.2018.02476,0.9024390243902439,ai_source_verified,"Bilingual adults show a smaller sequential congruency effect than monolingual adults, suggesting bilinguals more efficiently disengage attention from previous stimuli.","Bilingual adults show a smaller sequential congruency effect than monolingual adults, indicating more efficient disengagement of attention from previous stimuli.",failure,failure,direct,close experiment,https://doi.org/10.1016/j.cognition.2017.02.010,https://doi.org/10.1016/j.cognition.2017.02.010
10.1111--desc.13080#ling26:b4cc888e920bd759:1,10.1111--desc.13080#luna56:54932898ce407fc8:1,10.1111--desc.13080,0.7136929460580913,automatic_candidate_unverified,Teachers' math anxiety is associated with girls' endorsement of traditional gender ability beliefs,Female elementary school teachers' math anxiety is associated with girls' endorsement of traditional gender stereotypes about math and reading.,failure,failure,direct,direct,,
10.1111--desc.13080#ling26:b9c2c14f915f8750:1,10.1111--desc.13080#luna56:561be6e008073b79:1,10.1111--desc.13080,0.6666666666666666,automatic_candidate_unverified,Female teachers' math anxiety negatively affects girls' math achievement,"Female elementary school teachers' math anxiety is negatively associated with girls' math achievement, but not boys' math achievement.",success,success,direct,direct,,
10.1016--j.ynirp.2022.100147#ling26:09321f245396b631:1,10.1016--j.ynirp.2022.100147#luna56:7239594eea548c50:1,10.1016--j.ynirp.2022.100147,0.8065843621399177,ai_source_verified,NAcc response during gain anticipation does not differ between fibromyalgia patients and healthy controls,Nucleus accumbens responses during anticipation of monetary reward gains do not differ between fibromyalgia patients and healthy controls.,success,inconclusive,direct,close extension,https://doi.org/10.1097/j.pain.0000000000001232,https://doi.org/10.1097/j.pain.0000000000001232
10.1002--cpp.686#ling26:e3dfdd4950ade40a:1,10.1002--cpp.686#luna56:05ac7c01a9d38a5e:1,10.1002--cpp.686,0.8571428571428571,automatic_candidate_unverified,Quality of object relations predicts improvement on treatment outcome following short-term group therapy for complicated grief,Quality of object relations predicts outcome following short-term group therapy for patients presenting with complicated grief.,failure,failure,direct,direct,,
10.1002--cpp.686#ling26:5702a80d2d959388:1,10.1002--cpp.686#luna56:40ad2736ef661e1e:1,10.1002--cpp.686,0.8571428571428571,automatic_candidate_unverified,Current social functioning predicts improvement on treatment outcome following short-term group therapy for complicated grief,Current social functioning predicts outcome following short-term group therapy for patients presenting with complicated grief.,failure,failure,direct,direct,,
10.1525--collabra.216#ling26:e11886d0c452ac1e:1,10.1525--collabra.216#luna56:a2c385dad86e441f:1,10.1525--collabra.216,0.9045643153526971,ai_source_verified,Describing a leader as powerful causes participants to place the leader's box higher in an organization chart,Describing a leader as powerful rather than powerless causes participants to place the leader's box higher in an organization chart.,success,success,direct,close experiment,https://doi.org/10.1016/j.obhdp.2006.10.001,https://doi.org/10.1016/j.obhdp.2006.10.001
10.17605--osf.io--4hjck#ling26:e856c7a09885e1c6:1,10.17605--osf.io--4hjck#luna56:f81a76b451dd9af1:1,10.17605--osf.io--4hjck,0.6666666666666666,automatic_candidate_unverified,"Numeracy moderates the positive-negative attribute framing effect, with lower numeracy associated with stronger framing bias",Higher numeracy is associated with a weaker positive-negative attribute framing effect.,success,success,direct,direct,https://doi.org/10.1177/0272989x,
10.17605--osf.io--4hjck#ling26:c25f40c89db5c50a:1,10.17605--osf.io--4hjck#luna56:1f3091f2f5068e69:1,10.17605--osf.io--4hjck,0.8571428571428571,automatic_candidate_unverified,"Numeracy is associated with stronger bets effect, with higher numeracy showing greater difference in bet attractiveness between loss and no-loss conditions","Higher numeracy is associated with a stronger bets effect, namely a larger difference in bet attractiveness between loss and no-loss conditions.",success,success,direct,direct,https://doi.org/10.1177/0272989x,
10.17605--osf.io--j9mfn#ling26:fb5235280392fc6b:1,10.17605--osf.io--j9mfn#luna56:2287f82fa2582ef0:1,10.17605--osf.io--j9mfn,0.8645833333333334,automatic_candidate_unverified,Action identification is higher for the non-suffering character compared to the suffering character.,Action identification is higher for a nonsuffering character than for a suffering character.,failure,failure,close experiment,close extension,https://doi.org/10.1037/0022-3514.90.4.543,https://doi.org/10.1037/0022-3514.90.4.543
10.17605--osf.io--j9mfn#ling26:e51d37c66c0e6d9c:1,10.17605--osf.io--j9mfn#luna56:413909a161a54405:1,10.17605--osf.io--j9mfn,0.8571428571428571,automatic_candidate_unverified,Mind attribution is higher for the non-suffering character compared to the suffering character.,Mind attribution is higher for a nonsuffering character than for a suffering character.,failure,failure,close experiment,close extension,https://doi.org/10.1037/0022-3514.90.4.543,https://doi.org/10.1037/0022-3514.90.4.543
10.17605--osf.io--j9mfn#ling26:64c19c96289f207a:1,10.17605--osf.io--j9mfn#luna56:73a179906f87c666:1,10.17605--osf.io--j9mfn,0.689922480620155,automatic_candidate_unverified,Action identification is higher for the 1st-person perspective compared to the 3rd-person perspective.,Action identification is higher when participants adopt the character's first-person perspective than when they adopt an objective third-person perspective.,failure,failure,close experiment,close extension,https://doi.org/10.1037/0022-3514.90.4.543,https://doi.org/10.1037/0022-3514.90.4.543
10.17605--osf.io--j9mfn#ling26:40e2d4e4a0dc4108:1,10.17605--osf.io--j9mfn#luna56:38787708206b3e7b:1,10.17605--osf.io--j9mfn,0.9139072847682119,automatic_candidate_unverified,Action identification is positively correlated with mind attribution.,Higher-level action identification is positively correlated with mind attribution.,failure,failure,close experiment,close extension,https://doi.org/10.1037/0022-3514.90.4.543,https://doi.org/10.1037/0022-3514.90.4.543
10.17605--osf.io--j9mfn#ling26:e297d600d50ca4b8:1,10.17605--osf.io--j9mfn#luna56:7afa887729984131:1,10.17605--osf.io--j9mfn,0.8571428571428571,automatic_candidate_unverified,Action identification is higher for the liked character compared to the disliked character.,Action identification is higher for a liked character than for a disliked character.,success,success,close experiment,close extension,https://doi.org/10.1037/0022-3514.90.4.543,https://doi.org/10.1037/0022-3514.90.4.543
10.17605--osf.io--j9mfn#ling26:a520653c22e86907:1,10.17605--osf.io--j9mfn#luna56:f2b95479023b1084:1,10.17605--osf.io--j9mfn,0.8571428571428571,automatic_candidate_unverified,Mind attribution is higher for the liked character compared to the disliked character.,Mind attribution is higher for a liked character than for a disliked character.,failure,failure,close experiment,close extension,https://doi.org/10.1037/0022-3514.90.4.543,https://doi.org/10.1037/0022-3514.90.4.543
10.1027--1864-9335--a000186#ling26:fd20dc90c6ad1c32:1,10.1027--1864-9335--a000186#luna56:80d75b3a45394aaf:1,10.1027--1864-9335--a000186,0.7960199004975125,automatic_candidate_unverified,Washing hands after experiencing disgust reduces the severity of moral judgments.,Experiment 2 tested whether washing one's hands after experiencing disgust would reduce the severity of moral judgments.,failure,failure,direct,direct,,
10.1177--2515245918781032#ling26:208767a6cfa78d18:1,10.1177--2515245918781032#luna56:1c85d1f2d5db5d9e:1,10.1177--2515245918781032,0.7723342939481268,automatic_candidate_unverified,Recalling the Ten Commandments reduces self-reported cheating (number of matrices solved) compared to recalling books when participants have the opportunity to cheat.,Recalling the Ten Commandments reduces cheating on a matrix problem-solving task compared with recalling 10 books read in high school when participants have an opportunity to cheat.,failure,failure,direct,direct,,
10.1111--j.1540-6261.2012.01744.x#ling26:d91d3ee3b7ea0c75:1,10.1111--j.1540-6261.2012.01744.x#luna56:da54096ccfa28b4c:1,10.1111--j.1540-6261.2012.01744.x,0.6503496503496503,automatic_candidate_unverified,The effect of board independence on CEO pay varies with institutional ownership concentration (top vs. bottom quartiles),The negative effect of board noncompliance on CEO pay is stronger among firms with low institutional ownership concentration than among firms with high concentration.,failure,failure,direct,direct,,
10.7554--elife.45426#ling26:3a981dccd369c538:1,10.7554--elife.45426#luna56:722c6a1e56d361ea:1,10.7554--elife.45426,0.7058823529411765,automatic_candidate_unverified,"CD133, the combination of CD29/CD24, and the combination of CD44/CD166 correlated with high Wnt activity (TOP-GFP[high] population)","High Wnt activity, measured by the TOP-GFP reporter, is correlated with expression of CD133, the combination of CD29/CD24, and the combination of CD44/CD166 in colon cancer stem cell populations.",inconclusive,inconclusive,direct,direct,https://doi.org/10.1038/ncb2048,https://doi.org/10.1038/ncb2048
10.7554--elife.45120#ling26:12ec5efc32e3d059:1,10.7554--elife.45120#luna56:746b81bd03fe113e:1,10.7554--elife.45120,0.8292682926829268,ai_source_verified,Stromal Cav1 expression increases metastatic burden when co-injected with LM-4175 breast cancer cells,Stromal Cav1 expression increases the metastatic burden of tumors formed by LM-4175 breast cancer cells.,inconclusive,failure,direct,direct,https://doi.org/10.1016/j.cell.2011.05.040,https://doi.org/10.1016/j.cell.2011.05.040
10.7554--elife.45120#ling26:f91ca536f084d5c4:1,10.7554--elife.45120#luna56:8db29e6aca266928:1,10.7554--elife.45120,0.7108433734939759,automatic_candidate_unverified,Stromal Cav1 expression increases intratumoral fibronectin fiber alignment,Stromal Cav1 expression increases the alignment of fibronectin fibers within primary tumors.,inconclusive,inconclusive,direct,direct,https://doi.org/10.1016/j.cell.2011.05.040,https://doi.org/10.1016/j.cell.2011.05.040
10.7554--elife.17044#ling26:db3328ff1257bb4e:1,10.7554--elife.17044#luna56:101a0dddc67255bd:1,10.7554--elife.17044,0.7142857142857143,ai_source_verified,Cimetidine treatment does not affect tumor growth in ACHN renal cell carcinoma xenografts,Treatment with cimetidine does not change tumor volume in ACHN human renal cell carcinoma xenografts compared with vehicle control.,inconclusive,success,direct,direct,https://doi.org/10.1126/scitranslmed.3001318,https://doi.org/10.1126/scitranslmed.3001318
10.7554--elife.56651#ling26:a4e0227ee03bc896:1,10.7554--elife.56651#luna56:f72f33fb352517cb:1,10.7554--elife.56651,0.6729559748427673,automatic_candidate_unverified,"Depletion of putative PTEN ceRNAs (SERINC1, VAPA, CNOT6L) decreased PTEN protein expression, and this effect was attenuated when DICER was disrupted",Depletion of candidate PTEN ceRNAs decreases PTEN protein expression in wild-type cells through a microRNA-dependent mechanism that is attenuated when DICER is disrupted.,inconclusive,inconclusive,direct,direct,https://doi.org/10.1016/j.cell.2011.09.029,https://doi.org/10.1016/j.cell.2011.09.029
10.7554--elife.56651#ling26:97b5bdbc1517224a:1,10.7554--elife.56651#luna56:ac93001ac175c374:1,10.7554--elife.56651,0.6915887850467289,automatic_candidate_unverified,"Depletion of putative PTEN ceRNAs (VAPA, CNOT6L, PTEN) increased cell proliferation in DU145 cells",Depletion of candidate PTEN ceRNAs VAPA and CNOT6L increases cell proliferation through a DICER-dependent mechanism.,inconclusive,inconclusive,direct,direct,https://doi.org/10.1016/j.cell.2011.09.029,https://doi.org/10.1016/j.cell.2011.09.029
10.7554--elife.43511#ling26:64a2a897ac48c20e:1,10.7554--elife.43511#luna56:47071021f458bb11:1,10.7554--elife.43511,0.7619047619047619,ai_source_verified,miR-34a is underexpressed in CD44+ versus CD44- LAPC4 prostate cancer cells,MiR-34a is underexpressed in CD44-positive LAPC4 prostate cancer stem cells relative to CD44-negative cells.,failure,inconclusive,direct,direct,https://doi.org/10.1038/nm.2284,https://doi.org/10.1038/nm.2284
10.7554--elife.43511#ling26:20a5b608f0e14bef:1,10.7554--elife.43511#luna56:d6a2ba0b59b7065a:1,10.7554--elife.43511,0.6666666666666666,automatic_candidate_unverified,miR-34a expression inhibits tumor growth of LAPC4 cells in vivo,Forced miR-34a expression inhibits tumor regeneration and reduces tumor growth of LAPC4 prostate cancer cells in xenograft mice.,failure,failure,direct,direct,https://doi.org/10.1038/nm.2284,https://doi.org/10.1038/nm.2284
10.7554--elife.25306#ling26:0872943bb0c11141:1,10.7554--elife.25306#luna56:b0118b926b8be59c:1,10.7554--elife.25306,0.7876447876447876,automatic_candidate_unverified,I-BET151 selectively inhibits the growth of MLL-fusion leukaemic MV4;11 cells compared to non-MLL-fusion K-562 cells,I-BET151 selectively inhibits the growth of MLL-fusion leukaemia cells such as MV4;11 while having little effect on non-MLL-fusion K-562 cells.,success,success,direct,direct,https://doi.org/10.1038/nature10509,https://doi.org/10.1038/nature10509
10.7554--elife.29747#ling26:7f16c2c92bc9d187:1,10.7554--elife.29747#luna56:efc39302cca8698a:1,10.7554--elife.29747,0.8666666666666667,automatic_candidate_unverified,Ewing's sarcoma cell lines are more sensitive to the PARP inhibitor olaparib than osteosarcoma cell lines (colony formation assay),Ewing’s sarcoma cell lines are more sensitive to the PARP inhibitor olaparib than osteosarcoma control cell lines.,inconclusive,inconclusive,direct,direct,https://doi.org/10.1038/nature11005,https://doi.org/10.1038/nature11005
10.7554--elife.29747#ling26:94326562a643de99:1,10.7554--elife.29747#luna56:a413cdafadb866b4:1,10.7554--elife.29747,0.8333333333333334,automatic_candidate_unverified,Depletion of EWS-FLI1 from A673 cells partially rescues olaparib sensitivity,Depletion of EWS-FLI1 from A673 Ewing’s sarcoma cells partially rescues their sensitivity to olaparib.,failure,failure,direct,direct,https://doi.org/10.1038/nature11005,https://doi.org/10.1038/nature11005
10.7554--elife.18173#ling26:188cb0b0a3818042:1,10.7554--elife.18173#luna56:bd9394b1ca450b46:1,10.7554--elife.18173,0.8795180722891566,ai_source_verified,Anti-CD47 antibody treatment increases lymphocytic infiltration in tumors,Anti-CD47 antibody treatment increases lymphocytic infiltration into syngeneic breast tumors.,failure,inconclusive,direct,direct,,https://doi.org/10.1073/pnas.1121623109
10.7554--elife.34364#ling26:851621a85e1b8a1a:1,10.7554--elife.34364#luna56:f34f5bc7c625fd49:1,10.7554--elife.34364,0.8333333333333334,automatic_candidate_unverified,Deletion of the pks island does not affect E. coli growth in vitro,Deletion of the pks island from E. coli NC101 does not substantially affect bacterial growth in vitro.,success,success,direct,direct,https://doi.org/10.1126/science.1224820,https://doi.org/10.1126/science.1224820
10.7554--elife.25801#ling26:f984df7f946b2f7d:1,10.7554--elife.25801#luna56:8e18c7767a9ffbe9:1,10.7554--elife.25801,0.7479674796747967,automatic_candidate_unverified,F. nucleatum DNA abundance is higher in colorectal carcinoma tissue compared to adjacent normal tissue as measured by qPCR,Fusobacterium nucleatum DNA abundance is substantially higher in colorectal carcinoma tissue than in adjacent normal tissue.,inconclusive,inconclusive,direct,direct,https://doi.org/10.1101/gr.126516.111,https://doi.org/10.1101/gr.126516.111
10.1046--j.1365-2133.1996.d01-1096.x#ling26:2ba81dd71805a92f:1,10.1046--j.1365-2133.1996.d01-1096.x#luna56:19dc27ee3148e5df:1,10.1046--j.1365-2133.1996.d01-1096.x,0.6666666666666666,automatic_candidate_unverified,A strong positive patch test reaction creates an 'angry back' which becomes hyper-reactive to other patch test challenges,A strong positive patch-test reaction creates an 'angry back' state in which the skin becomes generally or locally hyperreactive to other patch-test challenges and produces multiple concomitant positive reactions.,failure,failure,close experiment,close experiment,,
10.1158--1055-9965.epi-08-1223#ling26:340961a39ea934e1:1,10.1158--1055-9965.epi-08-1223#luna56:cebc50e14f513fc3:1,10.1158--1055-9965.epi-08-1223,0.8571428571428571,automatic_candidate_unverified,A variant in the 8q24 centromeric LD block (rs6983267) is associated with prostate cancer risk,The rs6983267 variant in the centromeric 8q24 linkage disequilibrium block is associated with prostate cancer risk.,success,success,close experiment,direct,,
10.1158--1055-9965.epi-08-1223#ling26:243c49311c6aba5c:1,10.1158--1055-9965.epi-08-1223#luna56:bd354c1009abf8eb:1,10.1158--1055-9965.epi-08-1223,0.9333333333333333,automatic_candidate_unverified,A variant on 11q13 (rs10896450) is associated with prostate cancer risk,The 11q13 variant rs10896450 is associated with reduced prostate cancer risk.,success,success,close experiment,direct,,
10.1007--s10508-025-03297-x#ling26:58bc7e5a65fc5b65:1,10.1007--s10508-025-03297-x#luna56:688005ee18ec2570:1,10.1007--s10508-025-03297-x,0.6923076923076923,automatic_candidate_unverified,"Exposure to sexually dominant behavior in pornography increases adolescents' likelihood of engaging in sexually dominant behavior, which in turn decreases their partnered sexual satisfaction (pornography exposure → sexually dominant behavior → sexual satisfaction)",Greater exposure to sexually dominant behavior in pornography increases adolescents’ likelihood of engaging in sexually dominant behavior.,inconclusive,inconclusive,direct,direct,https://doi.org/10.1080/19317611.2021.1888170,https://doi.org/10.1080/19317611.2021.1888170
10.1177--073953298600700307#ling26:63be65d4b1d68fb2:1,10.1177--073953298600700307#luna56:52e365d850e2117a:1,10.1177--073953298600700307,0.7142857142857143,reject_pair,"Uses and gratifications statements regarding newspapers produce three distinct groups (surveillance, diversion, interaction) and predict weekday and Sunday newspaper readership","Newspaper uses-and-gratifications statements produce three distinct factors: surveillance, diversion, and interaction.",inconclusive,failure,direct,direct,,
10.1016--j.jsat.2013.07.013#ling26:a134500245359888:1,10.1016--j.jsat.2013.07.013#luna56:e310fb41725fa203:1,10.1016--j.jsat.2013.07.013,0.717948717948718,ambiguous_pair,A single 20-minute computer-delivered brief intervention (e-SBI) for postpartum drug use reduces self-reported drug use at follow-up,A single 20-minute computer-delivered e-SBI intervention plus two non-tailored mailings reduces postpartum women's self-reported drug use.,success,inconclusive,close experiment,close experiment,,
10.1016--j.neuroimage.2008.04.023#ling26:70236e4d84de5919:1,10.1016--j.neuroimage.2008.04.023#luna56:50e3c6f09cc088fb:1,10.1016--j.neuroimage.2008.04.023,0.6666666666666666,automatic_candidate_unverified,Greater subthalamic nucleus (STN) activity during stop trials compared to go trials during a stop signal task,Stop trials produce greater activity in the subthalamic nucleus than go trials.,success,success,close experiment,close experiment,,
10.1001--archneurol.2011.155#ling26:a615742cedd6aad9:1,10.1001--archneurol.2011.155#luna56:36742079aa4481ad:1,10.1001--archneurol.2011.155,0.7142857142857143,ai_source_verified,The polyT repeat (rs10524523) in TOMM40 is associated with age at onset of late-onset Alzheimer's disease,The APOE ε3–TOMM40 polyT polymorphism haplotype groups are associated with age at onset of late-onset Alzheimer's disease.,failure,failure,direct,close experiment,,
10.1016--j.psyneuen.2016.08.017#ling26:e8443e790649b576:1,10.1016--j.psyneuen.2016.08.017#luna56:05c03c96058b91c9:1,10.1016--j.psyneuen.2016.08.017,0.8,automatic_candidate_unverified,Acute MK212 administration disrupts pup retrieval in postpartum female rats,Acute administration of MK212 disrupts pup retrieval and other maternal behaviors in postpartum rats.,success,success,direct,direct,,
10.1111--famp.12710#ling26:e42ce14d93d657c4:1,10.1111--famp.12710#luna56:3c4e99c7f415013f:1,10.1111--famp.12710,0.7983193277310925,automatic_candidate_unverified,OurRelationship program produces greater reductions in communication conflict than ePREP program for low-income couples seeking help,The OurRelationship program produces a greater reduction in communication conflict than the ePREP program.,inconclusive,inconclusive,direct,direct,https://doi.org/10.1037/ccp0000479,https://doi.org/10.1037/ccp0000479
10.1525--collabra.185#ling26:1517887c9e6ab239:1,10.1525--collabra.185#luna56:163858c8c253dbe3:1,10.1525--collabra.185,0.8148148148148148,automatic_candidate_unverified,"Descriptions of pursuing hopes are more emotionally positive than descriptions of pursuing duties, and descriptions of duties show more attention to social relationships than descriptions of hopes","Descriptions of pursuing hopes are more positive in emotional tone, whereas descriptions of pursuing duties show more attention to social relationships.",success,success,direct,direct,https://doi.org/10.3389/fpsyg.2018.00757,https://doi.org/10.3389/fpsyg.2018.00757
10.1016--j.neurobiolaging.2009.09.004#ling26:03128300e334124d:1,10.1016--j.neurobiolaging.2009.09.004#luna56:0618f0abd012d868:1,10.1016--j.neurobiolaging.2009.09.004,0.8235294117647058,automatic_candidate_unverified,BACE1 rs638405 (V262V) polymorphism is associated with Alzheimer's disease risk,The BACE1 rs638405 variant was associated with Alzheimer's disease risk.,failure,failure,direct,direct,,
10.1016--j.neurobiolaging.2009.09.004#ling26:96736b77cc28d643:1,10.1016--j.neurobiolaging.2009.09.004#luna56:56a0dde553c00d2b:1,10.1016--j.neurobiolaging.2009.09.004,0.7169811320754716,automatic_candidate_unverified,BDNF C-270T polymorphism is associated with Alzheimer's disease risk in non-APOE-ε4 carriers,"The BDNF C-270T polymorphism was associated with Alzheimer's disease, particularly among patients lacking APOE-epsilon4.",failure,failure,direct,direct,,
10.1016--j.neurobiolaging.2009.09.004#ling26:7fcac4c51c14dbed:1,10.1016--j.neurobiolaging.2009.09.004#luna56:501d0d13525d4872:1,10.1016--j.neurobiolaging.2009.09.004,0.8241758241758241,automatic_candidate_unverified,IL10 rs1800896 (–1082 G/A) polymorphism is associated with sporadic Alzheimer's disease risk,The IL10 rs1800896 promoter polymorphism was associated with sporadic Alzheimer's disease.,failure,failure,direct,direct,,
10.1016--j.neurobiolaging.2009.09.004#ling26:356d71557cc10d67:1,10.1016--j.neurobiolaging.2009.09.004#luna56:05dd06b7c9148acc:1,10.1016--j.neurobiolaging.2009.09.004,0.782608695652174,automatic_candidate_unverified,MAPT rs9891103 (IVS11+90G/A) polymorphism is associated with male early-onset Alzheimer's disease risk,The MAPT rs9891103 variant was associated with male early-onset Alzheimer's disease.,failure,failure,direct,direct,,
10.1016--j.neurobiolaging.2009.09.004#ling26:d3aeff18cf4a9a43:1,10.1016--j.neurobiolaging.2009.09.004#luna56:7089ded06b661754:1,10.1016--j.neurobiolaging.2009.09.004,0.8235294117647058,automatic_candidate_unverified,MAPT H1c haplotype is associated with Alzheimer's disease risk,The MAPT H1c haplotype was associated with late-onset Alzheimer's disease.,failure,failure,direct,direct,,
10.1016--j.neurobiolaging.2009.09.004#ling26:30b4fed4d1b47bbc:1,10.1016--j.neurobiolaging.2009.09.004#luna56:66e09a9834c84602:1,10.1016--j.neurobiolaging.2009.09.004,0.8571428571428571,automatic_candidate_unverified,PrnP rs1799990 (M129V) polymorphism is associated with early-onset Alzheimer's disease risk,PRNP M129V genotype was associated with risk of early-onset Alzheimer's disease.,failure,failure,close extension,direct,,
10.1016--j.neurobiolaging.2009.09.004#ling26:9282e055843863a3:1,10.1016--j.neurobiolaging.2009.09.004#luna56:d46cfcc9535a29e1:1,10.1016--j.neurobiolaging.2009.09.004,0.8235294117647058,automatic_candidate_unverified,PSEN1 rs362373 (E318G) polymorphism is associated with Alzheimer's disease risk,The PSEN1 E318G (rs362373) variant was associated with Alzheimer's disease.,inconclusive,failure,direct,direct,,
10.1016--j.neurobiolaging.2009.09.004#ling26:dd285f09b4d5fb6b:1,10.1016--j.neurobiolaging.2009.09.004#luna56:1a3639a9f9ee11e9:1,10.1016--j.neurobiolaging.2009.09.004,0.72,automatic_candidate_unverified,TFCP2 rs11550090 polymorphism is associated with Alzheimer's disease risk (minor allele protective in original),"The TFCP2 rs11550090 variant was associated with sporadic Alzheimer's disease, with the minor allele originally reported as protective.",reversal,reversal,direct,direct,,
