replication_doi,paper_folder,readable_at,extraction_status,extracted_entries,discipline,subdiscipline,in_production_database
10.1037/edu0000095,10.1037--edu0000095,/media/dan/data/metascience_observatory_pdfs/papers/10.1037--edu0000095,extracted,2,education,,True
10.3390/su12083069,10.3390--su12083069,/media/dan/data/metascience_observatory_pdfs/papers/10.3390--su12083069,extracted,1,environmental science,"management, monitoring, policy and law",True
10.1080/13561820.2016.1233096,10.1080--13561820.2016.1233096,/media/dan/data/metascience_observatory_pdfs/papers/10.1080--13561820.2016.1233096,extracted,1,education,higher education,True
10.1002/npr2.70078,10.1002--npr2.70078,/media/dan/data/metascience_observatory_pdfs/papers/10.1002--npr2.70078,extracted,1,medical fields,psychiatry,True
10.17705/1atrr.00014,10.17705--1atrr.00014,/media/dan/data/metascience_observatory_pdfs/papers/10.17705--1atrr.00014,extracted,1,business & management,management,True
10.1007/s11145-018-9858-1,10.1007--s11145-018-9858-1,/media/dan/data/metascience_observatory_pdfs/papers/10.1007--s11145-018-9858-1,extracted,2,linguistics,psycholinguistics,True
10.1371/journal.pone.0053234,10.1371--journal.pone.0053234,/media/dan/data/metascience_observatory_pdfs/papers/10.1371--journal.pone.0053234,extracted,1,biology,genetics,True
10.1080/10510974.2018.1466718,10.1080--10510974.2018.1466718,/media/dan/data/metascience_observatory_pdfs/papers/10.1080--10510974.2018.1466718,extracted,3,education,,True
10.3102/0013189x20922993,10.3102--0013189x20922993,/media/dan/data/metascience_observatory_pdfs/papers/10.3102--0013189x20922993,extracted,1,education,higher education,True
10.1111/j.1743-6109.2010.01970.x,10.1111--j.1743-6109.2010.01970.x,/media/dan/data/metascience_observatory_pdfs/papers/10.1111--j.1743-6109.2010.01970.x,extracted,1,medical fields,psychiatry,True
10.17605/osf.io/ehjdm,10.17605--osf.io--ehjdm,/media/dan/data/metascience_observatory_pdfs/papers/10.17605--osf.io--ehjdm,extracted,1,psychology,judgment and decision making,True
10.1521/pedi_2013_27_117,10.1521--pedi_2013_27_117,/media/dan/data/metascience_observatory_pdfs/papers/10.1521--pedi_2013_27_117,extracted,1,psychology,personality psychology,True
10.1080/02619768.2014.882308,10.1080--02619768.2014.882308,/media/dan/data/metascience_observatory_pdfs/papers/10.1080--02619768.2014.882308,extracted,1,psychology,social psychology,True
10.1525/mp.2012.30.2.161,10.1525--mp.2012.30.2.161,/media/dan/data/metascience_observatory_pdfs/papers/10.1525--mp.2012.30.2.161,extracted,3,psychology,personality psychology,True
10.1080/09658211.2023.2198327,10.1080--09658211.2023.2198327,/media/dan/data/metascience_observatory_pdfs/papers/10.1080--09658211.2023.2198327,extracted,0,psychology,cognitive psychology,True
10.1017/s1930297500002941,10.1017--s1930297500002941,/media/dan/data/metascience_observatory_pdfs/papers/10.1017--s1930297500002941,extracted,2,psychology,judgment and decision making,True
10.1177/0022219419897268,10.1177--0022219419897268,/media/dan/data/metascience_observatory_pdfs/papers/10.1177--0022219419897268,extracted,2,psychology,cognitive psychology,True
10.1007/s40732-020-00396-0,10.1007--s40732-020-00396-0,/media/dan/data/metascience_observatory_pdfs/papers/10.1007--s40732-020-00396-0,extracted,1,psychology,clinical psychology,True
10.1037/edu0000146,10.1037--edu0000146,/media/dan/data/metascience_observatory_pdfs/papers/10.1037--edu0000146,extracted,1,psychology,educational psychology,True
10.1007/s00426-019-01203-4,10.1007--s00426-019-01203-4,/media/dan/data/metascience_observatory_pdfs/papers/10.1007--s00426-019-01203-4,extracted,1,psychology,consumer psychology / marketing,True
10.17605/osf.io/82bwv,10.17605--osf.io--82bwv,/media/dan/data/metascience_observatory_pdfs/papers/10.17605--osf.io--82bwv,extracted,2,neuroscience,cognitive neuroscience,True
10.1017/s0142716423000127,10.1017--s0142716423000127,/media/dan/data/metascience_observatory_pdfs/papers/10.1017--s0142716423000127,extracted,1,linguistics,second language acquisition,True
10.1080/00330124.2012.681509,10.1080--00330124.2012.681509,/media/dan/data/metascience_observatory_pdfs/papers/10.1080--00330124.2012.681509,extracted,1,environmental science,"management, monitoring, policy and law",True
10.1007/s10664-025-10739-6,10.1007--s10664-025-10739-6,/media/dan/data/metascience_observatory_pdfs/papers/10.1007--s10664-025-10739-6,extracted,4,human-computer interaction,,True
10.1002/smj.2905,10.1002--smj.2905,/media/dan/data/metascience_observatory_pdfs/papers/10.1002--smj.2905,extracted,3,business & management,management,True
10.1002/smj.2579,10.1002--smj.2579,/media/dan/data/metascience_observatory_pdfs/papers/10.1002--smj.2579,extracted,0,business & management,management,True
10.1016/j.cortex.2022.12.003,10.1016--j.cortex.2022.12.003,/media/dan/data/metascience_observatory_pdfs/papers/10.1016--j.cortex.2022.12.003,extracted,2,neuroscience,cognitive neuroscience,True
10.1017/s0261444815000087,10.1017--s0261444815000087,/media/dan/data/metascience_observatory_pdfs/papers/10.1017--s0261444815000087,extracted,1,linguistics,second language acquisition,True
10.21203/rs.3.rs-8351701/v1,10.21203--rs.3.rs-8351701--v1,/media/dan/data/metascience_observatory_pdfs/papers/10.21203--rs.3.rs-8351701--v1,extracted,1,neuroscience,cognitive neuroscience,True
10.1101/2021.11.30.470372,10.1101--2021.11.30.470372,/media/dan/data/metascience_observatory_pdfs/papers/10.1101--2021.11.30.470372,extracted,3,biology,cancer biology,True
10.1098/rsos.231240,10.1098--rsos.231240,/media/dan/data/metascience_observatory_pdfs/papers/10.1098--rsos.231240,extracted,0,psychology,cognitive psychology,True
10.1177/2515245920903079,10.1177--2515245920903079,/media/dan/data/metascience_observatory_pdfs/papers/10.1177--2515245920903079,extracted,1,psychology,cognitive psychology,True
10.1037/xge0000644,10.1037--xge0000644,/media/dan/data/metascience_observatory_pdfs/papers/10.1037--xge0000644,extracted,5,psychology,judgment and decision making,True
10.1080/02699931.2018.1429389,10.1080--02699931.2018.1429389,/media/dan/data/metascience_observatory_pdfs/papers/10.1080--02699931.2018.1429389,extracted,2,psychology,social psychology,True
10.1111/psyp.13546,10.1111--psyp.13546,/media/dan/data/metascience_observatory_pdfs/papers/10.1111--psyp.13546,extracted,3,psychology,psychophysiology,True
10.1080/02699931.2015.1136270,10.1080--02699931.2015.1136270,/media/dan/data/metascience_observatory_pdfs/papers/10.1080--02699931.2015.1136270,extracted,1,psychology,clinical psychology,True
10.1073/pnas.2103313118,10.1073--pnas.2103313118,/media/dan/data/metascience_observatory_pdfs/papers/10.1073--pnas.2103313118,extracted,19,psychology,consumer psychology / marketing,True
10.3389/fpsyg.2018.02476,10.3389--fpsyg.2018.02476,/media/dan/data/metascience_observatory_pdfs/papers/10.3389--fpsyg.2018.02476,extracted,1,psychology,cognitive psychology,True
10.1177/0956797619837942,10.1177--0956797619837942,/media/dan/data/metascience_observatory_pdfs/papers/10.1177--0956797619837942,extracted,1,psychology,cognitive psychology,True
10.1037/edu0000965,10.1037--edu0000965,/media/dan/data/metascience_observatory_pdfs/papers/10.1037--edu0000965,extracted,1,psychology,developmental psychology,True
10.1007/s10882-014-9400-6,10.1007--s10882-014-9400-6,/media/dan/data/metascience_observatory_pdfs/papers/10.1007--s10882-014-9400-6,extracted,2,education,special education,True
10.1097/acm.0000000000002311,10.1097--acm.0000000000002311,/media/dan/data/metascience_observatory_pdfs/papers/10.1097--acm.0000000000002311,extracted,1,education,medical education,True
10.1002/pits.22364,10.1002--pits.22364,/media/dan/data/metascience_observatory_pdfs/papers/10.1002--pits.22364,extracted,1,education,special education,True
10.1158/1055-9965.epi-11-0870-t,10.1158--1055-9965.epi-11-0870-t,/media/dan/data/metascience_observatory_pdfs/papers/10.1158--1055-9965.epi-11-0870-t,extracted,5,medical fields,oncology,True
10.1016/j.jml.2022.104352,10.1016--j.jml.2022.104352,/media/dan/data/metascience_observatory_pdfs/papers/10.1016--j.jml.2022.104352,extracted,2,linguistics,phonetics and phonology,True
10.1111/desc.13080,10.1111--desc.13080,/media/dan/data/metascience_observatory_pdfs/papers/10.1111--desc.13080,extracted,3,education,mathematics education,True
10.1016/0163-6383(90)90029-8,10.1016--0163-6383(90)90029-8,/media/dan/data/metascience_observatory_pdfs/papers/10.1016--0163-6383(90)90029-8,extracted,5,medical fields,pediatrics,True
10.1016/j.ynirp.2022.100147,10.1016--j.ynirp.2022.100147,/media/dan/data/metascience_observatory_pdfs/papers/10.1016--j.ynirp.2022.100147,extracted,6,neuroscience,cognitive neuroscience,True
10.1108/neje-04-2020-0005,10.1108--neje-04-2020-0005,/media/dan/data/metascience_observatory_pdfs/papers/10.1108--neje-04-2020-0005,extracted,1,education,higher education,True
10.1017/xps.2017.22,10.1017--xps.2017.22,/media/dan/data/metascience_observatory_pdfs/papers/10.1017--xps.2017.22,extracted,1,political science,,True
10.1371/journal.pone.0209704,10.1371--journal.pone.0209704,/media/dan/data/metascience_observatory_pdfs/papers/10.1371--journal.pone.0209704,extracted,1,psychology,social psychology,True
10.1002/cpp.686,10.1002--cpp.686,/media/dan/data/metascience_observatory_pdfs/papers/10.1002--cpp.686,extracted,3,psychology,clinical psychology,True
10.1007/s11251-018-9451-7,10.1007--s11251-018-9451-7,/media/dan/data/metascience_observatory_pdfs/papers/10.1007--s11251-018-9451-7,extracted,2,psychology,educational psychology,True
10.1007/s10648-019-09468-2,10.1007--s10648-019-09468-2,/media/dan/data/metascience_observatory_pdfs/papers/10.1007--s10648-019-09468-2,extracted,5,psychology,cognitive psychology,True
10.1002/ejsp.2175,10.1002--ejsp.2175,/media/dan/data/metascience_observatory_pdfs/papers/10.1002--ejsp.2175,extracted,0,psychology,cognitive psychology,True
10.1037/xge0000788,10.1037--xge0000788,/media/dan/data/metascience_observatory_pdfs/papers/10.1037--xge0000788,extracted,4,psychology,social psychology,True
10.1525/collabra.216,10.1525--collabra.216,/media/dan/data/metascience_observatory_pdfs/papers/10.1525--collabra.216,extracted,2,psychology,organizational psychology,True
10.5964/jnc.7047,10.5964--jnc.7047,/media/dan/data/metascience_observatory_pdfs/papers/10.5964--jnc.7047,extracted,2,psychology,developmental psychology,True
10.1525/collabra.168,10.1525--collabra.168,/media/dan/data/metascience_observatory_pdfs/papers/10.1525--collabra.168,extracted,2,psychology,cognitive psychology,True
10.1177/1948550618775410,10.1177--1948550618775410,/media/dan/data/metascience_observatory_pdfs/papers/10.1177--1948550618775410,extracted,4,psychology,cognitive psychology,True
10.1016/j.dcn.2017.12.003,10.1016--j.dcn.2017.12.003,/media/dan/data/metascience_observatory_pdfs/papers/10.1016--j.dcn.2017.12.003,extracted,1,psychology,developmental psychology,True
10.17605/osf.io/knjhu,10.17605--osf.io--knjhu,/media/dan/data/metascience_observatory_pdfs/papers/10.17605--osf.io--knjhu,extracted,1,psychology,judgment and decision making,True
10.17605/osf.io/ahcpw,10.17605--osf.io--ahcpw,/media/dan/data/metascience_observatory_pdfs/papers/10.17605--osf.io--ahcpw,extracted,3,psychology,judgment and decision making,True
10.17605/osf.io/wmqtb,10.17605--osf.io--wmqtb,/media/dan/data/metascience_observatory_pdfs/papers/10.17605--osf.io--wmqtb,extracted,11,psychology,cognitive psychology,True
10.17605/osf.io/4hjck,10.17605--osf.io--4hjck,/media/dan/data/metascience_observatory_pdfs/papers/10.17605--osf.io--4hjck,extracted,4,psychology,judgment and decision making,True
10.1097/psy.0b013e3181fdd074,10.1097--psy.0b013e3181fdd074,/media/dan/data/metascience_observatory_pdfs/papers/10.1097--psy.0b013e3181fdd074,extracted,1,medical fields,psychiatry,True
10.17605/osf.io/w34fb,10.17605--osf.io--w34fb,/media/dan/data/metascience_observatory_pdfs/papers/10.17605--osf.io--w34fb,extracted,0,psychology,social psychology,True
10.1037/a0024923,10.1037--a0024923,/media/dan/data/metascience_observatory_pdfs/papers/10.1037--a0024923,extracted,1,psychology,social psychology,True
10.31234/osf.io/esu9z,10.31234--osf.io--esu9z,/media/dan/data/metascience_observatory_pdfs/papers/10.31234--osf.io--esu9z,attempted_failed,,psychology,social psychology,True
10.31234/osf.io/3bhja,10.31234--osf.io--3bhja,/media/dan/data/metascience_observatory_pdfs/papers/10.31234--osf.io--3bhja,extracted,1,psychology,social psychology,True
10.1177/2515245920958687,10.1177--2515245920958687,/media/dan/data/metascience_observatory_pdfs/papers/10.1177--2515245920958687,extracted,20,psychology,social psychology,True
10.17605/osf.io/j9mfn,10.17605--osf.io--j9mfn,/media/dan/data/metascience_observatory_pdfs/papers/10.17605--osf.io--j9mfn,extracted,0,psychology,social psychology,True
10.48550/arxiv.1605.00178,10.48550--arxiv.1605.00178,/media/dan/data/metascience_observatory_pdfs/papers/10.48550--arxiv.1605.00178,extracted,2,linguistics,psycholinguistics,True
10.17605/osf.io/j3ue4,10.17605--osf.io--j3ue4,/media/dan/data/metascience_observatory_pdfs/papers/10.17605--osf.io--j3ue4,extracted,1,psychology,social psychology,True
10.1177/1948550618808863,10.1177--1948550618808863,/media/dan/data/metascience_observatory_pdfs/papers/10.1177--1948550618808863,extracted,2,psychology,social psychology,True
10.1002/rrq.62,10.1002--rrq.62,/media/dan/data/metascience_observatory_pdfs/papers/10.1002--rrq.62,extracted,2,education,,True
10.1037/0022-3514.83.2.406,10.1037--0022-3514.83.2.406,/media/dan/data/metascience_observatory_pdfs/papers/10.1037--0022-3514.83.2.406,extracted,2,psychology,social psychology,True
10.1016/j.cogdev.2017.10.004,10.1016--j.cogdev.2017.10.004,/media/dan/data/metascience_observatory_pdfs/papers/10.1016--j.cogdev.2017.10.004,extracted,5,psychology,cognitive psychology,True
10.1002/pits.22027,10.1002--pits.22027,/media/dan/data/metascience_observatory_pdfs/papers/10.1002--pits.22027,extracted,4,education,,True
10.1080/09658211.2011.590505,10.1080--09658211.2011.590505,/media/dan/data/metascience_observatory_pdfs/papers/10.1080--09658211.2011.590505,extracted,2,psychology,cognitive psychology,True
10.1111/bjso.12217,10.1111--bjso.12217,/media/dan/data/metascience_observatory_pdfs/papers/10.1111--bjso.12217,extracted,1,psychology,social psychology,True
10.18718/81781.23,10.18718--81781.23,/media/dan/data/metascience_observatory_pdfs/papers/10.18718--81781.23,extracted,4,economics,macroeconomics,True
10.18718/81781.29,10.18718--81781.29,/media/dan/data/metascience_observatory_pdfs/papers/10.18718--81781.29,extracted,4,economics,labor economics,True
10.1002/ejsp.2748,10.1002--ejsp.2748,/home/dan/Dropbox/AAA_METASCIENCE_OBSERVATORY/mo_pipeline/benchmarking/ground_truth_data_filtered_PDFs/10.1002--ejsp.2748,not_attempted_legacy_only,,psychology,cognitive psychology,True
10.1016/j.actpsy.2020.103138,10.1016--j.actpsy.2020.103138,/media/dan/data/metascience_observatory_pdfs/papers/10.1016--j.actpsy.2020.103138,extracted,2,psychology,developmental psychology,True
10.1016/j.actpsy.2022.103717,10.1016--j.actpsy.2022.103717,/media/dan/data/metascience_observatory_pdfs/papers/10.1016--j.actpsy.2022.103717,extracted,5,psychology,consumer psychology / marketing,True
10.1016/j.intell.2020.101471,10.1016--j.intell.2020.101471,/media/dan/data/metascience_observatory_pdfs/papers/10.1016--j.intell.2020.101471,extracted,2,psychology,social psychology,True
10.1016/j.jesp.2023.104549,10.1016--j.jesp.2023.104549,/media/dan/data/metascience_observatory_pdfs/papers/10.1016--j.jesp.2023.104549,extracted,2,psychology,cognitive psychology,True
10.1098/rsos.210641,10.1098--rsos.210641,/media/dan/data/metascience_observatory_pdfs/papers/10.1098--rsos.210641,extracted,4,psychology,social psychology,True
10.1177/01461672211052120,10.1177--01461672211052120,/home/dan/Dropbox/AAA_METASCIENCE_OBSERVATORY/mo_pipeline/benchmarking/ground_truth_data_filtered_PDFs/10.1177--01461672211052120,not_attempted_legacy_only,,psychology,experimental philosophy,True
10.1177/0956797617747090,10.1177--0956797617747090,/home/dan/Dropbox/AAA_METASCIENCE_OBSERVATORY/mo_pipeline/benchmarking/ground_truth_data_filtered_PDFs/10.1177--0956797617747090,not_attempted_legacy_only,,psychology,social psychology,True
10.1525/collabra.185,10.1525--collabra.185,/media/dan/data/metascience_observatory_pdfs/papers/10.1525--collabra.185,extracted,1,psychology,social psychology,True
10.1525/collabra.277,10.1525--collabra.277,/media/dan/data/metascience_observatory_pdfs/papers/10.1525--collabra.277,extracted,4,psychology,social psychology,True
10.31234/osf.io/drfht,10.31234--osf.io--drfht,/media/dan/data/metascience_observatory_pdfs/papers/10.31234--osf.io--drfht,extracted,2,neuroscience,cognitive neuroscience,True
10.3389/fpsyg.2014.00786,10.3389--fpsyg.2014.00786,/media/dan/data/metascience_observatory_pdfs/papers/10.3389--fpsyg.2014.00786,extracted,2,psychology,social psychology,True
10.1027/1864-9335/a000186,10.1027--1864-9335--a000186,/media/dan/data/metascience_observatory_pdfs/papers/10.1027--1864-9335--a000186,extracted,2,psychology,cognitive psychology,True
10.1016/j.jesp.2020.104052,10.1016--j.jesp.2020.104052,/media/dan/data/metascience_observatory_pdfs/papers/10.1016--j.jesp.2020.104052,extracted,2,psychology,social psychology,True
10.1371/journal.pone.0029081,10.1371--journal.pone.0029081,/media/dan/data/metascience_observatory_pdfs/papers/10.1371--journal.pone.0029081,extracted,2,psychology,social psychology,True
10.1177/2515245918777487,10.1177--2515245918777487,/media/dan/data/metascience_observatory_pdfs/papers/10.1177--2515245918777487,extracted,1,psychology,social psychology,True
10.1177/1745691618755704,10.1177--1745691618755704,/media/dan/data/metascience_observatory_pdfs/papers/10.1177--1745691618755704,extracted,1,psychology,social psychology,True
10.1177/2515245918781032,10.1177--2515245918781032,/media/dan/data/metascience_observatory_pdfs/papers/10.1177--2515245918781032,extracted,1,psychology,social psychology,True
10.1371/journal.pone.0042510,10.1371--journal.pone.0042510,/media/dan/data/metascience_observatory_pdfs/papers/10.1371--journal.pone.0042510,extracted,2,psychology,social psychology,True
10.1177/1745691616664694,10.1177--1745691616664694,/media/dan/data/metascience_observatory_pdfs/papers/10.1177--1745691616664694,extracted,1,psychology,social psychology,True
10.1257/mac.6.3.1,10.1257--mac.6.3.1,/home/dan/Dropbox/AAA_METASCIENCE_OBSERVATORY/mo_pipeline/benchmarking/ground_truth_data_filtered_PDFs/10.1257--mac.6.3.1,not_attempted_legacy_only,,economics,development economics,True
10.1111/j.1540-6261.2012.01744.x,10.1111--j.1540-6261.2012.01744.x,/home/dan/Dropbox/AAA_METASCIENCE_OBSERVATORY/mo_pipeline/benchmarking/ground_truth_data_filtered_PDFs/10.1111--j.1540-6261.2012.01744.x,not_attempted_legacy_only,,economics,finance & financial economics,True
10.23846/rps0002,10.23846--rps0002,/media/dan/data/metascience_observatory_pdfs/papers/10.23846--rps0002,extracted,0,economics,development economics,True
10.1177/1091142114537893,10.1177--1091142114537893,/home/dan/Dropbox/AAA_METASCIENCE_OBSERVATORY/mo_pipeline/benchmarking/ground_truth_data_filtered_PDFs/10.1177--1091142114537893,not_attempted_legacy_only,,economics,political economy,True
10.1007/s00181-005-0242-z,10.1007--s00181-005-0242-z,/media/dan/data/metascience_observatory_pdfs/papers/10.1007--s00181-005-0242-z,extracted,4,economics,energy & environmental economics,True
10.1007/s00181-018-1457-0,10.1007--s00181-018-1457-0,/media/dan/data/metascience_observatory_pdfs/papers/10.1007--s00181-018-1457-0,extracted,2,economics,labor economics,True
10.7554/elife.51019,10.7554--elife.51019,/media/dan/data/metascience_observatory_pdfs/papers/10.7554--elife.51019,extracted,5,biology,cancer biology,True
10.7554/elife.04363,10.7554--elife.04363,/media/dan/data/metascience_observatory_pdfs/papers/10.7554--elife.04363,extracted,0,biology,cancer biology,True
10.7554/elife.11566,10.7554--elife.11566,/media/dan/data/metascience_observatory_pdfs/papers/10.7554--elife.11566,extracted,0,biology,cancer biology,True
10.7554/elife.11999,10.7554--elife.11999,/media/dan/data/metascience_observatory_pdfs/papers/10.7554--elife.11999,extracted,0,biology,cancer biology,True
10.7554/elife.09976,10.7554--elife.09976,/media/dan/data/metascience_observatory_pdfs/papers/10.7554--elife.09976,extracted,0,biology,cancer biology,True
10.7554/elife.45426,10.7554--elife.45426,/media/dan/data/metascience_observatory_pdfs/papers/10.7554--elife.45426,extracted,3,biology,cancer biology,True
10.7554/elife.11414,10.7554--elife.11414,/media/dan/data/metascience_observatory_pdfs/papers/10.7554--elife.11414,extracted,0,biology,cancer biology,True
10.7554/elife.17584,10.7554--elife.17584,/media/dan/data/metascience_observatory_pdfs/papers/10.7554--elife.17584,extracted,4,biology,cancer biology,True
10.7554/elife.26030,10.7554--elife.26030,/media/dan/data/metascience_observatory_pdfs/papers/10.7554--elife.26030,extracted,3,biology,cancer biology,True
10.7554/elife.21253,10.7554--elife.21253,/media/dan/data/metascience_observatory_pdfs/papers/10.7554--elife.21253,extracted,3,biology,cancer biology,True
10.7554/elife.45120,10.7554--elife.45120,/media/dan/data/metascience_observatory_pdfs/papers/10.7554--elife.45120,extracted,5,biology,cancer biology,True
10.7554/elife.17044,10.7554--elife.17044,/media/dan/data/metascience_observatory_pdfs/papers/10.7554--elife.17044,extracted,2,biology,cancer biology,True
10.7554/elife.56651,10.7554--elife.56651,/media/dan/data/metascience_observatory_pdfs/papers/10.7554--elife.56651,extracted,4,biology,cancer biology,True
10.7554/elife.43511,10.7554--elife.43511,/media/dan/data/metascience_observatory_pdfs/papers/10.7554--elife.43511,extracted,5,biology,cancer biology,True
10.7554/elife.25306,10.7554--elife.25306,/media/dan/data/metascience_observatory_pdfs/papers/10.7554--elife.25306,extracted,3,biology,cancer biology,True
10.7554/elife.29747,10.7554--elife.29747,/media/dan/data/metascience_observatory_pdfs/papers/10.7554--elife.29747,extracted,3,biology,cancer biology,True
10.7554/elife.18173,10.7554--elife.18173,/media/dan/data/metascience_observatory_pdfs/papers/10.7554--elife.18173,extracted,1,biology,cancer biology,True
10.7554/elife.34364,10.7554--elife.34364,/media/dan/data/metascience_observatory_pdfs/papers/10.7554--elife.34364,extracted,3,biology,cancer biology,True
10.7554/elife.39944,10.7554--elife.39944,/media/dan/data/metascience_observatory_pdfs/papers/10.7554--elife.39944,extracted,2,biology,cancer biology,True
10.7554/elife.21634,10.7554--elife.21634,/media/dan/data/metascience_observatory_pdfs/papers/10.7554--elife.21634,extracted,1,biology,cancer biology,True
10.7554/elife.10860,10.7554--elife.10860,/media/dan/data/metascience_observatory_pdfs/papers/10.7554--elife.10860,extracted,0,biology,cancer biology,True
10.7554/elife.30274,10.7554--elife.30274,/media/dan/data/metascience_observatory_pdfs/papers/10.7554--elife.30274,extracted,3,biology,cancer biology,True
10.7554/elife.25801,10.7554--elife.25801,/media/dan/data/metascience_observatory_pdfs/papers/10.7554--elife.25801,extracted,1,biology,cancer biology,True
10.1101/2025.04.02.645026,10.1101--2025.04.02.645026,/media/dan/data/metascience_observatory_pdfs/papers/10.1101--2025.04.02.645026,extracted,0,biology,cell biology,True
10.1007/s40279-025-02201-w,10.1007--s40279-025-02201-w,/media/dan/data/metascience_observatory_pdfs/papers/10.1007--s40279-025-02201-w,extracted,25,sports and exercise science,sports and exercise science,True
10.1186/1471-2350-13-27,10.1186--1471-2350-13-27,/media/dan/data/metascience_observatory_pdfs/papers/10.1186--1471-2350-13-27,extracted,3,medical fields,cardiovascular medicine,True
10.1046/j.1365-2133.1996.d01-1096.x,10.1046--j.1365-2133.1996.d01-1096.x,/media/dan/data/metascience_observatory_pdfs/papers/10.1046--j.1365-2133.1996.d01-1096.x,extracted,3,medical fields,dermatology,True
10.1158/1055-9965.epi-08-1223,10.1158--1055-9965.epi-08-1223,/media/dan/data/metascience_observatory_pdfs/papers/10.1158--1055-9965.epi-08-1223,extracted,8,medical fields,epidemiology,True
10.1186/s12913-023-09505-5,10.1186--s12913-023-09505-5,/media/dan/data/metascience_observatory_pdfs/papers/10.1186--s12913-023-09505-5,extracted,1,medical fields,geriatric care,True
10.1371/journal.pone.0284404,10.1371--journal.pone.0284404,/media/dan/data/metascience_observatory_pdfs/papers/10.1371--journal.pone.0284404,extracted,2,medical fields,immunology,True
10.1016/0022-3999(93)90123-w,10.1016--0022-3999(93)90123-w,/media/dan/data/metascience_observatory_pdfs/papers/10.1016--0022-3999(93)90123-w,extracted,1,medical fields,psychosomatic medicine,True
10.1080/17470218.2016.1253756,10.1080--17470218.2016.1253756,/media/dan/data/metascience_observatory_pdfs/papers/10.1080--17470218.2016.1253756,extracted,5,psychology,cognitive psychology,True
10.3389/fninf.2018.00046,10.3389--fninf.2018.00046,/media/dan/data/metascience_observatory_pdfs/papers/10.3389--fninf.2018.00046,extracted,3,neuroscience,cognitive neuroscience,True
10.1002/ijc.23682,10.1002--ijc.23682,/media/dan/data/metascience_observatory_pdfs/papers/10.1002--ijc.23682,extracted,1,biology,genetics,True
10.1016/0006-8993(90)90328-9,10.1016--0006-8993(90)90328-9,/media/dan/data/metascience_observatory_pdfs/papers/10.1016--0006-8993(90)90328-9,extracted,6,neuroscience,behavioral neuroscience,True
10.1177/0022022100031003001,10.1177--0022022100031003001,/media/dan/data/metascience_observatory_pdfs/papers/10.1177--0022022100031003001,extracted,4,psychology,social psychology,True
10.1016/j.neurobiolaging.2009.09.004,10.1016--j.neurobiolaging.2009.09.004,/media/dan/data/metascience_observatory_pdfs/papers/10.1016--j.neurobiolaging.2009.09.004,extracted,28,medical fields,epidemiology,True
10.1111/famp.12710,10.1111--famp.12710,/media/dan/data/metascience_observatory_pdfs/papers/10.1111--famp.12710,extracted,2,psychology,clinical psychology,True
10.1007/s10508-025-03297-x,10.1007--s10508-025-03297-x,/media/dan/data/metascience_observatory_pdfs/papers/10.1007--s10508-025-03297-x,extracted,1,psychology,social psychology,True
10.1177/1534508420953894,10.1177--1534508420953894,/media/dan/data/metascience_observatory_pdfs/papers/10.1177--1534508420953894,extracted,2,psychology,educational psychology,True
10.1007/s40616-014-0012-0,10.1007--s40616-014-0012-0,/media/dan/data/metascience_observatory_pdfs/papers/10.1007--s40616-014-0012-0,extracted,1,psychology,developmental psychology,True
10.1023/a:1024223916710,10.1023--a~1024223916710,/media/dan/data/metascience_observatory_pdfs/papers/10.1023--a~1024223916710,extracted,2,economics,macroeconomics,True
10.1002/art.39932,10.1002--art.39932,/media/dan/data/metascience_observatory_pdfs/papers/10.1002--art.39932,extracted,6,medical fields,medical genetics,True
10.1371/journal.pone.0110118,10.1371--journal.pone.0110118,/media/dan/data/metascience_observatory_pdfs/papers/10.1371--journal.pone.0110118,extracted,2,psychology,cognitive psychology,True
10.1371/journal.pone.0210327,10.1371--journal.pone.0210327,/media/dan/data/metascience_observatory_pdfs/papers/10.1371--journal.pone.0210327,extracted,1,medical fields,pharmacology and toxicology,True
10.5018/economics-ejournal.ja.2018-3,10.5018--economics-ejournal.ja.2018-3,/media/dan/data/metascience_observatory_pdfs/papers/10.5018--economics-ejournal.ja.2018-3,extracted,2,economics,development economics,True
10.1177/073953298600700307,10.1177--073953298600700307,/media/dan/data/metascience_observatory_pdfs/papers/10.1177--073953298600700307,extracted,1,sociology,,True
10.1080/02699931.2020.1719982,10.1080--02699931.2020.1719982,/media/dan/data/metascience_observatory_pdfs/papers/10.1080--02699931.2020.1719982,extracted,2,psychology,cognitive psychology,True
10.3389/fnhum.2020.00265,10.3389--fnhum.2020.00265,/media/dan/data/metascience_observatory_pdfs/papers/10.3389--fnhum.2020.00265,extracted,3,neuroscience,cognitive neuroscience,True
10.1016/j.jsat.2013.07.013,10.1016--j.jsat.2013.07.013,/media/dan/data/metascience_observatory_pdfs/papers/10.1016--j.jsat.2013.07.013,extracted,2,medical fields,pharmacology and toxicology,True
10.1017/s0003055405051658,10.1017--s0003055405051658,/media/dan/data/metascience_observatory_pdfs/papers/10.1017--s0003055405051658,extracted,0,political science,political economy,True
10.3386/w21801,10.3386--w21801,/media/dan/data/metascience_observatory_pdfs/papers/10.3386--w21801,extracted,3,economics,labor economics,True
10.1002/jae.2886,10.1002--jae.2886,/media/dan/data/metascience_observatory_pdfs/papers/10.1002--jae.2886,extracted,3,economics,econometric methods,True
10.1111/sjoe.12341,10.1111--sjoe.12341,/media/dan/data/metascience_observatory_pdfs/papers/10.1111--sjoe.12341,extracted,2,economics,development economics,True
10.1257/aer.104.3.1072,10.1257--aer.104.3.1072,/media/dan/data/metascience_observatory_pdfs/papers/10.1257--aer.104.3.1072,extracted,2,economics,macroeconomics,True
10.1371/journal.pone.0051382,10.1371--journal.pone.0051382,/media/dan/data/metascience_observatory_pdfs/papers/10.1371--journal.pone.0051382,extracted,6,psychology,cognitive psychology,True
10.1177/0956797613486983,10.1177--0956797613486983,/media/dan/data/metascience_observatory_pdfs/papers/10.1177--0956797613486983,extracted,1,psychology,social psychology,True
10.1177/1745691615605826,10.1177--1745691615605826,/media/dan/data/metascience_observatory_pdfs/papers/10.1177--1745691615605826,extracted,1,psychology,criminology,True
10.1016/j.jesp.2015.09.003,10.1016--j.jesp.2015.09.003,/media/dan/data/metascience_observatory_pdfs/papers/10.1016--j.jesp.2015.09.003,extracted,3,psychology,cognitive psychology,True
10.1007/s10648-015-9332-4,10.1007--s10648-015-9332-4,/media/dan/data/metascience_observatory_pdfs/papers/10.1007--s10648-015-9332-4,extracted,0,psychology,social psychology,True
10.3758/s13421-017-0708-1,10.3758--s13421-017-0708-1,/media/dan/data/metascience_observatory_pdfs/papers/10.3758--s13421-017-0708-1,extracted,2,psychology,cognitive psychology,True
10.1371/journal.pone.0108269,10.1371--journal.pone.0108269,/media/dan/data/metascience_observatory_pdfs/papers/10.1371--journal.pone.0108269,extracted,2,psychology,cognitive psychology,True
10.3758/s13423-020-01834-4,10.3758--s13423-020-01834-4,/media/dan/data/metascience_observatory_pdfs/papers/10.3758--s13423-020-01834-4,extracted,3,economics,behavioral and experimental economics,True
10.1098/rsos.181868,10.1098--rsos.181868,/media/dan/data/metascience_observatory_pdfs/papers/10.1098--rsos.181868,extracted,1,psychology,psychophysics,True
10.1016/j.strueco.2018.01.002,10.1016--j.strueco.2018.01.002,/media/dan/data/metascience_observatory_pdfs/papers/10.1016--j.strueco.2018.01.002,extracted,2,economics,macroeconomics,True
10.3758/s13421-023-01471-x,10.3758--s13421-023-01471-x,/media/dan/data/metascience_observatory_pdfs/papers/10.3758--s13421-023-01471-x,extracted,4,psychology,cognitive psychology,True
10.1007/s11205-005-5074-x,10.1007--s11205-005-5074-x,/media/dan/data/metascience_observatory_pdfs/papers/10.1007--s11205-005-5074-x,extracted,1,economics,behavioral and experimental economics,True
10.1016/j.neuroimage.2008.04.023,10.1016--j.neuroimage.2008.04.023,/media/dan/data/metascience_observatory_pdfs/papers/10.1016--j.neuroimage.2008.04.023,extracted,2,neuroscience,cognitive neuroscience,True
10.1001/archneurol.2011.155,10.1001--archneurol.2011.155,/media/dan/data/metascience_observatory_pdfs/papers/10.1001--archneurol.2011.155,extracted,2,medical fields,neurology,True
10.1016/j.psyneuen.2016.08.017,10.1016--j.psyneuen.2016.08.017,/media/dan/data/metascience_observatory_pdfs/papers/10.1016--j.psyneuen.2016.08.017,extracted,2,neuroscience,behavioral neuroscience,True
10.3758/s13421-024-01583-y,10.3758--s13421-024-01583-y,/media/dan/data/metascience_observatory_pdfs/papers/10.3758--s13421-024-01583-y,extracted,3,psychology,cognitive psychology,True
10.2466/pr0.2000.87.2.493,10.2466--pr0.2000.87.2.493,/media/dan/data/metascience_observatory_pdfs/papers/10.2466--pr0.2000.87.2.493,extracted,3,psychology,social psychology,True
10.1016/j.leaqua.2022.101633,10.1016--j.leaqua.2022.101633,/media/dan/data/metascience_observatory_pdfs/papers/10.1016--j.leaqua.2022.101633,extracted,8,psychology,social psychology,True
10.1007/s12662-024-00979-x,10.1007--s12662-024-00979-x,/media/dan/data/metascience_observatory_pdfs/papers/10.1007--s12662-024-00979-x,extracted,1,psychology,sports psychology,True
10.1037/0096-3445.123.2.161,10.1037--0096-3445.123.2.161,/media/dan/data/metascience_observatory_pdfs/papers/10.1037--0096-3445.123.2.161,extracted,3,neuroscience,,False
10.1037/a0020413,10.1037--a0020413,/media/dan/data/metascience_observatory_pdfs/papers/10.1037--a0020413,extracted,0,neuroscience,,False
10.1073/pnas.1616921114,10.1073--pnas.1616921114,/media/dan/data/metascience_observatory_pdfs/papers/10.1073--pnas.1616921114,extracted,0,economics,behavioral and experimental economics,False
10.1016/j.chb.2012.07.031,10.1016--j.chb.2012.07.031,/media/dan/data/metascience_observatory_pdfs/papers/10.1016--j.chb.2012.07.031,extracted,1,psychology,,False
10.1037/0022-3514.75.6.1411,10.1037--0022-3514.75.6.1411,/media/dan/data/metascience_observatory_pdfs/papers/10.1037--0022-3514.75.6.1411,extracted,0,psychology,judgment and decision making,False
10.1037/0021-9010.63.2.228,10.1037--0021-9010.63.2.228,/media/dan/data/metascience_observatory_pdfs/papers/10.1037--0021-9010.63.2.228,extracted,0,psychology,,False
10.1177/0956797611419168,10.1177--0956797611419168,/media/dan/data/metascience_observatory_pdfs/papers/10.1177--0956797611419168,extracted,2,neuroscience,,False
10.1177/0956797614554955,10.1177--0956797614554955,/media/dan/data/metascience_observatory_pdfs/papers/10.1177--0956797614554955,extracted,0,psychology,,False
10.1192/bjp.138.4.321,10.1192--bjp.138.4.321,/media/dan/data/metascience_observatory_pdfs/papers/10.1192--bjp.138.4.321,extracted,1,psychology,,False
10.1177/0956797618788882,10.1177--0956797618788882,/media/dan/data/metascience_observatory_pdfs/papers/10.1177--0956797618788882,extracted,0,psychology,,False
10.1080/13523260.2020.1868836,10.1080--13523260.2020.1868836,/media/dan/data/metascience_observatory_pdfs/papers/10.1080--13523260.2020.1868836,extracted,0,political science,,False
10.1037/pspa0000032,10.1037--pspa0000032,/media/dan/data/metascience_observatory_pdfs/papers/10.1037--pspa0000032,extracted,0,psychology,social psychology,False
10.1016/j.cognition.2019.104157,10.1016--j.cognition.2019.104157,/media/dan/data/metascience_observatory_pdfs/papers/10.1016--j.cognition.2019.104157,extracted,1,psychology,cognitive psychology,False
10.1111/j.1467-9280.2008.02076.x,10.1111--j.1467-9280.2008.02076.x,/media/dan/data/metascience_observatory_pdfs/papers/10.1111--j.1467-9280.2008.02076.x,extracted,1,psychology,social psychology,False
10.1080/13803390701550110,10.1080--13803390701550110,/media/dan/data/metascience_observatory_pdfs/papers/10.1080--13803390701550110,extracted,0,neuroscience,,False
10.1016/0010-0277(83)90004-5,10.1016--0010-0277(83)90004-5,/media/dan/data/metascience_observatory_pdfs/papers/10.1016--0010-0277(83)90004-5,extracted,0,psychology,,False
10.1037/h0091247,10.1037--h0091247,/media/dan/data/metascience_observatory_pdfs/papers/10.1037--h0091247,extracted,0,neuroscience,,False
10.1038/s41598-018-24735-y,10.1038--s41598-018-24735-y,/media/dan/data/metascience_observatory_pdfs/papers/10.1038--s41598-018-24735-y,extracted,0,biology,,False
10.1038/mp.2011.142,10.1038--mp.2011.142,/media/dan/data/metascience_observatory_pdfs/papers/10.1038--mp.2011.142,extracted,0,neuroscience,,False
10.1037/xge0000157,10.1037--xge0000157,/media/dan/data/metascience_observatory_pdfs/papers/10.1037--xge0000157,extracted,0,psychology,psychometrics,False
10.1001/jamapsychiatry.2015.0554,10.1001--jamapsychiatry.2015.0554,/media/dan/data/metascience_observatory_pdfs/papers/10.1001--jamapsychiatry.2015.0554,extracted,0,biology,,False
10.1038/ng.3434,10.1038--ng.3434,/media/dan/data/metascience_observatory_pdfs/papers/10.1038--ng.3434,extracted,0,medical fields,,False
10.1038/s41598-018-35209-6,10.1038--s41598-018-35209-6,/media/dan/data/metascience_observatory_pdfs/papers/10.1038--s41598-018-35209-6,extracted,1,neuroscience,cognitive neuroscience,True
