coder,paper_folder,saved_labelled,latest_logged_entries,unmarked_labelled,removed_stale_candidates,status
ling26,10.1037--edu0000095,4,2,2,2,reconstructed
ling26,10.3390--su12083069,1,1,1,0,reconstructed
ling26,10.1080--13561820.2016.1233096,1,1,1,0,reconstructed
ling26,10.1002--npr2.70078,1,1,1,0,reconstructed
ling26,10.17705--1atrr.00014,1,1,1,0,reconstructed
ling26,10.1007--s11145-018-9858-1,1,1,1,0,reconstructed
ling26,10.1371--journal.pone.0053234,1,1,1,0,reconstructed
ling26,10.1080--10510974.2018.1466718,3,3,3,0,reconstructed
ling26,10.3102--0013189x20922993,1,1,1,0,reconstructed
ling26,10.1111--j.1743-6109.2010.01970.x,1,1,1,0,reconstructed
ling26,10.17605--osf.io--ehjdm,1,1,1,0,reconstructed
ling26,10.1521--pedi_2013_27_117,1,1,1,0,reconstructed
ling26,10.1080--02619768.2014.882308,1,1,1,0,reconstructed
ling26,10.1525--mp.2012.30.2.161,5,3,3,2,reconstructed
ling26,10.1080--09658211.2023.2198327,0,0,0,0,reconstructed
ling26,10.1017--s1930297500002941,1,1,1,0,reconstructed
ling26,10.1177--0022219419897268,0,0,0,0,reconstructed
ling26,10.1007--s40732-020-00396-0,1,1,1,0,reconstructed
ling26,10.1037--edu0000146,0,0,0,0,reconstructed
ling26,10.1007--s00426-019-01203-4,1,1,1,0,reconstructed
ling26,10.17605--osf.io--82bwv,1,1,1,0,reconstructed
ling26,10.1017--s0142716423000127,1,1,1,0,reconstructed
ling26,10.1080--00330124.2012.681509,3,2,2,1,reconstructed
ling26,10.1007--s10664-025-10739-6,1,1,1,0,reconstructed
ling26,10.1002--smj.2905,1,1,1,0,reconstructed
ling26,10.1002--smj.2579,0,0,0,0,reconstructed
ling26,10.1016--j.cortex.2022.12.003,3,2,2,1,reconstructed
ling26,10.1017--s0261444815000087,1,1,1,0,reconstructed
ling26,10.21203--rs.3.rs-8351701--v1,1,1,1,0,reconstructed
ling26,10.1101--2021.11.30.470372,6,3,3,3,reconstructed
ling26,10.1098--rsos.231240,0,0,0,0,reconstructed
ling26,10.1177--2515245920903079,1,1,1,0,reconstructed
ling26,10.1037--xge0000644,5,5,5,0,reconstructed
ling26,10.1080--02699931.2018.1429389,4,2,2,2,reconstructed
ling26,10.1111--psyp.13546,5,3,3,2,reconstructed
ling26,10.1080--02699931.2015.1136270,1,1,1,0,reconstructed
ling26,10.1073--pnas.2103313118,0,7,0,0,fresh_checkpointed_reply
ling26,10.3389--fpsyg.2018.02476,1,1,1,0,reconstructed
ling26,10.1177--0956797619837942,1,1,1,0,reconstructed
ling26,10.1037--edu0000965,0,0,0,0,reconstructed
ling26,10.1007--s10882-014-9400-6,3,2,2,1,reconstructed
ling26,10.1097--acm.0000000000002311,1,0,0,1,reconstructed
ling26,10.1002--pits.22364,1,1,1,0,reconstructed
ling26,10.1158--1055-9965.epi-11-0870-t,9,5,5,4,reconstructed
ling26,10.1016--j.jml.2022.104352,1,1,1,0,reconstructed
ling26,10.1111--desc.13080,2,2,2,0,reconstructed
ling26,10.1016--0163-6383(90)90029-8,2,2,2,0,reconstructed
ling26,10.1016--j.ynirp.2022.100147,6,3,3,3,reconstructed
ling26,10.1108--neje-04-2020-0005,2,1,1,1,reconstructed
ling26,10.1017--xps.2017.22,1,1,1,0,reconstructed
ling26,10.1371--journal.pone.0209704,1,1,1,0,reconstructed
ling26,10.1002--cpp.686,5,3,3,2,reconstructed
ling26,10.1007--s11251-018-9451-7,3,2,2,1,reconstructed
ling26,10.1007--s10648-019-09468-2,3,2,2,1,reconstructed
ling26,10.1002--ejsp.2175,0,0,0,0,reconstructed
ling26,10.1037--xge0000788,6,3,3,3,reconstructed
ling26,10.1525--collabra.216,3,2,2,1,reconstructed
ling26,10.5964--jnc.7047,3,2,2,1,reconstructed
ling26,10.1525--collabra.168,7,4,4,3,reconstructed
ling26,10.1177--1948550618775410,5,3,3,2,reconstructed
ling26,10.1016--j.dcn.2017.12.003,1,1,1,0,reconstructed
ling26,10.17605--osf.io--knjhu,1,1,1,0,reconstructed
ling26,10.17605--osf.io--ahcpw,5,3,3,2,reconstructed
ling26,10.17605--osf.io--wmqtb,1,1,1,0,reconstructed
ling26,10.17605--osf.io--4hjck,8,4,4,4,reconstructed
ling26,10.1097--psy.0b013e3181fdd074,1,1,1,0,reconstructed
ling26,10.17605--osf.io--w34fb,3,2,2,1,reconstructed
ling26,10.1037--a0024923,5,3,3,2,reconstructed
ling26,10.31234--osf.io--esu9z,0,0,0,0,reconstructed
ling26,10.31234--osf.io--3bhja,1,1,1,0,reconstructed
ling26,10.1177--2515245920958687,10,10,10,0,reconstructed
ling26,10.17605--osf.io--j9mfn,7,7,7,0,reconstructed
ling26,10.48550--arxiv.1605.00178,2,2,2,0,reconstructed
ling26,10.17605--osf.io--j3ue4,1,1,1,0,reconstructed
ling26,10.1177--1948550618808863,0,,0,0,fresh_checkpointed_reply
ling26,10.1002--rrq.62,4,3,3,1,reconstructed
ling26,10.1037--0022-3514.83.2.406,2,2,2,0,reconstructed
ling26,10.1016--j.cogdev.2017.10.004,7,4,4,3,reconstructed
ling26,10.1002--pits.22027,1,1,1,0,reconstructed
ling26,10.1080--09658211.2011.590505,3,3,3,0,reconstructed
ling26,10.1111--bjso.12217,1,1,1,0,reconstructed
ling26,10.18718--81781.23,2,2,2,0,reconstructed
ling26,10.18718--81781.29,3,3,3,0,reconstructed
ling26,10.1002--ejsp.2748,2,1,1,1,reconstructed
ling26,10.1016--j.actpsy.2020.103138,2,1,1,1,reconstructed
ling26,10.1016--j.actpsy.2022.103717,1,1,1,0,reconstructed
ling26,10.1016--j.intell.2020.101471,3,2,2,1,reconstructed
ling26,10.1016--j.jesp.2023.104549,2,2,2,0,reconstructed
ling26,10.1098--rsos.210641,3,3,3,0,reconstructed
ling26,10.1177--01461672211052120,2,2,2,0,reconstructed
ling26,10.1177--0956797617747090,7,7,7,0,reconstructed
ling26,10.1525--collabra.185,1,1,0,1,fresh_checkpointed_reply
ling26,10.1525--collabra.277,7,4,4,3,reconstructed
ling26,10.31234--osf.io--drfht,0,0,0,0,reconstructed
ling26,10.3389--fpsyg.2014.00786,3,2,2,1,reconstructed
ling26,10.1027--1864-9335--a000186,3,2,2,1,reconstructed
ling26,10.1016--j.jesp.2020.104052,3,2,2,1,reconstructed
ling26,10.1371--journal.pone.0029081,3,2,2,1,reconstructed
ling26,10.1177--2515245918777487,1,1,1,0,reconstructed
ling26,10.1177--1745691618755704,1,1,1,0,reconstructed
ling26,10.1177--2515245918781032,1,1,1,0,reconstructed
ling26,10.1371--journal.pone.0042510,4,2,2,2,reconstructed
ling26,10.1177--1745691616664694,1,1,1,0,reconstructed
ling26,10.1257--mac.6.3.1,1,0,0,1,reconstructed
ling26,10.1111--j.1540-6261.2012.01744.x,8,4,4,4,reconstructed
ling26,10.23846--rps0002,0,0,0,0,reconstructed
ling26,10.1177--1091142114537893,3,3,3,0,reconstructed
ling26,10.1007--s00181-005-0242-z,1,1,1,0,reconstructed
ling26,10.1007--s00181-018-1457-0,3,1,1,2,reconstructed
ling26,10.7554--elife.51019,10,5,5,5,reconstructed
ling26,10.7554--elife.04363,0,0,0,0,reconstructed
ling26,10.7554--elife.11566,0,3,0,0,requires_fresh_reply
ling26,10.7554--elife.11999,0,5,0,0,fresh_checkpointed_reply
ling26,10.7554--elife.09976,0,3,0,0,fresh_checkpointed_reply
ling26,10.7554--elife.45426,6,3,3,3,reconstructed
ling26,10.7554--elife.11414,0,5,0,0,fresh_checkpointed_reply
ling26,10.7554--elife.17584,8,4,4,4,reconstructed
ling26,10.7554--elife.26030,6,3,3,3,reconstructed
ling26,10.7554--elife.21253,6,3,3,3,reconstructed
ling26,10.7554--elife.45120,6,4,4,2,reconstructed
ling26,10.7554--elife.17044,4,3,3,1,reconstructed
ling26,10.7554--elife.56651,8,4,4,4,reconstructed
ling26,10.7554--elife.43511,6,3,3,3,reconstructed
ling26,10.7554--elife.25306,6,3,3,3,reconstructed
ling26,10.7554--elife.29747,6,3,3,3,reconstructed
ling26,10.7554--elife.18173,4,3,3,1,reconstructed
ling26,10.7554--elife.34364,4,2,2,2,reconstructed
ling26,10.7554--elife.39944,1,1,1,0,reconstructed
ling26,10.7554--elife.21634,3,1,1,2,reconstructed
ling26,10.7554--elife.10860,0,3,0,0,fresh_checkpointed_reply
ling26,10.7554--elife.30274,4,2,2,2,reconstructed
ling26,10.7554--elife.25801,1,1,1,0,reconstructed
ling26,10.1101--2025.04.02.645026,0,0,0,0,reconstructed
ling26,10.1007--s40279-025-02201-w,1,25,0,1,requires_fresh_reply
ling26,10.1186--1471-2350-13-27,1,1,1,0,reconstructed
ling26,10.1046--j.1365-2133.1996.d01-1096.x,1,1,1,0,reconstructed
ling26,10.1158--1055-9965.epi-08-1223,9,9,9,0,reconstructed
ling26,10.1186--s12913-023-09505-5,1,1,1,0,reconstructed
ling26,10.1371--journal.pone.0284404,3,2,2,1,reconstructed
ling26,10.1016--0022-3999(93)90123-w,1,1,1,0,reconstructed
ling26,10.1080--17470218.2016.1253756,2,2,2,0,reconstructed
ling26,10.3389--fninf.2018.00046,1,1,1,0,reconstructed
ling26,10.1002--ijc.23682,1,1,1,0,reconstructed
ling26,10.1016--0006-8993(90)90328-9,1,1,1,0,reconstructed
ling26,10.1177--0022022100031003001,8,4,4,4,reconstructed
ling26,10.1016--j.neurobiolaging.2009.09.004,0,,0,0,fresh_checkpointed_reply
ling26,10.1111--famp.12710,3,1,0,3,fresh_checkpointed_reply
ling26,10.1007--s10508-025-03297-x,1,1,1,0,reconstructed
ling26,10.1177--1534508420953894,1,1,1,0,reconstructed
ling26,10.1007--s40616-014-0012-0,1,1,1,0,reconstructed
ling26,10.1023--a~1024223916710,0,0,0,0,reconstructed
ling26,10.1002--art.39932,0,0,0,0,reconstructed
ling26,10.1371--journal.pone.0110118,0,0,0,0,reconstructed
ling26,10.1371--journal.pone.0210327,1,1,1,0,reconstructed
ling26,10.5018--economics-ejournal.ja.2018-3,5,2,2,3,reconstructed
ling26,10.1177--073953298600700307,1,1,1,0,reconstructed
ling26,10.1080--02699931.2020.1719982,1,1,1,0,reconstructed
ling26,10.3389--fnhum.2020.00265,1,1,1,0,reconstructed
ling26,10.1016--j.jsat.2013.07.013,1,1,1,0,reconstructed
ling26,10.1017--s0003055405051658,1,1,1,0,reconstructed
ling26,10.3386--w21801,6,3,3,3,reconstructed
ling26,10.1002--jae.2886,10,5,5,5,reconstructed
ling26,10.1111--sjoe.12341,4,2,2,2,reconstructed
ling26,10.1257--aer.104.3.1072,0,0,0,0,reconstructed
ling26,10.1371--journal.pone.0051382,12,6,6,6,reconstructed
ling26,10.1177--0956797613486983,4,2,2,2,reconstructed
ling26,10.1177--1745691615605826,13,13,13,0,reconstructed
ling26,10.1016--j.jesp.2015.09.003,4,2,2,2,reconstructed
ling26,10.1007--s10648-015-9332-4,0,0,0,0,reconstructed
ling26,10.3758--s13421-017-0708-1,8,4,4,4,reconstructed
ling26,10.1371--journal.pone.0108269,0,0,0,0,reconstructed
ling26,10.3758--s13423-020-01834-4,4,2,2,2,reconstructed
ling26,10.1098--rsos.181868,1,1,1,0,reconstructed
ling26,10.1016--j.strueco.2018.01.002,0,0,0,0,reconstructed
ling26,10.3758--s13421-023-01471-x,8,4,4,4,reconstructed
ling26,10.1007--s11205-005-5074-x,0,0,0,0,reconstructed
ling26,10.1016--j.neuroimage.2008.04.023,1,1,1,0,reconstructed
ling26,10.1001--archneurol.2011.155,4,2,2,2,reconstructed
ling26,10.1016--j.psyneuen.2016.08.017,1,1,1,0,reconstructed
ling26,10.3758--s13421-024-01583-y,6,3,3,3,reconstructed
ling26,10.2466--pr0.2000.87.2.493,1,1,1,0,reconstructed
ling26,10.1016--j.leaqua.2022.101633,9,9,9,0,reconstructed
ling26,10.1007--s12662-024-00979-x,1,1,1,0,reconstructed
ling26,10.1037--0096-3445.123.2.161,0,0,0,0,reconstructed
ling26,10.1037--a0020413,0,0,0,0,reconstructed
ling26,10.1073--pnas.1616921114,0,0,0,0,reconstructed
ling26,10.1016--j.chb.2012.07.031,0,0,0,0,reconstructed
ling26,10.1037--0022-3514.75.6.1411,0,0,0,0,reconstructed
ling26,10.1037--0021-9010.63.2.228,0,0,0,0,reconstructed
ling26,10.1177--0956797611419168,0,2,0,0,fresh_checkpointed_reply
ling26,10.1177--0956797614554955,0,0,0,0,reconstructed
ling26,10.1192--bjp.138.4.321,0,0,0,0,reconstructed
ling26,10.1177--0956797618788882,0,0,0,0,reconstructed
ling26,10.1080--13523260.2020.1868836,0,0,0,0,reconstructed
ling26,10.1037--pspa0000032,0,0,0,0,reconstructed
ling26,10.1016--j.cognition.2019.104157,0,0,0,0,reconstructed
ling26,10.1111--j.1467-9280.2008.02076.x,0,0,0,0,reconstructed
ling26,10.1080--13803390701550110,0,0,0,0,reconstructed
ling26,10.1016--0010-0277(83)90004-5,0,0,0,0,reconstructed
ling26,10.1037--h0091247,0,0,0,0,reconstructed
ling26,10.1038--s41598-018-24735-y,0,0,0,0,reconstructed
ling26,10.1038--mp.2011.142,0,0,0,0,reconstructed
ling26,10.1037--xge0000157,0,0,0,0,reconstructed
ling26,10.1001--jamapsychiatry.2015.0554,0,0,0,0,reconstructed
ling26,10.1038--ng.3434,0,0,0,0,reconstructed
ling26,10.1038--s41598-018-35209-6,0,1,0,0,fresh_checkpointed_reply
