paper_folder,category,action,pair_hint,finding,source_path,source_line,source_sha256,evidence,reviewer
10.7554--elife.11566,eligibility,exclude_outcome,,"Protocol for planned cancer experiments, not a completed replication result. Blank outcomes are legitimate; do not turn them into failure or inconclusive.",/media/dan/data/metascience_observatory_pdfs/papers/10.7554--elife.11566/10.7554--elife.11566_from_xml.md,14,c93acafabec3f38831523dff6e9d8bd79d61b39d9dcd4f1bde7fcf330d9abeaa,"lspan` and `rowspan` are authoritative and Markdown cannot express them. -->

# Registered report: Diverse somatic mutation patterns and pathway alterations in human cancers

## Introduction

Human cancer is driven by the acquisition of mutations in cells of somatic origin. Somatic mutations comprise several distinct",Codex AI source review; not human adjudication
10.7554--elife.11999,eligibility,exclude_outcome,,Future-tense protocols describe original findings. Outcome labels risk attributing the original results to the planned replication.,/media/dan/data/metascience_observatory_pdfs/papers/10.7554--elife.11999/10.7554--elife.11999_from_xml.md,20,96d8b113654472bf4b913ae30d21f7dd76a2a7a1c53d61e4fd1e1f7c9e31db4d,"ahan et al., 2010; Joseph et al., 2010; Lee et al., 2010; Kaplan et al., 2011). This experiment will be replicated in Protocol 1.

Previous work had shown that activated RAS in melanoma signals through CRAF, while normal signaling in healthy melanocytes is accomplished through BRAF (Dumaz et al., 2006). To determine if CRAF was required for parad",Codex AI source review; not human adjudication
10.7554--elife.09976,eligibility,exclude_outcome,,"Registered protocol: the RAF findings in the introduction belong to the original study, not to completed replication experiments.",/media/dan/data/metascience_observatory_pdfs/papers/10.7554--elife.09976/10.7554--elife.09976_from_xml.md,22,56849a32c8dfac020afb93624311b36a1f6262cc6a9541c86298229d04f2147d," mutation were susceptible to the RAF inhibitors, BRAF[WT] cell lines were not. This experiment will be replicated in Protocol 1.

To elucidate whether CRAF or BRAF contributed to MEK signaling in RAF-treated KRAS-mutant cells, the authors used inducible shRNA cell lines to test whether BRAF or CRAF were necessary for the activation of MEK1/2 in ",Codex AI source review; not human adjudication
10.7554--elife.11414,eligibility,exclude_outcome,,Registered protocol without completed replication outcomes. Fresh Ling responses switched between blanks and labels: successful JSON parsing is not evidence validity.,/media/dan/data/metascience_observatory_pdfs/papers/10.7554--elife.11414/10.7554--elife.11414_from_xml.md,14,8017763832aa59f30670a49ce3ed5fbfa9abb9f5e6f246e612fbb30eba156246,"lspan` and `rowspan` are authoritative and Markdown cannot express them. -->

# Registered Report: COT drives resistance to RAF inhibition through MAP kinase pathway reactivation

## Introduction

Activation of the canonical mitogen activated protein kinase (MAPK) pathway occurs in response to the binding of growth f",Codex AI source review; not human adjudication
10.7554--elife.10860,eligibility,exclude_outcome,,"Three planned IDH protocols are not three observed successes. Keep the document in the eligibility audit, outside outcome accuracy.",/media/dan/data/metascience_observatory_pdfs/papers/10.7554--elife.10860/10.7554--elife.10860_from_xml.md,14,603b196877e32e97f103a4850f24d8e6c4ebdb4a2272fa95836da21ddbc0790e,"lspan` and `rowspan` are authoritative and Markdown cannot express them. -->

# Registered report: IDH mutation impairs histone demethylation and results in a block to cell differentiation

## Introduction

Mutations in the metabolic proteins IDH1 and IDH2 are associated with gliomas, acute myeloid leukemias, chondro",Codex AI source review; not human adjudication
10.1007--s40279-025-02201-w,input_coverage,exclude_outcome,,Primary XML rendition preserves table captions but omits the study-level table bodies (front matter says tables: 0). Ling has no valid complete enumeration. Review PDF/tables before coding; neither zero nor 25 guessed outcomes is a reference answer.,/media/dan/data/metascience_observatory_pdfs/papers/10.1007--s40279-025-02201-w/10.1007--s40279-025-02201-w_from_xml.md,50,bead03a5c773ac9a51d54f4e22a94c457b83aed5bfc3aaa4de840803be7fbc4f,"inflation of those estimates as a result of small sample size and bias [21, 43].Table 1Original and replication study descriptives for the t-test studiesACL anterior cruciate ligament, ATP adenosine triphosphate, NHST null hypothesis significant testingTable 2Original and replication study descriptives for the F-test studiesNHST null hypothesis sig",Codex AI source review; not human adjudication
10.7554--elife.45120,outcome,accept_pair,metastatic burden,"Descriptions identify the same Cav1 metastasis experiment. The result paragraph reports non-significant, nonmatching direction and a shorter endpoint. This is an interpretation disagreement, not a wrong-original pairing; failure is better supported than calling it a significant reversal.",/media/dan/data/metascience_observatory_pdfs/papers/10.7554--elife.45120/10.7554--elife.45120_from_xml.md,40,acc54629a993d11a20cd01c8deffc7292e2b17822563f6028e674aab3c772e56,"To summarize, for assessment of metastasis formation we found results that were not in the same direction as the original study and not statistically significant.

There are a number of factors that can affect the evaluation of tumor growth and metastasis formation using bioluminescence imaging. For in vivo imaging, the depth and location of the tumor, as well as the thickness o",Codex AI source review; not human adjudication
10.7554--elife.17044,codebook_null,accept_pair,ACHN,Descriptions identify the ACHN negative-control contrast. Both original and replication report no treatment difference. The codebook needs an explicit rule for replication of a null result; do not equate non-significance with either proven equivalence or automatic failure.,/media/dan/data/metascience_observatory_pdfs/papers/10.7554--elife.17044/10.7554--elife.17044_from_xml.md,32,625cebe1725f95e68abda94166272dcecd3a53112d283a2ce3d424d798249728,"ion as the original study. The treatment of ACHN derived tumors with cimetidine did not result in an observational difference in tumor volume after treatment when compared to vehicle control treated tumors, similar to the original study.

As an additional control for tumor growth inhibition, tumors from A549 cells were treated with 2 mg/kg doxorubicin, simila",Codex AI source review; not human adjudication
10.7554--elife.43511,outcome,accept_pair,CD44+,Both describe miR-34a in CD44-positive versus negative LAPC4 cells. Direction differs from the original but changed gating creates a confound. Failure/inconclusive needs adjudication; an opposite point estimate alone does not establish reversal.,/media/dan/data/metascience_observatory_pdfs/papers/10.7554--elife.43511/10.7554--elife.43511_from_xml.md,38,b24c1501f58398e119ef8f56611e44181d05feaba2fa63b399d8ee7777f10b69,"original study despite the difference in how populations were defined. However, this creates a potential confound, particularly in the CD44[-] population as defined for this replication, that could contain cells that were positive for CD44 complicating the comparison of microRNA levels between these populations. To summarize, for t",Codex AI source review; not human adjudication
10.7554--elife.18173,outcome,accept_pair,lymphocytic,"Both target the same infiltration comparison. The ordinal infiltration assessment must be distinguished from tumor growth, blood lymphocytes and exploratory neutrophil effects. Source supports uncertainty about how strongly to classify this contrast.",/media/dan/data/metascience_observatory_pdfs/papers/10.7554--elife.18173/10.7554--elife.18173_from_xml.md,36,ee7d11cdd98f70dfac1ff0b172992ec9494d1c4bc63cf86c4fdd8b9fe5500a09,"g system to assess the degree of lymphocytic infiltrate (Demaria et al., 2001). Both IgG and anti-CD47 treated tumors resulted in minimal to moderate lymphocytic infiltrate (Table 1). Although not planned, the tumors were also analyzed for the extent of neutrophilic infiltration. The neutrophilic infiltrate in IgG treated tumors was minimal in 4 and moderate in 3 tumors. The neutrophilic i",Codex AI source review; not human adjudication
10.1016--j.ynirp.2022.100147,codebook_null,accept_pair,NAcc,Both descriptions identify the NAcc null contrast. Do not transfer the hedged MPFC findings or paper-wide summary to this contrast. The null-replication convention is the primary unresolved rule.,/media/dan/data/metascience_observatory_pdfs/papers/10.1016--j.ynirp.2022.100147/body.md,173,d3917ef124a2e41395ca0a8313cd38000286fe7eb8f86304e172dc49332c5c04,"rored the prior study's results. For example, consistent with previous results, NAcc response to reward anticipation did not differ between patient and control groups, but patients showed lesser MPFC response to reward anticipation and greater MPFC response to non-punishment outcome (i.e., no-loss vs. loss outcome). Also, the present findings establ",Codex AI source review; not human adjudication
10.1016--j.jsat.2013.07.013,scope,ambiguous_pair,,"Original intervention included mailings; the replication removed them. Three-month abstinence improved, six-month point-prevalence and use-frequency measures did not. Descriptions lack a common endpoint/timepoint, so success/inconclusive agreement is not interpretable until scope is fixed.",/media/dan/data/metascience_observatory_pdfs/papers/10.1016--j.jsat.2013.07.013/10.1016--j.jsat.2013.07.013_from_xml.md,100,b276c4d8816287bd2537368c27971ed8916c4917929b9b935c3ecc13fedd1c8d," following participants to 6 months, using TLFB to measure drug-using days, and using only the e-SBI without any incentives or motivational mailings. Results support the short-term efficacy of the e-SBI for illicit drug use in this urban sample, with a biologically confirmed drug use abstinence rate of 26.4% in the intervention condition vs. 9.9% in the control cond",Codex AI source review; not human adjudication
10.1177--073953298600700307,matching,reject_pair,,"One description combines factor structure and readership prediction, the other only factor structure. The source separates mixed predictive findings from a two-factor rather than three-factor solution. The automatic candidate is not equivalent in scope.",/media/dan/data/metascience_observatory_pdfs/papers/10.1177--073953298600700307/body.md,213,c755d2cf87b788d18fb44f6bdb8503658ec4bfee8affac8b63af71e15bc49f27,"served  to add demographic and psychographic variables as well.

Finally,  the  reduction  of  the  factor analytic  solution  to  only  two  sets  of varibles suggests that only the entertain-

The research affirmed  the consistency of  some  variables  and  concepts,  but  it also  demonstrated  the  inconsistency  of others.  Perhaps  most ",Codex AI source review; not human adjudication
10.1525--mp.2012.30.2.161,type,accept_pair,five orthogonal,"The broad-genre MUSIC comparison is recognizable, distinct from the jazz-only and rock-only studies. Sampling/generalization and added attribute measures explain why direct versus close experiment is not simply clerical; close extension also needs human consideration.",/media/dan/data/metascience_observatory_pdfs/papers/10.1525--mp.2012.30.2.161/body.md,41,188a91d5bf9a487c2846afd211661fa9b802e3b0e55d524904235ec26aeb906c,"igned to test whether the MUSIC preference model would replicate in a large and representative sample of Internet users, as opposed to music fans. Evidence of replication would provide further support for the multidimensional MUSIC preference model. Furthermore, to obtain a broader and more complete assessment of the properties characterizing the MUSIC factors, S",Codex AI source review; not human adjudication
10.3389--fpsyg.2018.02476,type,accept_pair,sequential congruency,Both descriptions target the bilingual sequential-congruency contrast and agree on failure. Added neutral-baseline trials and language-group differences must be weighed under the method/context type rule.,/media/dan/data/metascience_observatory_pdfs/papers/10.3389--fpsyg.2018.02476/10.3389--fpsyg.2018.02476_from_xml.md,99,3bd707b02dd144355130346ff8ee234af6a2baf798cd6a534d0570423d4a7f60,"ly by measuring interference effects following congruent and incongruent trials relative to a post-neutral trial baseline. Consistent with conflict-adaptation models of the sequential congruency effect (e.g., Gratton et al., 1992; Botvinick et al., 2001; but see Compton et al., 2012), adaptation of conflict processing in the current trial ",Codex AI source review; not human adjudication
10.1525--collabra.216,type,accept_pair,leader,The matched descriptions target Study 1 (power to placement). Study 2 reverses the causal direction and is not interchangeable even though the original DOI is shared. A genuine type disagreement remains for Study 1.,/media/dan/data/metascience_observatory_pdfs/papers/10.1525--collabra.216/body.md,71,455e71fa9b4003518f8d3d7ec7e21593c2736a7b12c29e7a416d02c61e54d9a4,"gistered study successfully replicated the main findings of the original study. Participants placed the box of a leader in a more elevated position when this leader was described as powerful, compared to the condition where the leader was described as having less power. The effect was stronger in this study than in the original study.

The scatterplot of the relati",Codex AI source review; not human adjudication
10.1001--archneurol.2011.155,type,accept_pair,age at onset,"The age-at-onset comparison is recognizable and both coders call it failure. Risk, onset, expression and endophenotype analyses must not be merged merely because they cite the same TOMM40 original.",/media/dan/data/metascience_observatory_pdfs/papers/10.1001--archneurol.2011.155/10.1001--archneurol.2011.155_from_xml.md,88,c08169e8e79a6b5ed69c504132ee0b84999992d59d77ebff6303773e8a67f45a,"LOAD to investigate different potential effects of the TOMM40 polymorphisms. We failed to find a significant association between the polyT polymorphism (rs10524523) and age at onset despite the fact that our large series of 2784 individuals (1175 APOE33s) provides high statistical power. Indeed, we found that among APOE 33 and 34 individuals the longer alleles of the p",Codex AI source review; not human adjudication
10.1016--j.cognition.2019.104157,eligibility_boundary,review_required,,"Four experiments test a newly developed theory and linguistic tests. Luna lists five conceptual replications. A human must decide which prior published empirical findings, if any, are deliberately replicated rather than merely cited or used as theoretical background.",/media/dan/data/metascience_observatory_pdfs/papers/10.1016--j.cognition.2019.104157/body.md,161,e5c8edc1e7a996231e19a71d49676ce87f01dc4b702ba2283809b9ba3981f168,"articipants may have hesitated to mark anything as fully natural or unnatural.

Experiments 1-4 served to assess the four linguistic tests for principled connections (Section 1.2). The experiments provided converging evidence that, across the four linguistic tests, people distinguish experimental verbs (i.e., those that yield acce",Codex AI source review; not human adjudication
10.1073--pnas.2103313118,input_coverage,exclude_outcome,,"Paper reports 19 study results, while many original identities/details are in the SI and figure. The coding input has only main text/references and no local SI. The fresh one-entry summary is not exhaustive ground truth.",/media/dan/data/metascience_observatory_pdfs/papers/10.1073--pnas.2103313118/body.md,17,b2ab579ab575b7f43b6cf2faa74e9719c710b403a8b429802fdcbe816b69f47d,"e studies that are referenced directly in the text are cited in the main paper. The remaining studies are cited in SI Appendix as 1 through 13.) All included a conceptualization of scarcity as a factor in the study design, whether by asking people to consider a time they lacked resources, by restricting the supply of resources in the context of",Codex AI source review; not human adjudication
10.31234--osf.io--esu9z,input_document,exclude_outcome,,"The entire available body is a 362-character revision notice, not a paper. The extraction failure is an input-document problem; do not treat it as a negative replication paper or a model accuracy failure.",/media/dan/data/metascience_observatory_pdfs/papers/10.31234--osf.io--esu9z/body.md,3,63909c0ccf7f5ba21b7e8b9b4876a8957d130b05fca936f6b3bab814ed106356,"# Introduction

Due to a bug in the analysis code, this 
paper is being revised. A corrected 
version will be uploaded with revised 
Results and (if warranted) Discussion 
sections. The original submission (with 
errors) will remain available as a previous 
version.

#",Codex AI source review; not human adjudication
