row_id,action,field,value,evidence,date,by
flora_14,set,original_url,https://doi.org/10.1007/s10803-012-1719-1,"Paper: 'The current study provides the first replication of the ADOS domain calibrated severity scores (Hus et al., 2014).' The raw XML ref-list gives that entry DOI 10.1007/s10803-012-1719-1. FLoRa's Module 4 paper (10.1007/s10803-014-2080-3) is cited exactly once, in the Discussion, for a tangential DSM-5 severity-specifier point.",2026-09-02,claude_audit_2026_09_02
flora_14,set,original_doi_norm,10.1007/s10803-012-1719-1,"Paper: 'The current study provides the first replication of the ADOS domain calibrated severity scores (Hus et al., 2014).' The raw XML ref-list gives that entry DOI 10.1007/s10803-012-1719-1. FLoRa's Module 4 paper (10.1007/s10803-014-2080-3) is cited exactly once, in the Discussion, for a tangential DSM-5 severity-specifier point.",2026-09-02,claude_audit_2026_09_02
flora_14,set,original_title,Standardizing ADOS Domain Scores: Separating Severity of Social Affect and Restricted and Repetitive Behaviors,"Paper: 'The current study provides the first replication of the ADOS domain calibrated severity scores (Hus et al., 2014).' The raw XML ref-list gives that entry DOI 10.1007/s10803-012-1719-1. FLoRa's Module 4 paper (10.1007/s10803-014-2080-3) is cited exactly once, in the Discussion, for a tangential DSM-5 severity-specifier point.",2026-09-02,claude_audit_2026_09_02
flora_14,set,original_authors,Vanessa Hus; Katherine Gotham; Catherine Lord,"Paper: 'The current study provides the first replication of the ADOS domain calibrated severity scores (Hus et al., 2014).' The raw XML ref-list gives that entry DOI 10.1007/s10803-012-1719-1. FLoRa's Module 4 paper (10.1007/s10803-014-2080-3) is cited exactly once, in the Discussion, for a tangential DSM-5 severity-specifier point.",2026-09-02,claude_audit_2026_09_02
flora_14,set,original_journal,Journal of Autism and Developmental Disorders,"Paper: 'The current study provides the first replication of the ADOS domain calibrated severity scores (Hus et al., 2014).' The raw XML ref-list gives that entry DOI 10.1007/s10803-012-1719-1. FLoRa's Module 4 paper (10.1007/s10803-014-2080-3) is cited exactly once, in the Discussion, for a tangential DSM-5 severity-specifier point.",2026-09-02,claude_audit_2026_09_02
flora_14,set,original_year,2014,"Paper: 'The current study provides the first replication of the ADOS domain calibrated severity scores (Hus et al., 2014).' The raw XML ref-list gives that entry DOI 10.1007/s10803-012-1719-1. FLoRa's Module 4 paper (10.1007/s10803-014-2080-3) is cited exactly once, in the Discussion, for a tangential DSM-5 severity-specifier point.",2026-09-02,claude_audit_2026_09_02
flora_14,set,original_volume,44,"Paper: 'The current study provides the first replication of the ADOS domain calibrated severity scores (Hus et al., 2014).' The raw XML ref-list gives that entry DOI 10.1007/s10803-012-1719-1. FLoRa's Module 4 paper (10.1007/s10803-014-2080-3) is cited exactly once, in the Discussion, for a tangential DSM-5 severity-specifier point.",2026-09-02,claude_audit_2026_09_02
flora_14,set,original_issue,10,"Paper: 'The current study provides the first replication of the ADOS domain calibrated severity scores (Hus et al., 2014).' The raw XML ref-list gives that entry DOI 10.1007/s10803-012-1719-1. FLoRa's Module 4 paper (10.1007/s10803-014-2080-3) is cited exactly once, in the Discussion, for a tangential DSM-5 severity-specifier point.",2026-09-02,claude_audit_2026_09_02
flora_14,set,original_pages,2400-2412,"Paper: 'The current study provides the first replication of the ADOS domain calibrated severity scores (Hus et al., 2014).' The raw XML ref-list gives that entry DOI 10.1007/s10803-012-1719-1. FLoRa's Module 4 paper (10.1007/s10803-014-2080-3) is cited exactly once, in the Discussion, for a tangential DSM-5 severity-specifier point.",2026-09-02,claude_audit_2026_09_02
flora_15,set,original_url,https://doi.org/10.1001/jamapsychiatry.2018.2467,"The paper is an explicit self-replication of Wolfers et al. (2018), named in the abstract, introduction, every figure caption and the Discussion, with the DOI verbatim in the XML. FLoRa's original (10.1093/schbul/sby016.348) is an unrelated Schizophrenia Bulletin conference abstract by a different group.",2026-09-02,claude_audit_2026_09_02
flora_15,set,original_doi_norm,10.1001/jamapsychiatry.2018.2467,"The paper is an explicit self-replication of Wolfers et al. (2018), named in the abstract, introduction, every figure caption and the Discussion, with the DOI verbatim in the XML. FLoRa's original (10.1093/schbul/sby016.348) is an unrelated Schizophrenia Bulletin conference abstract by a different group.",2026-09-02,claude_audit_2026_09_02
flora_15,set,original_title,Mapping the Heterogeneous Phenotype of Schizophrenia and Bipolar Disorder Using Normative Models,"The paper is an explicit self-replication of Wolfers et al. (2018), named in the abstract, introduction, every figure caption and the Discussion, with the DOI verbatim in the XML. FLoRa's original (10.1093/schbul/sby016.348) is an unrelated Schizophrenia Bulletin conference abstract by a different group.",2026-09-02,claude_audit_2026_09_02
flora_15,set,original_authors,Thomas Wolfers; Nhat Trung Doan; Tobias Kaufmann; Dag Alnaes; Torgeir Moberget; Ingrid Agartz; Jan K. Buitelaar; Torill Ueland; Ingrid Melle; Barbara Franke; Ole A. Andreassen; Christian F. Beckmann; Lars T. Westlye; Andre F. Marquand,"The paper is an explicit self-replication of Wolfers et al. (2018), named in the abstract, introduction, every figure caption and the Discussion, with the DOI verbatim in the XML. FLoRa's original (10.1093/schbul/sby016.348) is an unrelated Schizophrenia Bulletin conference abstract by a different group.",2026-09-02,claude_audit_2026_09_02
flora_15,set,original_journal,JAMA Psychiatry,"The paper is an explicit self-replication of Wolfers et al. (2018), named in the abstract, introduction, every figure caption and the Discussion, with the DOI verbatim in the XML. FLoRa's original (10.1093/schbul/sby016.348) is an unrelated Schizophrenia Bulletin conference abstract by a different group.",2026-09-02,claude_audit_2026_09_02
flora_15,set,original_year,2018,"The paper is an explicit self-replication of Wolfers et al. (2018), named in the abstract, introduction, every figure caption and the Discussion, with the DOI verbatim in the XML. FLoRa's original (10.1093/schbul/sby016.348) is an unrelated Schizophrenia Bulletin conference abstract by a different group.",2026-09-02,claude_audit_2026_09_02
flora_15,set,original_volume,75,"The paper is an explicit self-replication of Wolfers et al. (2018), named in the abstract, introduction, every figure caption and the Discussion, with the DOI verbatim in the XML. FLoRa's original (10.1093/schbul/sby016.348) is an unrelated Schizophrenia Bulletin conference abstract by a different group.",2026-09-02,claude_audit_2026_09_02
flora_15,set,original_issue,11,"The paper is an explicit self-replication of Wolfers et al. (2018), named in the abstract, introduction, every figure caption and the Discussion, with the DOI verbatim in the XML. FLoRa's original (10.1093/schbul/sby016.348) is an unrelated Schizophrenia Bulletin conference abstract by a different group.",2026-09-02,claude_audit_2026_09_02
flora_15,set,original_pages,1146-1155,"The paper is an explicit self-replication of Wolfers et al. (2018), named in the abstract, introduction, every figure caption and the Discussion, with the DOI verbatim in the XML. FLoRa's original (10.1093/schbul/sby016.348) is an unrelated Schizophrenia Bulletin conference abstract by a different group.",2026-09-02,claude_audit_2026_09_02
flora_123,set,original_url,https://doi.org/10.1007/s11187-010-9264-9,"Paper abstract: 'Sciascia et al. (2012) advance a curvilinear relationship between family ownership and internationalization'; the inverted-U hypothesis is the stated replication target throughout. FLoRa's original (10.1111/j.1540-627x.2012.00373.x) is a different paper by overlapping authors, cited once as background.",2026-09-02,claude_audit_2026_09_02
flora_123,set,original_doi_norm,10.1007/s11187-010-9264-9,"Paper abstract: 'Sciascia et al. (2012) advance a curvilinear relationship between family ownership and internationalization'; the inverted-U hypothesis is the stated replication target throughout. FLoRa's original (10.1111/j.1540-627x.2012.00373.x) is a different paper by overlapping authors, cited once as background.",2026-09-02,claude_audit_2026_09_02
flora_123,set,original_title,The role of family ownership in international entrepreneurship: exploring nonlinear effects,"Paper abstract: 'Sciascia et al. (2012) advance a curvilinear relationship between family ownership and internationalization'; the inverted-U hypothesis is the stated replication target throughout. FLoRa's original (10.1111/j.1540-627x.2012.00373.x) is a different paper by overlapping authors, cited once as background.",2026-09-02,claude_audit_2026_09_02
flora_123,set,original_authors,Salvatore Sciascia; Pietro Mazzola; Joseph H. Astrachan; Torsten M. Pieper,"Paper abstract: 'Sciascia et al. (2012) advance a curvilinear relationship between family ownership and internationalization'; the inverted-U hypothesis is the stated replication target throughout. FLoRa's original (10.1111/j.1540-627x.2012.00373.x) is a different paper by overlapping authors, cited once as background.",2026-09-02,claude_audit_2026_09_02
flora_123,set,original_journal,Small Business Economics,"Paper abstract: 'Sciascia et al. (2012) advance a curvilinear relationship between family ownership and internationalization'; the inverted-U hypothesis is the stated replication target throughout. FLoRa's original (10.1111/j.1540-627x.2012.00373.x) is a different paper by overlapping authors, cited once as background.",2026-09-02,claude_audit_2026_09_02
flora_123,set,original_year,2012,"Paper abstract: 'Sciascia et al. (2012) advance a curvilinear relationship between family ownership and internationalization'; the inverted-U hypothesis is the stated replication target throughout. FLoRa's original (10.1111/j.1540-627x.2012.00373.x) is a different paper by overlapping authors, cited once as background.",2026-09-02,claude_audit_2026_09_02
flora_123,set,original_volume,38,"Paper abstract: 'Sciascia et al. (2012) advance a curvilinear relationship between family ownership and internationalization'; the inverted-U hypothesis is the stated replication target throughout. FLoRa's original (10.1111/j.1540-627x.2012.00373.x) is a different paper by overlapping authors, cited once as background.",2026-09-02,claude_audit_2026_09_02
flora_123,set,original_issue,1,"Paper abstract: 'Sciascia et al. (2012) advance a curvilinear relationship between family ownership and internationalization'; the inverted-U hypothesis is the stated replication target throughout. FLoRa's original (10.1111/j.1540-627x.2012.00373.x) is a different paper by overlapping authors, cited once as background.",2026-09-02,claude_audit_2026_09_02
flora_123,set,original_pages,15-31,"Paper abstract: 'Sciascia et al. (2012) advance a curvilinear relationship between family ownership and internationalization'; the inverted-U hypothesis is the stated replication target throughout. FLoRa's original (10.1111/j.1540-627x.2012.00373.x) is a different paper by overlapping authors, cited once as background.",2026-09-02,claude_audit_2026_09_02
flora_500,set,original_url,https://doi.org/10.1093/sf/soy014,"The paper (a SCORE/DARPA registered replication) names exactly one original, Fitzgerald, Schor & Jorgenson (2018), and replicates its Model 1 (scale effect, the pre-registered focal analysis) and Model 2. FLoRa's original ('State Level Carbon Dioxide Emissions of India: 1980-2000') is an unrelated paper.",2026-09-02,claude_audit_2026_09_02
flora_500,set,original_doi_norm,10.1093/sf/soy014,"The paper (a SCORE/DARPA registered replication) names exactly one original, Fitzgerald, Schor & Jorgenson (2018), and replicates its Model 1 (scale effect, the pre-registered focal analysis) and Model 2. FLoRa's original ('State Level Carbon Dioxide Emissions of India: 1980-2000') is an unrelated paper.",2026-09-02,claude_audit_2026_09_02
flora_500,set,original_title,"Working Hours and Carbon Dioxide Emissions in the United States, 2007-2013","The paper (a SCORE/DARPA registered replication) names exactly one original, Fitzgerald, Schor & Jorgenson (2018), and replicates its Model 1 (scale effect, the pre-registered focal analysis) and Model 2. FLoRa's original ('State Level Carbon Dioxide Emissions of India: 1980-2000') is an unrelated paper.",2026-09-02,claude_audit_2026_09_02
flora_500,set,original_authors,Jared B. Fitzgerald; Juliet B. Schor; Andrew K. Jorgenson,"The paper (a SCORE/DARPA registered replication) names exactly one original, Fitzgerald, Schor & Jorgenson (2018), and replicates its Model 1 (scale effect, the pre-registered focal analysis) and Model 2. FLoRa's original ('State Level Carbon Dioxide Emissions of India: 1980-2000') is an unrelated paper.",2026-09-02,claude_audit_2026_09_02
flora_500,set,original_journal,Social Forces,"The paper (a SCORE/DARPA registered replication) names exactly one original, Fitzgerald, Schor & Jorgenson (2018), and replicates its Model 1 (scale effect, the pre-registered focal analysis) and Model 2. FLoRa's original ('State Level Carbon Dioxide Emissions of India: 1980-2000') is an unrelated paper.",2026-09-02,claude_audit_2026_09_02
flora_500,set,original_year,2018,"The paper (a SCORE/DARPA registered replication) names exactly one original, Fitzgerald, Schor & Jorgenson (2018), and replicates its Model 1 (scale effect, the pre-registered focal analysis) and Model 2. FLoRa's original ('State Level Carbon Dioxide Emissions of India: 1980-2000') is an unrelated paper.",2026-09-02,claude_audit_2026_09_02
flora_500,set,original_volume,96,"The paper (a SCORE/DARPA registered replication) names exactly one original, Fitzgerald, Schor & Jorgenson (2018), and replicates its Model 1 (scale effect, the pre-registered focal analysis) and Model 2. FLoRa's original ('State Level Carbon Dioxide Emissions of India: 1980-2000') is an unrelated paper.",2026-09-02,claude_audit_2026_09_02
flora_500,set,original_issue,4,"The paper (a SCORE/DARPA registered replication) names exactly one original, Fitzgerald, Schor & Jorgenson (2018), and replicates its Model 1 (scale effect, the pre-registered focal analysis) and Model 2. FLoRa's original ('State Level Carbon Dioxide Emissions of India: 1980-2000') is an unrelated paper.",2026-09-02,claude_audit_2026_09_02
flora_500,set,original_pages,1851-1874,"The paper (a SCORE/DARPA registered replication) names exactly one original, Fitzgerald, Schor & Jorgenson (2018), and replicates its Model 1 (scale effect, the pre-registered focal analysis) and Model 2. FLoRa's original ('State Level Carbon Dioxide Emissions of India: 1980-2000') is an unrelated paper.",2026-09-02,claude_audit_2026_09_02
flora_60,drop,,,"Duplicate FLoRa row for replication DOI 10.1111/j.1540-4781.2011.01174.x. The paper is titled 'A Replication of Phillips's MLJ Study' and names Phillips (1992) as its only target, which is what the other FLoRa row (flora_371) already records. This row's original, Horwitz et al. (1986), is the FLCAS anxiety-scale instrument, cited as background, not the replicated study.",2026-09-02,claude_audit_2026_09_02
flora_236,flag,gt_ambiguity,boundary,"Boundary: the authors write 'we found similar effects' and 'demonstrate the effectiveness', which the codebook maps to success, while FLoRa records inconclusive. Both defensible; excluded from the clear slice, still scored strictly.",2026-09-02,claude_audit_2026_09_02
flora_264,flag,gt_ambiguity,boundary,"Boundary: the authors say both 'we were unable to replicate the robust findings' and 'results were mixed' / 'benefit some, but not all'. failure vs inconclusive is a genuine coin-flip under the two conventions.",2026-09-02,claude_audit_2026_09_02
flora_471,flag,gt_ambiguity,boundary,Boundary: the replication team rates '13 of 17 findings replicated' and frames it as mostly but not fully consistent. FLoRa records success; the codebook's 'partial support = inconclusive' gives inconclusive.,2026-09-02,claude_audit_2026_09_02
flora_103,flag,gt_ambiguity,boundary,Boundary: significant in the same direction but the authors flag a confound (F. nucleatum not detected in a large share of samples). FLoRa records failure; the codebook gives inconclusive.,2026-09-02,claude_audit_2026_09_02
