original_url,replication_url,description,result,original_authors,original_title,original_journal,original_volume,original_issue,original_pages,original_year,replication_authors,replication_title,replication_journal,replication_volume,replication_issue,replication_pages,replication_year,original_n,original_es,original_es_type,original_es_95_CI,original_p_value,original_p_value_type,original_p_value_tails,replication_n,replication_es,replication_es_type,original_es_r,replication_es_r,replication_es_95_CI,replication_p_value,replication_p_value_type,replication_p_value_tails,discipline,project_tag,tags,validated,validated_person,openalex_field,openalex_subfield,replication_citation_html,original_citation_html,computed_outcome_looking_for_statistical_significance_in_same_direction,row_id,provenance,result_feb06,needs_adjudication,fix_note
http://doi.org/10.1037/mot0000097,http://doi.org/10.1002/ejsp.2748,We investigated the hypothesis that group members would reject outgroup criticism (as compared to the same criticism from the ingroup) using costly punishment,success,J. Lukas Thürmer; Sean M. McCrea,Beyond motivated reasoning: Hostile reactions to critical comments from the outgroup.,Motivation Science,4.0,4,333,2018.0,J. Lukas Thürmer; Sean M. Mccrea,Disentangling the intergroup sensitivity effect: Defending the ingroup or enforcing general norms?,European Journal of Social Psychology,51.0,7,1061,2021.0,135.0,,d,,,,,740.0,,r,0.1747682,0.117,,,,,,,"intergroup sensitivity effect, intergroup criticism, behavior, costly punishment,",yes,forrt.org team: LK,Social Sciences,Education,"<a href=""https://doi.org/10.1002/ejsp.2748"" target=""_blank"" style=""text-decoration:none; color:inherit;"">Thürmer J. <i>et al.</i> <i>European Journal of Social Psychology</i> 2021</a>","<a href=""https://doi.org/10.1037/mot0000097"" target=""_blank"" style=""text-decoration:none; color:inherit;"">Thürmer J. <i>et al.</i> <i>Motivation Science</i> 2018</a>",success,mainf_ba5c51248e,human:forrt_lk,success,,
http://doi.org/10.1177/0956797610384746,http://doi.org/10.1007/s00426-019-01203-4,"Freezing is an adaptive defensive response to a stressful event. It is characterized by reduced body motion, reduced heart rate (bradycardia), and increased muscle tonus. Social threats in the context of these studies are stimuli of angry faces. ",success,Karin Roelofs; Muriel A. Hagenaars; John Stins,Facing Freeze,Psychological Science,21.0,11,1575,2010.0,Marret K. Noordewier; Daan Scheepers; Leon P. Hilbert,Freezing in response to social threat: a replication,Psychological Research,84.0,7,1890,2019.0,47.0,,etasq,,,,,54.0,,etasq,0.3162278,0.2828427,,,,,marketing,,Freezing response to social threat,yes,forrt.org team: LK,Psychology,Applied Psychology,"<a href=""https://doi.org/10.1007/s00426-019-01203-4"" target=""_blank"" style=""text-decoration:none; color:inherit;"">Noordewier M. <i>et al.</i> <i>Psychological Research</i> 2019</a>","<a href=""https://doi.org/10.1177/0956797610384746"" target=""_blank"" style=""text-decoration:none; color:inherit;"">Roelofs K. <i>et al.</i> <i>Psychological Science</i> 2010</a>",success,mainf_72d9b0d269,human:forrt_lk,success,,
http://doi.org/10.1080/13506280544000110,http://doi.org/10.1016/j.actpsy.2020.103138,The magnitude of the age of acquisition effect I(i.e. early-acquired words are named more quickly than later-acquired words) in lexical retrieval is larger in picture naming than visual word naming.,success,Matthew A. Lambon Ralph; Sheeba Ehsan,Age of acquisition effects depend on the mapping between representations and the frequency of occurrence: Empirical and computational evidence,Visual Cognition,13.0,7-8,928,2006.0,Jonathan Catling; Mahmoud Medhat Elsherif,The hunt for the age of acquisition effect: It's in the links!,Acta Psychologica,209.0,,103138,2020.0,44.0,,etasq,,,,,96.0,,d,0.8944,-0.3219,,,,,developmental psychology,,"Age of acquisition, Picture naming, word naming, Direct replication, lexical retrieval,Age acquisition effect",yes,forrt.org team: LK,Psychology,Developmental and Educational Psychology,"<a href=""https://doi.org/10.1016/j.actpsy.2020.103138"" target=""_blank"" style=""text-decoration:none; color:inherit;"">Catling J. <i>et al.</i> <i>Acta Psychologica</i> 2020</a>","<a href=""https://doi.org/10.1080/13506280544000110"" target=""_blank"" style=""text-decoration:none; color:inherit;"">Ralph M. <i>et al.</i> <i>Visual Cognition</i> 2006</a>",reversal,mainf_66fa4788f8,human:forrt_lk,,,"same (original, replication) pair appears on several rows: multi-effect, not a duplicate"
http://doi.org/10.1086/691462,http://doi.org/10.1016/j.actpsy.2022.103717,"The mere presence of one's own smartphone may occupy limited-capacity cognitive resources, thereby leaving fewer resources available for other tasks and undercutting cognitive performance.",failure,Adrian F. Ward; Kristen Duke; Ayelet Gneezy; Maarten W. Bos,Brain Drain: The Mere Presence of One’s Own Smartphone Reduces Available Cognitive Capacity,Journal of the Association for Consumer Research,2.0,2,140,2017.0,Ana C. Ruiz Pardo; John Paul Minda,Reexamining the “brain drain” effect: A replication of Ward et al. (2017),Acta Psychologica,230.0,,103717,2022.0,275.0,,etasq,,,,,383.0,,etasq,0.1612452,0.03162278,,,,,marketing,,,yes,forrt.org team: LK,Psychology,Applied Psychology,"<a href=""https://doi.org/10.1016/j.actpsy.2022.103717"" target=""_blank"" style=""text-decoration:none; color:inherit;"">Pardo A. <i>et al.</i> <i>Acta Psychologica</i> 2022</a>","<a href=""https://doi.org/10.1086/691462"" target=""_blank"" style=""text-decoration:none; color:inherit;"">Ward A. <i>et al.</i> <i>Journal of the Association for Consumer Research</i> 2017</a>",failure,mainf_a2b6f468cd,human:forrt_lk,inconclusive,yes,
http://doi.org/10.1111/j.1467-8624.2007.00995.x,http://doi.org/10.1016/j.intell.2020.101471,Growth mindset is associated with the change of grades in a challenging educational transition.,failure,Lisa S. Blackwell; Kali H. Trzesniewski; Carol Sorich Dweck,Implicit Theories of Intelligence Predict Achievement Across an Adolescent Transition: A Longitudinal Study and an Intervention,Child Development,78.0,1,246,2007.0,Yue Li; Timothy C. Bates,Testing the association of growth mindset and grades across a challenging transition: Is growth mindset associated with grades?,Intelligence,81.0,,101471,2020.0,373.0,,,,,,,586.0,,,0.17,-0.05,,,,,social psychology,,"Intelligence-mindset, Educational attainment, Growth mindset, Challenging transitions,growth mindset",yes,forrt.org team: LK,Psychology,Experimental and Cognitive Psychology,"<a href=""https://doi.org/10.1016/j.intell.2020.101471"" target=""_blank"" style=""text-decoration:none; color:inherit;"">Li Y. <i>et al.</i> <i>Intelligence</i> 2020</a>","<a href=""https://doi.org/10.1111/j.1467-8624.2007.00995.x"" target=""_blank"" style=""text-decoration:none; color:inherit;"">Blackwell L. <i>et al.</i> <i>Child Development</i> 2007</a>",failure,mainf_3688a0dc7a,human:forrt_lk,inconclusive,yes,
http://doi.org/10.1016/j.cognition.2014.08.006,http://doi.org/10.1016/j.jesp.2023.104549,Priming analytic thinking using the scrambled sentence task reduces belief in conspiracy theories,failure,Viren Swami; Martin Voracek; Stefan Stieger; Ulrich S. Tran; Adrian Furnham,Analytic thinking reduces belief in conspiracy theories,Cognition,133.0,3,572,2014.0,Bojana Većkalov; Vukašin Gligorić; Marija Petrović,No evidence that priming analytic thinking reduces belief in conspiracy theories: A Registered Report of high-powered direct replications of Study 2 and Study 4 from,Journal of Experimental Social Psychology,110.0,,104549,2023.0,112.0,,d,,,,,302.0,,d,0.22414769,0.05989229,,,,,cognitive psychology,,"analytic thinking, priming, conspiracy theory,Analytic priming",yes,forrt.org team: LK,Social Sciences,Sociology and Political Science,"<a href=""https://doi.org/10.1016/j.jesp.2023.104549"" target=""_blank"" style=""text-decoration:none; color:inherit;"">Većkalov B. <i>et al.</i> <i>Journal of Experimental Social Psychology</i> 2023</a>","<a href=""https://doi.org/10.1016/j.cognition.2014.08.006"" target=""_blank"" style=""text-decoration:none; color:inherit;"">Swami V. <i>et al.</i> <i>Cognition</i> 2014</a>",failure,mainf_72fbf7d05c,human:forrt_lk,,,"same (original, replication) pair appears on several rows: multi-effect, not a duplicate"
http://doi.org/10.1016/j.cognition.2014.08.006,http://doi.org/10.1016/j.jesp.2023.104549,Priming analytic thinking using the scrambled sentences paradigm reduces belief in conspiriacy theories,failure,Viren Swami; Martin Voracek; Stefan Stieger; Ulrich S. Tran; Adrian Furnham,Analytic thinking reduces belief in conspiracy theories,Cognition,133.0,3,572,2014.0,Bojana Većkalov; Vukašin Gligorić; Marija Petrović,No evidence that priming analytic thinking reduces belief in conspiracy theories: A Registered Report of high-powered direct replications of Study 2 and Study 4 from,Journal of Experimental Social Psychology,110.0,,104549,2023.0,140.0,,d,,,,,488.0,,d,0.20551723,0.02998651,,,,,cognitive psychology,,"analytic thinking, priming, conspiriacy theory,Analytic priming",yes,forrt.org team: LK,Social Sciences,Sociology and Political Science,"<a href=""https://doi.org/10.1016/j.jesp.2023.104549"" target=""_blank"" style=""text-decoration:none; color:inherit;"">Većkalov B. <i>et al.</i> <i>Journal of Experimental Social Psychology</i> 2023</a>","<a href=""https://doi.org/10.1016/j.cognition.2014.08.006"" target=""_blank"" style=""text-decoration:none; color:inherit;"">Swami V. <i>et al.</i> <i>Cognition</i> 2014</a>",failure,mainf_f61e10fa5c,human:forrt_lk,,,"same (original, replication) pair appears on several rows: multi-effect, not a duplicate"
http://doi.org/10.1038/s41598-017-10669-4,http://doi.org/10.1098/rsos.210641,behavioral age group differences in compassion in adulthood,success,Andrea M. F. Reiter; Philipp Kanske; Ben Eppinger; Shu-Chen Li,The Aging of the Social Mind - Differential Effects on Components of Social Understanding,Scientific Reports,7.0,1,11046,2017.0,Julia Stietz; Lena Pollerhoff; Marcel Kurtz; Shu Li; Andrea M.F. Reiter; Philipp Kanske,The ageing of the social mind: replicating the preservation of socio-affective and the decline of socio-cognitive processes in old age,Royal Society Open Science,8.0,8,210641,2021.0,107.0,,d,,,,,85.0,,d,0.44362515,-0.6125717,,,,,,,,yes,forrt.org team: CD,Psychology,Neuropsychology and Physiological Psychology,"<a href=""https://doi.org/10.1098/rsos.210641"" target=""_blank"" style=""text-decoration:none; color:inherit;"">Stietz J. <i>et al.</i> <i>Royal Society Open Science</i> 2021</a>","<a href=""https://doi.org/10.1038/s41598-017-10669-4"" target=""_blank"" style=""text-decoration:none; color:inherit;"">Reiter A. <i>et al.</i> <i>Scientific Reports</i> 2017</a>",reversal,mainf_f69e708375,human:forrt_cd,,,"same (original, replication) pair appears on several rows: multi-effect, not a duplicate"
http://doi.org/10.1038/s41598-017-10669-4,http://doi.org/10.1098/rsos.210641,behavioral age group differences in empathy in adulthood,success,Andrea M. F. Reiter; Philipp Kanske; Ben Eppinger; Shu-Chen Li,The Aging of the Social Mind - Differential Effects on Components of Social Understanding,Scientific Reports,7.0,1,11046,2017.0,Julia Stietz; Lena Pollerhoff; Marcel Kurtz; Shu Li; Andrea M.F. Reiter; Philipp Kanske,The ageing of the social mind: replicating the preservation of socio-affective and the decline of socio-cognitive processes in old age,Royal Society Open Science,8.0,8,210641,2021.0,107.0,,etasq,,,,,83.0,,etasq,0.14142136,0.16124515,,,,,,,,yes,forrt.org team: CD,Psychology,Neuropsychology and Physiological Psychology,"<a href=""https://doi.org/10.1098/rsos.210641"" target=""_blank"" style=""text-decoration:none; color:inherit;"">Stietz J. <i>et al.</i> <i>Royal Society Open Science</i> 2021</a>","<a href=""https://doi.org/10.1038/s41598-017-10669-4"" target=""_blank"" style=""text-decoration:none; color:inherit;"">Reiter A. <i>et al.</i> <i>Scientific Reports</i> 2017</a>",inconclusive,mainf_d05d14818f,human:forrt_cd,,,"same (original, replication) pair appears on several rows: multi-effect, not a duplicate"
http://doi.org/10.1038/s41598-017-10669-4,http://doi.org/10.1098/rsos.210641,behavioral age group differences in Theory of Mind (ToM) in adulthood,success,Andrea M. F. Reiter; Philipp Kanske; Ben Eppinger; Shu-Chen Li,The Aging of the Social Mind - Differential Effects on Components of Social Understanding,Scientific Reports,7.0,1,11046,2017.0,Julia Stietz; Lena Pollerhoff; Marcel Kurtz; Shu Li; Andrea M.F. Reiter; Philipp Kanske,The ageing of the social mind: replicating the preservation of socio-affective and the decline of socio-cognitive processes in old age,Royal Society Open Science,8.0,8,210641,2021.0,107.0,,etasq,,,,,86.0,,etasq,0.74161985,0.7496666,,,,,,,,yes,forrt.org team: CD,Psychology,Neuropsychology and Physiological Psychology,"<a href=""https://doi.org/10.1098/rsos.210641"" target=""_blank"" style=""text-decoration:none; color:inherit;"">Stietz J. <i>et al.</i> <i>Royal Society Open Science</i> 2021</a>","<a href=""https://doi.org/10.1038/s41598-017-10669-4"" target=""_blank"" style=""text-decoration:none; color:inherit;"">Reiter A. <i>et al.</i> <i>Scientific Reports</i> 2017</a>",success,mainf_52894d82df,human:forrt_cd,,,"same (original, replication) pair appears on several rows: multi-effect, not a duplicate"
http://doi.org/10.1016/j.cognition.2014.09.006,http://doi.org/10.1177/01461672211052120,Higher blood alcohol concentration increases utilitarian responses and acceptance of pro-sacrificial harm in moral dilemmas,failure,Aaron A. Duke; Laurent Bègue,The drunk utilitarian: Blood alcohol concentration predicts utilitarian responses in moral dilemmas,Cognition,134.0,,121,2014.0,Mariola Paruzel‐Czachura; Katarzyna Pypno‐Blajda; Jim A. C. Everett; Michał Białek; Bertram Gawronski,The Drunk Utilitarian Revisited: Does Alcohol Really Increase Utilitarianism in Moral Judgment?,Personality and Social Psychology Bulletin,49.0,1,20,2021.0,60.0,,r,,,,,329.0,,etasq,0.29,0.130384,,,,,experimental philosophy,,"utilitarianism, alcohol, CNI Model, trolley dilemma, moral judgmenet,drunk utilitarian",yes,forrt.org team: LK,Neuroscience,Cognitive Neuroscience,"<a href=""https://doi.org/10.1177/01461672211052120"" target=""_blank"" style=""text-decoration:none; color:inherit;"">Paruzel‐Czachura M. <i>et al.</i> <i>Personality and Social Psychology Bulletin</i> 2021</a>","<a href=""https://doi.org/10.1016/j.cognition.2014.09.006"" target=""_blank"" style=""text-decoration:none; color:inherit;"">Duke A. <i>et al.</i> <i>Cognition</i> 2014</a>",success,mainf_cf2790f362,human:forrt_lk,success,yes,
http://doi.org/10.1111/j.1467-9280.2007.01944.x,http://doi.org/10.1177/0956797617747090,Implicit Theory of Mind can be measured through anticipatory looking patterns measured through eye-tracking.,success,V. Southgate; A. Senju; G. Csibra,Action Anticipation Through Attribution of False Belief by 2-Year-Olds,Psychological Science,18.0,7,587,2007.0,Louisa Kulke; Britta von Duhn; Dana Schneider; Hannes Rakoczy,Is Implicit Theory of Mind a Real and Robust Phenomenon? Results From a Systematic Replication Study,Psychological Science,29.0,6,888,2018.0,20.0,,etasq,,,,,52.0,,d,0.469,0.124,,,,,social psychology,,"Theory of Mind, implicit Theory of Mind, eye-tracking,Theory of Mind",yes,forrt.org team: LK,Psychology,Developmental and Educational Psychology,"<a href=""https://doi.org/10.1177/0956797617747090"" target=""_blank"" style=""text-decoration:none; color:inherit;"">Kulke L. <i>et al.</i> <i>Psychological Science</i> 2018</a>","<a href=""https://doi.org/10.1111/j.1467-9280.2007.01944.x"" target=""_blank"" style=""text-decoration:none; color:inherit;"">Southgate V. <i>et al.</i> <i>Psychological Science</i> 2007</a>",failure,mainf_5711a463c7,human:forrt_lk,success,,
http://doi.org/10.1177/0146167216684132,http://doi.org/10.1525/collabra.185,Participants reported higher need satisfaction in experiences of pursuing hopes than in experiences of pursuing duties (need for autonomy),success,Leigh Ann Vaughn,Foundational Tests of the Need-Support Model,Personality and Social Psychology Bulletin,43.0,3,313,2017.0,Leigh Ann Vaughn,Distinguishing Between Need Support and Regulatory Focus with LIWC,Collabra: Psychology,5.0,1,,2019.0,601.0,,d,,,,,446.0,,d,0.38723248,0.34204484,,,,,,,"Regulatory focus theory, Self-determination theory, Need satisfaction, Need support, Goals and motivation",yes,forrt.org team: LK,Psychology,Social Psychology,"<a href=""https://doi.org/10.1525/collabra.185"" target=""_blank"" style=""text-decoration:none; color:inherit;"">Vaughn L. <i>et al.</i> <i>Collabra: Psychology</i> 2019</a>","<a href=""https://doi.org/10.1177/0146167216684132"" target=""_blank"" style=""text-decoration:none; color:inherit;"">Vaughn L. <i>et al.</i> <i>Personality and Social Psychology Bulletin</i> 2017</a>",success,mainf_01059a4ba3,human:forrt_lk,,,"same (original, replication) pair appears on several rows: multi-effect, not a duplicate"
http://doi.org/10.1177/0146167216684132,http://doi.org/10.1525/collabra.185,Participants reported higher need satisfaction in experiences of pursuing hopes than in experiences of pursuing duties (need for competence),success,Leigh Ann Vaughn,Foundational Tests of the Need-Support Model,Personality and Social Psychology Bulletin,43.0,3,313,2017.0,Leigh Ann Vaughn,Distinguishing Between Need Support and Regulatory Focus with LIWC,Collabra: Psychology,5.0,1,,2019.0,601.0,,d,,,,,446.0,,d,0.17238033,0.17953468,,,,,,,"Regulatory focus theory, Self-determination theory, Need satisfaction, Need support, Goals and motivation",yes,forrt.org team: LK,Psychology,Social Psychology,"<a href=""https://doi.org/10.1525/collabra.185"" target=""_blank"" style=""text-decoration:none; color:inherit;"">Vaughn L. <i>et al.</i> <i>Collabra: Psychology</i> 2019</a>","<a href=""https://doi.org/10.1177/0146167216684132"" target=""_blank"" style=""text-decoration:none; color:inherit;"">Vaughn L. <i>et al.</i> <i>Personality and Social Psychology Bulletin</i> 2017</a>",success,mainf_ed873efa07,human:forrt_lk,,,"same (original, replication) pair appears on several rows: multi-effect, not a duplicate"
http://doi.org/10.1177/0146167216684132,http://doi.org/10.1525/collabra.185,Participants reported higher need satisfaction in experiences of pursuing hopes than in experiences of pursuing duties (need for relatedness),success,Leigh Ann Vaughn,Foundational Tests of the Need-Support Model,Personality and Social Psychology Bulletin,43.0,3,313,2017.0,Leigh Ann Vaughn,Distinguishing Between Need Support and Regulatory Focus with LIWC,Collabra: Psychology,5.0,1,,2019.0,601.0,,d,,,,,446.0,,d,0.21486178,0.20035349,,,,,,,"Regulatory focus theory, Self-determination theory, Need satisfaction, Need support, Goals and motivation",yes,forrt.org team: LK,Psychology,Social Psychology,"<a href=""https://doi.org/10.1525/collabra.185"" target=""_blank"" style=""text-decoration:none; color:inherit;"">Vaughn L. <i>et al.</i> <i>Collabra: Psychology</i> 2019</a>","<a href=""https://doi.org/10.1177/0146167216684132"" target=""_blank"" style=""text-decoration:none; color:inherit;"">Vaughn L. <i>et al.</i> <i>Personality and Social Psychology Bulletin</i> 2017</a>",success,mainf_2a8e6fa66b,human:forrt_lk,,,"same (original, replication) pair appears on several rows: multi-effect, not a duplicate"
http://doi.org/10.1016/j.jesp.2009.06.003,http://doi.org/10.1525/collabra.277,"Reading the word ""red"" before an achievement test reduces test performance as compared to reading the word of a control color",failure,Stephanie Lichtenfeld; Markus A. Maier; Andrew J. Elliot; Reinhard Pekrun,The semantic red effect: Processing the word red undermines intellectual performance,Journal of Experimental Social Psychology,45.0,6,1273,2009.0,Timo Gnambs; Carrie Kovacs; Barbara Stiglbauer,Processing the Word <i>Red</i> and Intellectual Performance: Four Replication Attempts,Collabra: Psychology,6.0,1,,2020.0,44.0,,d,,,,,104.0,,d,0.34287419,0.11424702,,,,,social psychology,,"color red, cognitive performance, intelligence, reasoning,color priming",yes,forrt.org team: LK,Psychology,Social Psychology,"<a href=""https://doi.org/10.1525/collabra.277"" target=""_blank"" style=""text-decoration:none; color:inherit;"">Gnambs T. <i>et al.</i> <i>Collabra: Psychology</i> 2020</a>","<a href=""https://doi.org/10.1016/j.jesp.2009.06.003"" target=""_blank"" style=""text-decoration:none; color:inherit;"">Lichtenfeld S. <i>et al.</i> <i>Journal of Experimental Social Psychology</i> 2009</a>",failure,mainf_20277dcfde,human:forrt_lk,success,yes,
http://doi.org/10.1073/pnas.1511269112,http://doi.org/10.31234/osf.io/drfht,Placebo empathy analgesia,inconclusive,Markus Rütgen; Eva-Maria Seidel; Giorgia Silani; Igor Riečanský; Allan Hummer; Christian Windischberger; Predrag Petrovic; Claus Lamm,Placebo analgesia and its opioidergic regulation suggest that empathy for pain is grounded in self pain,Proceedings of the National Academy of Sciences,112.0,41,E5638-46,2015.0,Helena Hartmann; Paul Forbes; Markus Rütgen; Claus Lamm,Placebo analgesia reduces costly prosocial helping to lower another’s pain,,,,,2022.0,102.0,,etasq,,,,,90.0,,etasq,0.34785054,0.07071068,,,,,,,"social cognition, empathy, placebo, expectation,Placebo empathy analgesia",yes,forrt.org team: CD,Neuroscience,Cognitive Neuroscience,"<a href=""https://doi.org/10.31234/osf.io/drfht"" target=""_blank"" style=""text-decoration:none; color:inherit;"">Hartmann H. <i>et al.</i> <i></i> 2022</a>","<a href=""https://doi.org/10.1073/pnas.1511269112"" target=""_blank"" style=""text-decoration:none; color:inherit;"">Rütgen M. <i>et al.</i> <i>Proceedings of the National Academy of Sciences</i> 2015</a>",failure,mainf_8c2a51dec6,human:forrt_cd,inconclusive,,
http://doi.org/10.1111/j.1467-9280.2008.02136.x,http://doi.org/10.3389/fpsyg.2014.00786,Measuring the crowd within: Probabilistic representations within individuals.,success,Edward Vul; Harold Pashler,Measuring the Crowd Within,Psychological Science,19.0,7,645,2008.0,Sara Steegen; Laura Dewitte; Francis Tuerlinckx; Wolf Vanpaemel,Measuring the crowd within again: a pre-registered replication study,Frontiers in Psychology,5.0,,786,2014.0,173.0,,,,,,,140.0,,,0.28771881,0.322727228,,,,,,,"Crowding, Humans, Models, Statistical",yes,forrt.org team: CD,Decision Sciences,Management Science and Operations Research,"<a href=""https://doi.org/10.3389/fpsyg.2014.00786"" target=""_blank"" style=""text-decoration:none; color:inherit;"">Steegen S. <i>et al.</i> <i>Frontiers in Psychology</i> 2014</a>","<a href=""https://doi.org/10.1111/j.1467-9280.2008.02136.x"" target=""_blank"" style=""text-decoration:none; color:inherit;"">Vul E. <i>et al.</i> <i>Psychological Science</i> 2008</a>",success,mainf_5df2ffe3fd,human:forrt_cd,success,,
http://doi.org/10.1111/j.1467-9280.2008.02227.x,http://doi.org/10.1027/1864-9335/a000186,With a clean conscience: Cleanliness reduces the severity of moral judgments.,inconclusive,Simone Schnall; Jennifer Benton; Sophie Harvey,With a Clean Conscience,Psychological Science,19.0,12,1219,2008.0,David J. Johnson; Felix Cheung; M. Brent Donnellan,Does Cleanliness Influence Moral Judgments?,Social Psychology,45.0,3,209,2014.0,43.0,,,,,,,126.0,,,0.400010244,0.002839798,,,,,,,"Adult, Analysis of Variance, Communication, Conscience, Cues, Emotions [physiology], Female, Great Britain, Humans, Intuition [physiology], Judgment [physiology], Male, Morals, Social Behavior, Social Perception, Students [psychology], Young Adult",yes,forrt.org team: CD,Neuroscience,Cognitive Neuroscience,"<a href=""https://doi.org/http://dx.doi.org/10.1027/1864-9335/a000186"" target=""_blank"" style=""text-decoration:none; color:inherit;"">Johnson D. <i>et al.</i> <i>Social Psychology</i> 2014</a>","<a href=""https://doi.org/10.1111/j.1467-9280.2008.02227.x"" target=""_blank"" style=""text-decoration:none; color:inherit;"">Schnall S. <i>et al.</i> <i>Psychological Science</i> 2008</a>",failure,mainf_fc2d5dc9fe,human:forrt_cd,,,"same (original, replication) pair appears on several rows: multi-effect, not a duplicate"
http://doi.org/10.1037/0022-3514.86.5.680,http://doi.org/10.1016/j.jesp.2020.104052,People in joint evaluation did not consistently overpredict happiness for ‎quantitatively different scenarios,failure,Christopher K. Hsee; Jiao Zhang,Distinction Bias: Misprediction and Mischoice Due to Joint Evaluation.,Journal of Personality and Social Psychology,86.0,5,680-695,2004.0,Farid Anvari; Jerome Olsen; Wing Yiu Hung; Gilad Feldman,Misprediction of affective outcomes due to different evaluation modes: Replication and extension of two distinction bias experiments by Hsee and Zhang (2004),Journal of Experimental Social Psychology,92.0,,104052,2021.0,,,,,,,,,,,,,,,,,,,,yes,Dan Elton,Decision Sciences,General Decision Sciences,"<a href=""https://doi.org/10.1016/j.jesp.2020.104052"" target=""_blank"" style=""text-decoration:none; color:inherit;"">Anvari F. <i>et al.</i> <i>Journal of Experimental Social Psychology</i> 2021</a>","<a href=""https://doi.org/10.1037/0022-3514.86.5.680"" target=""_blank"" style=""text-decoration:none; color:inherit;"">Hsee C. <i>et al.</i> <i>Journal of Personality and Social Psychology</i> 2004</a>",inconclusive,mainf_e0e12977e6,human:dan_elton,,,"same (original, replication) pair appears on several rows: multi-effect, not a duplicate"
https://doi.org/10.1037/0022-3514.71.2.230,https://doi.org/10.1371/journal.pone.0029081,Hearing about old age makes people walk slower,failure,John A. Bargh; Mark Chen; Lara Burrows,Automaticity of social behavior: Direct effects of trait construct and stereotype activation on action,PLoS ONE,8.0,9,e74557,1996,Stéphane Doyen; Olivier Klein; Cora-Lise Pichon; Axel Cleeremans,"Behavioral Priming: It's All in the Mind, but Whose Mind?
",PLoS ONE,7.0,1,e29081,2012.0,30.0,0.73,d,,,,,120.0,0.1,d,0.342874187129986,0.0499376169438922,,,,,social psychology,,,yes,Dan Elton,,,"<a href=""https://doi.org/10.1371/journal.pone.0029081"" target=""_blank"" style=""text-decoration:none; color:inherit;"">Doyen S. <i>et al.</i> <i>PLoS ONE</i> 2012</a>",Giancardo L. <i>et al.</i> <i>PLoS ONE</i> 2013,inconclusive,mainf_4a16210cbe,human:dan_elton,,,"original_year 2013 -> 1996 (Bargh, Chen & Burrows 1996)"
http://doi.org/10.1037/0022-3514.37.10.1660,http://doi.org/10.1177/2515245918777487,The paper demonstrated that the ease with which a social category (like a personality trait) comes to mind influences how information is interpreted and stored.,failure,Thomas K. Srull; Robert S. Wyer,"The role of category accessibility in the interpretation of
information about persons: Some determinants and implications",Journal of Personality and Social Psychology,37.0,10,1660,1979.0,McCarthy et al. 2018,"Registered Replication Report on Srull and Wyer (1979)
",Advances in Methods and Practices in Psychological Science,1.0,3,321,2018.0,96.0,2.6,d,,,,,1402.0,-0.08,,0.7926239891046,,,,,,social psychology,,,yes,Dan Elton,,,"<a href=""https://doi.org/10.1177/2515245918777487"" target=""_blank"" style=""text-decoration:none; color:inherit;"">2018 M. <i>et al.</i> <i>Advances in Methods and Practices in Psychological Science</i> 2018</a>","<a href=""https://doi.org/10.1037/0022-3514.37.10.1660"" target=""_blank"" style=""text-decoration:none; color:inherit;"">Srull T. <i>et al.</i> <i>Journal of Personality and Social Psychology</i> 1979</a>",inconclusive,mainf_3dc6d2cee6,human:dan_elton,failure,,
https://doi.org/10.1037/0022-3514.74.4.865,http://doi.org/10.1177/1745691618755704,"Priming a stereotype can automatically influence a person's behavior, even leading to complex actions. For instance, priming participants with the stereotype of ""professors"" or ""intelligent"" enhanced their general knowledge performance",failure,Ap Dijksterhuis; Ad van Knippenberg,"The relation between perception and behavior, or how to win a
game of trivial pursuit",Journal of Personality and Social Psychology,74.0,4,865-877,1998.0,O’Donnell et al. 2018,Registered replication report: Dijksterhuis and van Knippenberg (1998),Perspectives on Psychological Science,13.0,2,268,2018.0,60.0,,,,,,,4493.0,0.02,d,,0.0099995000374968,,,,,social psychology,,priming,yes,Dan Elton,,,"<a href=""https://doi.org/10.1177/1745691618755704"" target=""_blank"" style=""text-decoration:none; color:inherit;"">2018 O. <i>et al.</i> <i>Perspectives on Psychological Science</i> 2018</a>",Dijksterhuis A. <i>et al.</i> <i>Journal of Personality and Social Psychology</i> 1998,inconclusive,mainf_2d568f212f,human:dan_elton,,,
http://doi.org/10.14695/kjsos.2015.18.4.15,http://doi.org/10.1027/1864-9335/a000186,"Participants who cleansed their hands before judging moral scenarios rated the behaviors as less immoral—that is, cleanliness made moral judgments less severe.",failure,David J. Johnson; Felix Cheung; Brent Donnellan,"Cleanliness Reduces the Severity of
Moral Judgment",Korean Society for Emotion and Sensibility,18.0,4,15-24,2013.0,Johnson et al.,"Replication Does Cleanliness Influence Moral Judgments?
",Social Psychology,45.0,3,209-215,2014.0,40.0,-0.6,,,,,,208.0,-0.01,d,,-0.0049999375011718,,,,,social psychology,,priming,yes,Dan Elton,,,"<a href=""https://doi.org/10.1027/1864-9335/a000186"" target=""_blank"" style=""text-decoration:none; color:inherit;"">al. J. <i>et al.</i> <i>Social Psychology</i> 2014</a>","<a href=""https://doi.org/10.14695/kjsos.2015.18.4.15"" target=""_blank"" style=""text-decoration:none; color:inherit;"">Johnson D. <i>et al.</i> <i>Korean Society for Emotion and Sensibility</i> 2013</a>",inconclusive,mainf_e1dc8d815b,human:dan_elton,failure,,
http://doi.org/10.1509/jmkr.45.6.633,http://doi.org/10.1177/2515245918781032,"When participants had more opportunity to cheat on a math task, they cheat—but only a little—suggesting people balance gaining from dishonesty with maintaining a positive self-concept as honest individuals",failure,Nina Mažar; On Amir; Dan Ariely,"The Dishonesty of Honest People: A Theory of Self-Concept
Maintenance", Journal of Marketing Research,45.0,6,633,2008.0,Verschuere et al. 2018,"Registered replication report on Mazar, Amir, and Ariely (2008)",Advances in Methods and Practices in Psychological Science,1.0,3,299-317,2018.0,229.0,-1.45,d,,,,,5786.0,0.11,d,-0.586967571460931,0.0549170007571355,"[-0.09, 0.31]",,,,social psychology,,,yes,Dan Elton,,,"<a href=""https://doi.org/10.1177/2515245918781032"" target=""_blank"" style=""text-decoration:none; color:inherit;"">2018 V. <i>et al.</i> <i>Advances in Methods and Practices in Psychological Science</i> 2018</a>","<a href=""https://doi.org/10.1509/jmkr.45.6.633"" target=""_blank"" style=""text-decoration:none; color:inherit;"">Mažar N. <i>et al.</i> <i> Journal of Marketing Research</i> 2008</a>",reversal,mainf_9a8b122d8c,human:dan_elton,failure,,
https://doi.org/10.1111/j.1467-9280.2008.02084.x,https://doi.org/10.1371/journal.pone.0042510,"Priming people with cues of physical spatial distance (versus closeness) leads to reduced emotional engagement and altered evaluations—in this case, greater enjoyment of embarrassing media and less distress from violent media.",failure,Lawrence E. Williams; John A. Bargh,Keeping One's Distance,Psychological Science,19.0,3,302,2008.0,Pashler 2021,Priming of Social Distance? Failure to Replicate Effects on Social and Food Judgments,PLoS ONE,7.0,8,e42510,2012.0,73.0,0.31,d,,,,,92.0,0.009,d,0.153170954413191,0.0044999544381919,,,,,social psychology,,,yes,Dan Elton,,,"<a href=""https://doi.org/10.1371/journal.pone.0042510"" target=""_blank"" style=""text-decoration:none; color:inherit;"">2021 P. <i>et al.</i> <i>PLoS ONE</i> 2012</a>","<a href=""https://doi.org/10.1111/j.1467-9280.2008.02084.x"" target=""_blank"" style=""text-decoration:none; color:inherit;"">Williams L. <i>et al.</i> <i>Psychological Science</i> 2008</a>",inconclusive,mainf_ded11be2a9,human:dan_elton,failure,,
http://doi.org/10.1037/0022-3514.82.6.956,http://doi.org/10.1177/1745691616664694,There is a causal link between subjective commitment to a relationship and how people responded to hypothetical betrayals of that relationship.,failure,Eli J. Finkel; Caryl E. Rusbult; Madoka Kumashiro; Peggy A. Hannon,"Dealing with betrayal in close relationships: Does commitment
promote forgiveness?",Journal of Personality and Social Psychology,82.0,6,956,2002.0,I. Cheung; L. Campbell; E. P. LeBel; R. A. Ackerman; B. Aykutoğlu; Š. Bahník; J. D. Bowen; C. A. Bredow; C. Bromberg; P. A. Caprariello; R. J. Carcedo; K. J. Carson; R. J. Cobb; N. L. Collins; C. A. Corretti; T. E. DiDonato; C. Ellithorpe; N. Fernández-Rouco; P. T. Fuglestad; R. M. Goldberg; F. D. Golom; E. Gündoğdu-Aktürk; L. B. Hoplock; P. Houdek; H. S. Kane; J. S. Kim; S. Kraus; C. T. Leone; N. P. Li; J. M. Logan; R. D. Millman; M. M. Morry; J. C. Pink; T. Ritchey; L. M. Root Luna; H. C. Sinclair; D. A. Stinson; T. A. Sucharyna; N. D. Tidwell; A. Uysal; M. Vranka; L. A. Winczewski; J. C. Yong,"Registered Replication Report: Study 1 from Finkel, Rusbult, Kumashiro, & Hannon",Perspectives on Psychological Science,11.0,5,750-764,2016.0,89.0,-0.65,,,,,,2284.0,-0.22,,,,,,,,psychology,,,yes,Dan Elton,,,"<a href=""https://doi.org/10.1177/1745691616664694"" target=""_blank"" style=""text-decoration:none; color:inherit;"">Cheung I. <i>et al.</i> <i>Perspectives on Psychological Science</i> 2016</a>","<a href=""https://doi.org/10.1037/0022-3514.82.6.956"" target=""_blank"" style=""text-decoration:none; color:inherit;"">Finkel E. <i>et al.</i> <i>Journal of Personality and Social Psychology</i> 2002</a>",inconclusive,mainf_5573c20497,human:dan_elton,failure,,
http://doi.org/10.3386/w8460,http://doi.org/10.1257/mac.6.3.1,"Regions that were relatively prosperous in 1500 (measured by urbanization and population density) are now relatively poor, and vice versa, demonstrating a reversal of fortune in economic development",failure,Daron Acemoğlu; Simon Johnson; Robinson James,Reversal of Fortune: Geography and Institutions in the Making of the Modern World Income Distribution,SSRN Electronic Journal,117,4,1231-1294,2001,Areendam Chanda; C. Justin Cook; Louis Putterman,"Persistence of Fortune: Accounting for Population Movements, There Was No Post-Columbian Reversal",American Economic Journal: Macroeconomics,6,3,1,2014,,,,,,,,,,,,,,,,,,,,yes,Dan Elton,,,,,,mainf_86241f5ed5,human:dan_elton,failure,,
http://doi.org/10.2139/ssrn.901642,http://doi.org/10.1111/j.1540-6261.2012.01744.x,Board independence requirements cause CEO pay to decrease by 17% more in noncompliant firms than in compliant firms,failure,Vidhi Chhaochharia; Yaniv Grinstein,CEO Compensation and Board Structure,SSRN Electronic Journal,,,,2008,Katherine Guthrie; Jan Sokolowsky; Kam-Ming Wan,CEO Compensation and Board Structure Revisited,The Journal of Finance,67,3,1149,2012,,,,,,,,,,,,,,,,,,,,yes,Dan Elton,,,,,,mainf_0715da0871,human:dan_elton,failure,,
http://doi.org/10.1162/qjec.2009.124.3.1057,http://doi.org/10.23846/rps0002,"Introduction of cable television in rural Indian villages reduces women's tolerance of spousal beatings, increases female autonomy, reduces son preference and fertility rates, and increases school enrollment",failure,Robert Jensen; Emily Oster,The Power of TV: Cable Television and Women's Status in India,Quarterly Journal of Economics,124,3,1057-1094,2009,Vegard Iversen; Richard Palmer‐Jones,"TV, female empowerment and demographic change in rural India",,,,,2014,,,,,,,,,,,,,,,,,,,,yes,Dan Elton,,,,,,mainf_62b2a670fc,human:dan_elton,failure,,
http://doi.org/10.1353/dem.2005.0037,http://doi.org/10.1177/1091142114537893,"New Jersey's 2004 tax increase on incomes over $500,000 had no significant effect on net out-migration of millionaire taxpayers",failure,Guy Stecklov; Paul Winters; Marco Stampini; Benjamin Davis,Millionaire Migration and State Taxation of Top Incomes: Evidence from a Natural Experiment,Demography,42,4,769,2005,Roger Cohen; Andrew Lai; Charles Steindel,A Replication of ‘‘Millionaire Migration and State Taxation of Top Incomes: Evidence from a Natural Experiment’’ (National Tax Journal 2011),Public Finance Review,43,2,206,2014,,,,,,,,,,,,,,,,,,,,yes,Dan Elton,,,,,,mainf_a7f158b2c0,human:dan_elton,failure,,
http://doi.org/10.1162/003465398557744,http://doi.org/10.1007/s00181-005-0242-z,The Hotelling Valuation Principle (that the present discounted value of mineral reserves equals current market price minus extraction costs) accurately predicts gold mine values,failure,Robert D. Cairns; Graham A. Davis,On using current information to value hard-rock mineral properties,Review of Economics and Statistics,80,4,658,1998,Joseph G. Eisenhauer,A test of Hotelling’s Valuation Principle for nonrenewable resources,Empirical Economics,30,2,465,2005,,,,,,,,,,,,,,,,,,,,yes,Dan Elton,,,,,,mainf_4b29ee1c0d,human:dan_elton,failure,,
http://doi.org/10.1162/003355304772839533,http://doi.org/10.1007/s00181-018-1457-0,"Deregulation of the German Trade and Crafts Code in 2004 caused uniform increases in market entry across fully and partially deregulated trades, with no change in exit probabilities",failure,Timothy Besley; Robin Burgess,Entry regulation and entrepreneurship: a natural experiment in German craftsmanship,The Quarterly Journal of Economics,119,1,91,2004,Petrik Runst; Jörg Thomä; Katarzyna Haverkamp; Klaus Müller,A replication of ‘Entry regulation and entrepreneurship: a natural experiment in German craftsmanship’,Empirical Economics,56,6,2225,2018,,,,,,,,,,,,,,,,,,,,yes,Dan Elton,,,,,,mainf_820e3ec4ea,human:dan_elton,failure,,
