gt_result,n_ext_rows_in_paper,original_title,reason,replication_doi,row_id
inconclusive,,Treatment Integrity of Interventions With Children in the School Psychology Lite,paper not downloaded/converted,10.1002/pits.22364,flora_222
success,,Good and bad shopping vibes: Spending and patronage satisfaction,not yet extracted,10.1007/s11002-025-09794-2,flora_19
success,,Neonatal recognition of the mother's face,paper not downloaded/converted,10.1016/0163-6383(95)90009-8,flora_511
inconclusive,,COVCOG 2: Cognitive and Memory Deficits in Long COVID: A Second Publication From,paper not downloaded/converted,10.1016/j.cortex.2025.05.019,flora_531
success,,A risk reduction strategy to prevent maternal deaths associated with unsafe abor,pipeline says no replications,10.1016/j.ijgo.2016.06.008,flora_484
failure,,Experiencing Physical Warmth Promotes Interpersonal Warmth,paper not downloaded/converted,10.1027/1864-9335/a000187,flora_34
success,,The Symptoms of Resource Scarcity,paper not downloaded/converted,10.1027/1864-9335/a000210,flora_530
failure,,Experiencing Physical Warmth Promotes Interpersonal Warmth,paper not downloaded/converted,10.1027/1864-9335/a000361,flora_523
success,,Incrimination through innuendo: Can media questions become public answers?,paper not downloaded/converted,10.1027/1864-9335/a000540,flora_519
success,,"Personality traits below facets: The consensual validity, longitudinal stability",paper not downloaded/converted,10.1037/pspp0000202,flora_293
inconclusive,,Fighting COVID-19 Misinformation on Social Media: Experimental Evidence for a Sc,paper not downloaded/converted,10.1037/tmb0000086,flora_296
success,1,Resting-state fMRI in the Human Connectome Project,no matching experiment row,10.1038/s41598-018-35209-6,flora_300
inconclusive,,"Relationships between reading, tracing and writing skills in introductory progra",paper not downloaded/converted,10.1080/08993408.2022.2079866,flora_313
success,,Unconscious Bias in Citizens’ Evaluations of Public Sector Performance,paper not downloaded/converted,10.1111/padm.13031,flora_70
success,1,The Prevalence and Correlates of Eating Disorders in the National Comorbidity Su,no matching experiment row,10.1176/ps.62.4.pss6204_0367,flora_398
failure,1,"Temporal Influences on Cheating Behavior: The ""What the Hell"" Effect",no matching experiment row,10.1177/2515245918781032,flora_106
inconclusive,,High in the hierarchy: How vertical location and judgments of leaders’ power are,paper not downloaded/converted,10.1525/collabra.216,flora_92
