replication_doi,penalized,ext_index,original_url,original_title,description,result
10.1002/cpp.70057,True,0,,"Interaction among alliance, psychodynamic-interpersonal and cognitive-behavioura",Psychodynamic-interpersonal technique and working alliance interact to predict patient-rated post-session change,inconclusive
10.1007/s00181-018-1457-0,True,0,,Entry regulation and entrepreneurship: a natural experiment in German craftsmans,The 2004 deregulation of the German Trade and Crafts Code increases self-employment probabilities in fully deregulated B1 crafts trades,inconclusive
10.1007/s00181-018-1457-0,True,1,,Entry regulation and entrepreneurship: a natural experiment in German craftsmans,The 2004 deregulation of the German Trade and Crafts Code increases self-employment probabilities in partially deregulated A crafts trades,inconclusive
10.1007/s00181-018-1457-0,True,2,,Entry regulation and entrepreneurship: a natural experiment in German craftsmans,The 2004 deregulation of the German Trade and Crafts Code increases market entry probabilities in fully deregulated B1 crafts trades,success
10.1007/s00181-018-1457-0,True,3,,Entry regulation and entrepreneurship: a natural experiment in German craftsmans,The 2004 deregulation of the German Trade and Crafts Code increases market entry probabilities in partially deregulated A crafts trades,failure
10.1007/s00181-018-1457-0,True,4,,Entry regulation and entrepreneurship: a natural experiment in German craftsmans,The 2004 deregulation of the German Trade and Crafts Code does not change exit probabilities in fully deregulated B1 crafts trades,failure
10.1007/s10899-020-09932-7,True,1,,Increased urge to gamble following near-miss outcomes may drive purchasing behav,"The urge to continue gambling following near-miss outcomes is associated with the decision to purchase additional scratch cards (specifically, a positive correl",failure
10.1007/s40732-024-00597-x,True,0,https://doi.org/10.1002/jeab.727,Effects of immediate-reinforcement training on delay discounting behavior in rat,Extended exposure to immediate reinforcement increases impulsive choice in a subsequent delay-discounting task,success
10.1016/j.intell.2020.101471,True,1,https://doi.org/10.1111/j.1467-8624.2007.00995.x,Implicit theories of intelligence predict achievement across an adolescent trans,Growth mindset predicts improvement in mathematics grades across the challenging transition to junior high school,failure
10.1016/j.jenvp.2024.102289,True,1,https://doi.org/10.1016/j.jenvp.2022.101868,Perceived responsibility to address climate change consistently relates to incre,Perceived responsibility to address climate change relates to increased belief that climate change is caused by humans,success
10.1016/j.jesp.2020.103972,True,2,https://doi.org/10.1086/670020,"Selling the forest, buying the trees: The effect of construal level on seller-bu",Sellers price an object higher than buyers when they are owners versus non-owners,failure
10.1016/j.jesp.2020.103972,True,4,https://doi.org/10.1016/S0749-5978(02)00013-4,Beyond mere ownership: Transaction demand as a moderator of the endowment effect,Participants offer higher prices when they own a product compared to when they do not own it,success
10.1016/j.jesp.2020.103977,True,1,https://doi.org/10.1016/0022-1031(91)90011-T,Omission and commission in judgment and choice,Harm caused through commission (action) is judged as more immoral and responsible than harm caused through omission (inaction) in the Eyewitness scenario,success
10.1016/j.jesp.2021.104222,True,1,https://doi.org/10.1023/A:1007744326393,Insensitivity to the value of human life: A study of psychophysical numbing,"People judge an intervention to be more beneficial if it saves a higher percentage of total lives (4500 out of 11,000 vs. 4500 out of 250,000), even though the ",reversal
10.1016/j.jesp.2021.104222,True,2,https://doi.org/10.1023/A:1007744326393,Insensitivity to the value of human life: A study of psychophysical numbing,"People judge an intervention to be more beneficial if it saves a higher percentage of total lives (4500 out of 11,000 vs. 4500 out of 250,000), even though the ",reversal
10.1016/j.jesp.2021.104222,True,3,https://doi.org/10.1023/A:1007744326393,Insensitivity to the value of human life: A study of psychophysical numbing,"People perceive sending aid to save 1500 lives in a smaller camp (11,000 total refugees) as more beneficial than sending aid to save 1500 lives in a larger camp",success
10.1016/j.jesp.2021.104222,True,4,https://doi.org/10.1023/A:1007744326393,Insensitivity to the value of human life: A study of psychophysical numbing,"People perceive sending aid to save 1500 lives in a smaller camp (11,000 total refugees) as more beneficial than sending aid to save 1500 lives in a larger camp",success
10.1016/j.jesp.2024.104712,True,1,https://doi.org/10.1016/j.jesp.2012.11.012,"Black and White"" thinking: Visual contrast polarizes moral judgment",Exposure to a black-and-white checkered background (versus gray or blue-and-yellow backgrounds) polarizes participants' moral judgments in the Heinz Dilemma tas,failure
10.1016/j.jesp.2024.104712,True,2,https://doi.org/10.1016/j.jesp.2012.11.012,"Black and White"" thinking: Visual contrast polarizes moral judgment",Exposure to a black-and-white checkered background (versus gray or blue-and-yellow backgrounds) polarizes participants' moral judgments in the Heinz Dilemma tas,failure
10.1016/j.joep.2020.102349,True,1,,Money illusion,People rank sellers based on nominal profit rather than real profit when evaluating real estate transactions,success
10.1016/j.joep.2020.102349,True,2,,Money illusion,People demonstrate money illusion in decisions to buy or sell furniture during periods of high inflation,success
10.1016/j.joep.2020.102349,True,3,,Money illusion,People are more risk-averse in real terms and more risk-seeking in nominal terms when choosing between contracts with different framing of inflation-adjusted re,success
10.1016/j.joep.2020.102350,True,0,https://doi.org/10.1111/j.1467-9280.1992.tb00678.x,The disjunction effect in choice under uncertainty,"Participants are willing to pay a fee to postpone a decision about a vacation package when the outcome of an exam is uncertain, despite being willing to purchas",success
10.1016/j.xjmad.2024.100075,True,0,,Converging multi-modal evidence for implicit threat-related bias in pediatric an,Treatment-seeking youth with anxiety disorders dwell longer on negative-valence faces compared to healthy peers when viewing face matrices,failure
10.1016/j.xjmad.2024.100075,True,1,,Attention bias to negative versus non-negative faces is related to negative affe,Greater latent negative affectivity is related to longer gaze duration on negative compared to non-negative valence faces among transdiagnostic youth,inconclusive
10.1017/s1930297500007774,True,1,https://doi.org/10.1037/pspa0000032,Less is more? Think again! A cognitive fluencybased more-less asymmetry in compa,Study 6: More-than framing elicits higher proportion of 'true' responses compared to less-than statements for gender comparison statements,failure
10.1017/s1930297500007774,True,2,https://doi.org/10.1037/pspa0000032,Less is more? Think again! A cognitive fluencybased more-less asymmetry in compa,Study 7: Warning participants not to base responses on fluency reduces the more-credible effect,failure
10.1027/1618-3169/a000567,True,1,https://doi.org/10.3758/s13414-019-01723-6,Standing enhances cognitive control and alters visual search,"Standing (vs. sitting) reduces switch costs in a task-switching paradigm, improving cognitive control",failure
10.1027/1618-3169/a000567,True,2,https://doi.org/10.3758/s13414-019-01723-6,Standing enhances cognitive control and alters visual search,Standing (vs. sitting) leads to steeper search slopes in a visual search task,failure
10.1037/0022-3514.90.6.893,True,1,,Automaticity of social behavior: direct effects of trait construct and stereotyp,Priming with elderly-related words causes participants to walk more slowly,success
10.1037/pspa0000214,True,1,https://doi.org/10.1037/0096-3445.135.4.641,Seeing the forest when entry is unlikely: probability and the mental representat,"Subjectively unlikely (vs. likely) future events are more abstractly (vs. concretely) construed, as measured by visual abstraction tests",failure
10.1037/xap0000321,True,1,https://doi.org/10.1037/0021-9010.77.4.419,Deescalation strategies: a comparison of techniques for reducing commitment to l,"Process accountability (being held responsible for decision strategies) decreases escalating commitment to a failing course of action, while outcome accountabil",failure
10.1038/s41467-024-46936-y,True,2,,Dopamine-dependent prefrontal reactivations explain long-term benefit of fear ex,L-DOPA administration increases the number of spontaneous post-extinction vmPFC reactivations compared to placebo,failure
10.1038/s41598-020-66915-9,True,0,https://doi.org/10.1080/02640414.2012.747690,Right-left digit ratio (2D:4D) predicts free testosterone levels associated with,Lower right 2D:4D ratio predicts greater testosterone increase in response to physical exercise,failure
10.1038/s41598-020-66915-9,True,1,https://doi.org/10.1016/j.earlhumdev.2015.04.011,"Digit ratio (2D:4D) and salivary testosterone, oestradiol and cortisol levels un",Lower right minus left 2D:4D ratio predicts greater testosterone increase in response to combined physical exercise and psychological challenge,failure
10.1073/pnas.2402315121,True,1,https://doi.org/10.1073/pnas.2218961120,Thinking about God increases acceptance of artificial intelligence in decision-m,Thinking about God increases people's willingness to rely on guidance from artificial intelligence in decision-making,failure
10.1073/pnas.2402315121,True,2,https://doi.org/10.1073/pnas.2218961120,Thinking about God increases acceptance of artificial intelligence in decision-m,Thinking about God increases people's willingness to rely on guidance from artificial intelligence in decision-making,failure
10.1073/pnas.2402315121,True,3,https://doi.org/10.1073/pnas.2218961120,Thinking about God increases acceptance of artificial intelligence in decision-m,Thinking about God increases people's willingness to rely on guidance from artificial intelligence in decision-making,failure
10.1073/pnas.2402315121,True,4,https://doi.org/10.1073/pnas.2218961120,Thinking about God increases acceptance of artificial intelligence in decision-m,Thinking about God increases people's willingness to rely on guidance from artificial intelligence in decision-making,failure
10.1080/02699931.2018.1504747,True,1,,Norm theory: Comparing reality to its alternatives,A person who has a car accident while taking an unusual route home experiences stronger regret than someone who has the same accident on their normal route,success
10.1080/02732173.1991.9981978,True,0,,The enduring south: subcultural persistence in mass society,"White southern college students hold distinct regional stereotypes, viewing white southerners as traditional, religious, family-oriented, and courteous compared",success
10.1080/10926771.2022.2038753,True,0,https://doi.org/10.1007/s10862-013-9404-z,Negative life events and posttraumatic stress disorder among incarcerated boys w,Individuals in the secondary callous-unemotional (CU) variant group demonstrate higher posttraumatic stress symptoms (PTSS) compared to the primary CU variant g,success
10.1109/iccq60895.2024.10576941,True,1,,The role of method chains and comments in software readability and comprehension,"Comment type (good vs. bad vs. none) significantly affects perceived readability, with good comments rated highest",failure
10.1109/iccq60895.2024.10576941,True,2,,The role of method chains and comments in software readability and comprehension,Comment type does not significantly affect code comprehension as measured by Cloze test,failure
10.1111/padm.12860,True,1,,An experimental test of the expectancy-disconfirmation theory of citizen satisfa,Expectations and perceived performance of street cleanliness jointly affect citizen satisfaction with government performance through the expectancy-disconfirmat,success
10.1111/pops.12446,True,1,,Motivating voter turnout by invoking the self,Study 3: Describing someone as a voter (noun) instead of one who votes (verb) increases voter turnout rates in the 2009 New Jersey gubernatorial election,failure
10.1177/0956797617719730,True,0,https://doi.org/10.1111/j.1467-9280.2008.02061,Affective flexibility: Evaluative processing goals shape amygdala activity,Evaluative processing goals shape amygdala activity such that positivity ratings better predict amygdala activation in the positive condition whereas negativity,success
10.1177/0956797617747090,True,4,,Action anticipation through attribution of false belief by 2-year-olds,False Belief 2 condition: Participants show anticipatory looking to the location where a protagonist believes an object to be when the object is transferred and,reversal
10.1177/1091142114537893,True,0,,Millionaire migration and state taxation of top incomes: evidence from a natural,"New Jersey's 2004 income tax increase on incomes over $500,000 had no significant effect on net out-migration of affected taxpayers relative to other affluent t",failure
10.1177/1948550619900570,True,1,,Inaction inertia: foregoing future benefits as a result of an initial failure to,"Car scenario: missing an attractive initial factory rebate opportunity decreases the likelihood of purchasing a car with a subsequent, less attractive rebate",success
10.1177/1948550619900570,True,2,,Inaction inertia: foregoing future benefits as a result of an initial failure to,Frequent flyer scenario: missing an opportunity to join a frequent flyer program earlier and accumulate more miles decreases the likelihood of joining the progr,failure
10.1177/1948550619900570,True,3,,Inaction inertia: foregoing future benefits as a result of an initial failure to,Fitness center scenario: missing an opportunity to join a fitness club closer to home decreases the likelihood of joining a club that is farther away,inconclusive
10.1177/1948550620948973,True,1,,Global self-evaluation as determined by the desirability and controllability of ,The effect of trait desirability on self-other rating differences is stronger for more controllable traits (desirability × controllability interaction),success
10.1177/19485506211056761,True,0,https://doi.org/10.1177/1948550609360261,Not pollyannas: higher generalized trust predicts lie detection ability,"Higher generalized trust predicts improved lie detection accuracy, particularly for detecting lies",failure
10.1177/2515245920927643,True,1,,A social functional approach to emotions in bargaining: When communicating anger,"When consequences of rejection are low, expressing anger rather than happiness results in a lower offer from a negotiation partner",success
10.1177/2515245920927643,True,2,,A social functional approach to emotions in bargaining: When communicating anger,"When consequences of rejection are low, expressing anger rather than happiness results in a lower offer from a negotiation partner",inconclusive
10.1177/25152459231213375,True,1,https://doi.org/10.1037/0022-3514.45.4.782,Dissonance arousal: Physiological evidence,Writing a counterattitudinal essay under high choice produces greater attitude change than writing a pro-attitudinal essay under high choice,success
10.1257/mac.6.3.1,True,0,https://doi.org/10.1162/003355302320935025,Reversal of fortune: geography and institutions in the making of the modern worl,"Countries that were more urbanized and densely populated in 1500 became poorer by 1995, demonstrating a reversal of fortune among colonized territories",failure
10.12688/openreseurope.17749.1,True,0,,Goal proximity and expended effort affect frustration responses,Goal proximity and expended effort independently increase response force and self-reported frustration when participants are blocked from obtaining a reward,inconclusive
10.1371/journal.pone.0313619,True,0,https://doi.org/10.1016/j.bodyim.2015.01.001,The influence of personal BMI on body size estimations ans sensitivity to body s,"Women with anorexia spectrum disorder show a different pattern in the regression of self-estimated BMI on actual BMI compared to healthy controls, with a regres",success
10.1371/journal.pone.0313619,True,1,https://doi.org/10.1038/s41598-017-15339-z,Body size estimation in women with anorexia nervosa and healthy controls using 3,Women with a current or past history of eating disorders show a different pattern in the regression of self-estimated BMI on actual BMI compared to healthy cont,success
10.1525/collabra.185,True,0,https://doi.org/10.3389/fpsyg.2018.00757,Contents of hopes and duties: A linguistic analysis,"Descriptions of pursuing hopes show more positive emotional tone and more references to reward and work, while descriptions of pursuing duties show more attenti",success
10.1525/collabra.23443,True,1,https://doi.org/10.1037/0022-3514.74.1.53,The disparity between the actual and assumed power of selfinterest,Smoking status determines support for smoking policy preferences,success
10.1525/collabra.277,True,1,https://doi.org/10.1016/j.jesp.2009.06.003,The semantic red effect: Processing the word red undermines intellectual perform,Processing the word red (compared to a control color) impairs performance on verbal analogy tests,failure
10.1525/collabra.277,True,2,https://doi.org/10.1016/j.jesp.2009.06.003,The semantic red effect: Processing the word red undermines intellectual perform,Processing the word red (compared to a control color) impairs performance on general knowledge tests,failure
10.1525/collabra.277,True,3,https://doi.org/10.1016/j.jesp.2009.06.003,The semantic red effect: Processing the word red undermines intellectual perform,Processing the word red (compared to a control color) impairs performance on general knowledge tests,failure
10.1525/collabra.37122,True,1,https://doi.org/10.1037/0022-3514.67.3.357,The temporal pattern to the experience of regret,"Study 3: In hypothetical scenarios, participants associate stronger regret with recent actions than recent inactions, but stronger regret with distant past inac",success
10.1525/collabra.37122,True,2,https://doi.org/10.1037/0022-3514.67.3.357,The temporal pattern to the experience of regret,"Study 4: In hypothetical scenarios, participants associate stronger regret with recent actions than recent inactions, and the temporal distance moderates action",success
10.1525/collabra.37122,True,3,https://doi.org/10.1037/0022-3514.67.3.357,The temporal pattern to the experience of regret,"Study 5: Participants experience stronger regret over their most regrettable recent action than recent inaction, and stronger regret over their most regrettable",failure
10.1525/collabra.57785,True,1,https://doi.org/10.1037/a0027407,"I am what I do, not what I have: the differential centrality of experiential and",Knowledge of a stranger's experiential purchases provides greater insight into the stranger's true self than knowledge of their material purchases,success
10.1525/collabra.57785,True,2,https://doi.org/10.1037/a0027407,"I am what I do, not what I have: the differential centrality of experiential and","When meeting a new person, information about their experiential purchases is more insightful, useful, and fun to talk about than information about their materia",success
10.1525/collabra.57785,True,3,https://doi.org/10.1037/a0027407,"I am what I do, not what I have: the differential centrality of experiential and","Deleting memories of experiential purchases has a greater impact on self-concept than deleting memories of material purchases, which is associated with greater ",success
10.1525/collabra.77859,True,1,https://doi.org/10.1002/(sici)1099-0771(199806)11:2,Less is better: When low-value options are valued more highly than high-value op,"When evaluating ice cream servings separately, people are willing to pay more for a smaller overfilled cup (7oz in 5oz cup) than a larger underfilled cup (8oz i",success
10.1525/collabra.77859,True,2,https://doi.org/10.1002/(sici)1099-0771(199806)11:2,Less is better: When low-value options are valued more highly than high-value op,"When evaluating ice cream servings jointly, people are willing to pay more for the larger amount (8oz in 10oz cup) than the smaller amount (7oz in 5oz cup)",success
10.1525/collabra.77859,True,3,https://doi.org/10.1002/(sici)1099-0771(199806)11:2,Less is better: When low-value options are valued more highly than high-value op,"When evaluating dinnerware sets separately, people are willing to pay more for a smaller set of 24 unbroken pieces than a larger set of 40 pieces with some brok",success
10.1525/collabra.77859,True,4,https://doi.org/10.1002/(sici)1099-0771(199806)11:2,Less is better: When low-value options are valued more highly than high-value op,"When evaluating dinnerware sets jointly, people are willing to pay more for the larger set of 40 pieces (with some broken) than the smaller set of 24 unbroken p",failure
10.1525/collabra.87489,True,1,https://doi.org/10.1016/s0022-1031(03)00065-9,The effort heuristic,Providing information that a painting took more time to complete (26 hours vs. 4 hours) increases ratings of quality and monetary value of that painting,success
10.1525/collabra.87489,True,2,https://doi.org/10.1016/s0022-1031(03)00065-9,The effort heuristic,Providing information that a poem took more time to compose (18 hours vs. 4 hours) increases ratings of quality and monetary value of that poem,inconclusive
10.1525/collabra.90203,True,1,https://doi.org/10.1016/j.obhdp.2006.01.005,Sympathy and callousness: the impact of deliberative thought on donations to ide,Study 3: Presenting statistical information alongside an identifiable victim reduces donations to the identifiable victim (implicit learning effect),failure
10.15626/mp.2020.2474,True,1,https://doi.org/10.1111/1467-9280.00350,Do frequency representations eliminate conjunction effects? an exercise in adver,"Frequency estimates for conjunctions (e.g., 'Republicans and artists') are higher than for the less likely constituent alone (e.g., 'Republicans'), demonstratin",failure
10.15626/mp.2022.3108,True,2,https://doi.org/10.1023/A:1015044207315,"Defaults, framing and privacy: why opting in-opting out","Participants are more inclined to be notified when participation is the default option (opt-out) compared to when non-participation is the default (opt-in), usi",inconclusive
10.20982/tqmp.20.1.r001,True,1,https://doi.org/10.3758/BF03211160,Articulatory rehearsal and phonological storage in working memory,Word length and phonological similarity effects are independent and additive (no interaction) when sequences are made more difficult,failure
10.20982/tqmp.20.1.r001,True,2,https://doi.org/10.3758/BF03211160,Articulatory rehearsal and phonological storage in working memory,Word length and irrelevant speech exert independent and additive effects on serial recall,failure
10.20982/tqmp.20.1.r001,True,3,https://doi.org/10.3758/BF03211160,Articulatory rehearsal and phonological storage in working memory,Articulatory suppression abolishes the phonemic similarity effect when items are presented at a slow pace but not at a fast pace,failure
10.20982/tqmp.20.1.r001,True,4,https://doi.org/10.3758/BF03211160,Articulatory rehearsal and phonological storage in working memory,Articulatory suppression has little or no impact on the phonological similarity effect even after a 10-second delay between presentation and recall,failure
10.23846/rps0002,True,1,,The power of TV: cable television and women's status in rural India,Cable television introduction increases female autonomy in rural India,inconclusive
10.23846/rps0002,True,2,,The power of TV: cable television and women's status in rural India,Cable television introduction reduces son preference in rural India,failure
10.23846/rps0002,True,3,,The power of TV: cable television and women's status in rural India,Cable television introduction reduces fertility rates in rural India,inconclusive
10.23846/rps0002,True,4,,The power of TV: cable television and women's status in rural India,Continued exposure to cable television increases total school enrollment in rural India,failure
10.2466/20.22.pms.114.1.185-188,True,0,,Choice without criteria of preference,"When evaluating ambiguous stimuli (pinto beans), people identify them as 'good' 61.8% of the time and 'bad' 38.2% of the time, reflecting an asymmetry in human ",success
10.31234/osf.io/68jft,True,1,,"If hierarchical, then corrupt: exploring people's tendency to associate hierarch",Taller organizational structures are associated with greater perceived corruption and lower trust-related behavior toward the organization,success
10.31234/osf.io/dca65,True,0,https://doi.org/10.1016/j.cognition.2009.02.001,Pushing moral buttons: the interaction between personal force and intention in m,Personal force (but not physical contact alone) increases the perceived moral unacceptability of sacrificing one person to save five in footbridge trolley dilem,success
10.31234/osf.io/fmdqe,True,1,https://doi.org/10.1177/01461672211025423,A cross-cultural investigation of metamotivational beliefs about regulatory focu,People believe that gain-framed incentives are more useful for eager tasks and loss-framed incentives are more useful for vigilant tasks,success
10.31234/osf.io/xr6bn,True,1,https://doi.org/10.1111/psyp.12132,Reliability of the ERN across multiple tasks as a function of increasing errors,ERN scores from a go/no-go task require at least 12 error trials to reach adequate internal consistency (α ≥ 0.7),success
10.31234/osf.io/xr6bn,True,2,https://doi.org/10.1111/psyp.12132,Reliability of the ERN across multiple tasks as a function of increasing errors,ERN scores from a Stroop task fail to reach adequate internal consistency (α ≥ 0.7) even with 20 error trials,failure
10.32714/ricl.10.01.08,True,0,,The acquisition of tense-aspect: Converging evidence from corpora and telicity r,Frequency and distinctiveness of verb forms in L1 English production predict L2 English learners' tense-aspect production,success
10.37237/150205,True,0,https://doi.org/10.1080/17501229.2020.1825445,Promoting positive feelings and motivation for language learning: the role of a ,"Using a confidence-building diary promotes positive feelings and supports students' basic psychological needs (competence, autonomy, relatedness) in language le",success
10.3758/s13423-024-02602-4,True,1,https://doi.org/10.3758/BF03194043,Visual working memory as the substrate for mental rotation,Spatial working memory does not interfere with mental rotation in a rotation-dependent manner,failure
10.70252/nkky8370,True,0,https://doi.org/10.1037/ebs0000028,Germs and the out-group: Chronic and situational disease concerns affect intergr,Pathogen threat interacts with individual differences in germ aversion to affect biased outgroup categorization of elderly targets displaying heuristic cues to ,inconclusive
